PERMNO,HdrCUSIP,Ticker,PERMCO,DlyCalDt,DlyPrc,DlyCap,DlyRet
16678,50104410,KR,21068,2020-01-02,28.660000,22944823.42,-0.011383
16678,50104410,KR,21068,2020-01-03,28.700000,22976846.90,0.001396
16678,50104410,KR,21068,2020-01-06,28.800000,23056905.60,0.003484
16678,50104410,KR,21068,2020-01-07,28.590000,22888782.33,-0.007292
16678,50104410,KR,21068,2020-01-08,28.420000,22752682.54,-0.005946
16678,50104410,KR,21068,2020-01-09,28.440000,22768694.28,0.000704
16678,50104410,KR,21068,2020-01-10,28.360000,22704647.32,-0.002813
16678,50104410,KR,21068,2020-01-13,28.420000,22752682.54,0.002116
16678,50104410,KR,21068,2020-01-14,28.840000,23088929.08,0.014778
16678,50104410,KR,21068,2020-01-15,28.290000,22648606.23,-0.019071
16678,50104410,KR,21068,2020-01-16,28.080000,22480482.96,-0.007423
16678,50104410,KR,21068,2020-01-17,28.150000,22536524.05,0.002493
16678,50104410,KR,21068,2020-01-21,28.410000,22744676.67,0.009236
16678,50104410,KR,21068,2020-01-22,28.370000,22712653.19,-0.001408
16678,50104410,KR,21068,2020-01-23,28.440000,22768694.28,0.002467
16678,50104410,KR,21068,2020-01-24,28.190000,22568547.53,-0.008790
16678,50104410,KR,21068,2020-01-27,28.330000,22680629.71,0.004966
16678,50104410,KR,21068,2020-01-28,28.330000,22680629.71,0.000000
16678,50104410,KR,21068,2020-01-29,27.450000,21976113.15,-0.031062
16678,50104410,KR,21068,2020-01-30,27.550000,22056171.85,0.003643
16678,50104410,KR,21068,2020-01-31,26.860000,21503766.82,-0.025045
16678,50104410,KR,21068,2020-02-03,26.980000,21599837.26,0.004468
16678,50104410,KR,21068,2020-02-04,27.390000,21928077.93,0.015196
16678,50104410,KR,21068,2020-02-05,28.080000,22480482.96,0.025192
16678,50104410,KR,21068,2020-02-06,28.050000,22456465.35,-0.001068
16678,50104410,KR,21068,2020-02-07,27.960000,22384412.52,-0.003209
16678,50104410,KR,21068,2020-02-10,28.140000,22528518.18,0.006438
16678,50104410,KR,21068,2020-02-11,28.440000,22768694.28,0.010661
16678,50104410,KR,21068,2020-02-12,28.690000,22968841.03,0.008790
16678,50104410,KR,21068,2020-02-13,28.630000,22920805.81,0.003486
16678,50104410,KR,21068,2020-02-14,28.230000,22600571.01,-0.013971
16678,50104410,KR,21068,2020-02-18,29.710000,23785439.77,0.052426
16678,50104410,KR,21068,2020-02-19,29.540000,23649339.98,-0.005722
16678,50104410,KR,21068,2020-02-20,29.780000,23841480.86,0.008125
16678,50104410,KR,21068,2020-02-21,30.310000,24265791.97,0.017797
16678,50104410,KR,21068,2020-02-24,30.270000,24233768.49,-0.001320
16678,50104410,KR,21068,2020-02-25,29.670000,23753416.29,-0.019822
16678,50104410,KR,21068,2020-02-26,28.750000,23016876.25,-0.031008
16678,50104410,KR,21068,2020-02-27,28.360000,22704647.32,-0.013565
16678,50104410,KR,21068,2020-02-28,28.130000,22520512.31,-0.008110
16678,50104410,KR,21068,2020-03-02,29.680000,23761422.16,0.055101
16678,50104410,KR,21068,2020-03-03,29.340000,23489222.58,-0.011456
16678,50104410,KR,21068,2020-03-04,30.960000,24786173.52,0.055215
16678,50104410,KR,21068,2020-03-05,33.470000,26795646.89,0.081072
16678,50104410,KR,21068,2020-03-06,32.040000,25650807.48,-0.042725
16678,50104410,KR,21068,2020-03-09,31.250000,25018343.75,-0.024657
16678,50104410,KR,21068,2020-03-10,32.600000,26099136.20,0.043200
16678,50104410,KR,21068,2020-03-11,30.590000,24489956.33,-0.061656
16678,50104410,KR,21068,2020-03-12,29.120000,23313093.44,-0.048055
16678,50104410,KR,21068,2020-03-13,30.710000,24586026.77,0.054602
16678,50104410,KR,21068,2020-03-16,31.100000,24898255.70,0.012699
16678,50104410,KR,21068,2020-03-17,33.000000,26419371.00,0.061093
16678,50104410,KR,21068,2020-03-18,33.910000,27147905.17,0.027576
16678,50104410,KR,21068,2020-03-19,34.180000,27364063.66,0.007962
16678,50104410,KR,21068,2020-03-20,31.770000,25434648.99,-0.070509
16678,50104410,KR,21068,2020-03-23,31.080000,24882243.96,-0.021719
16678,50104410,KR,21068,2020-03-24,30.150000,24137698.05,-0.029923
16678,50104410,KR,21068,2020-03-25,27.940000,22368400.78,-0.073300
16678,50104410,KR,21068,2020-03-26,29.000000,23217023.00,0.037938
16678,50104410,KR,21068,2020-03-27,29.130000,23321099.31,0.004483
16678,50104410,KR,21068,2020-03-30,29.650000,23737404.55,0.017851
16678,50104410,KR,21068,2020-03-31,30.120000,23734560.00,0.015852
16678,50104410,KR,21068,2020-04-01,30.500000,24034000.00,0.012616
16678,50104410,KR,21068,2020-04-02,31.600000,24900800.00,0.036066
16678,50104410,KR,21068,2020-04-03,32.290000,25444520.00,0.021835
16678,50104410,KR,21068,2020-04-06,32.630000,25712440.00,0.010530
16678,50104410,KR,21068,2020-04-07,31.860000,25105680.00,-0.023598
16678,50104410,KR,21068,2020-04-08,31.020000,24443760.00,-0.026365
16678,50104410,KR,21068,2020-04-09,31.060000,24475280.00,0.001289
16678,50104410,KR,21068,2020-04-13,31.330000,24688040.00,0.008693
16678,50104410,KR,21068,2020-04-14,32.090000,25286920.00,0.024258
16678,50104410,KR,21068,2020-04-15,32.030000,25239640.00,-0.001870
16678,50104410,KR,21068,2020-04-16,31.950000,25176600.00,-0.002498
16678,50104410,KR,21068,2020-04-17,31.930000,25160840.00,-0.000626
16678,50104410,KR,21068,2020-04-20,31.930000,25160840.00,0.000000
16678,50104410,KR,21068,2020-04-21,32.170000,25349960.00,0.007516
16678,50104410,KR,21068,2020-04-22,32.310000,25460280.00,0.004352
16678,50104410,KR,21068,2020-04-23,32.880000,25909440.00,0.017642
16678,50104410,KR,21068,2020-04-24,32.960000,25972480.00,0.002433
16678,50104410,KR,21068,2020-04-27,33.280000,26224640.00,0.009709
16678,50104410,KR,21068,2020-04-28,32.360000,25499680.00,-0.027644
16678,50104410,KR,21068,2020-04-29,31.520000,24837760.00,-0.025958
16678,50104410,KR,21068,2020-04-30,31.610000,25235116.47,0.002855
16678,50104410,KR,21068,2020-05-01,31.960000,25514530.92,0.011072
16678,50104410,KR,21068,2020-05-04,32.530000,25969577.31,0.017835
16678,50104410,KR,21068,2020-05-05,32.810000,26193108.87,0.008607
16678,50104410,KR,21068,2020-05-06,32.780000,26169159.06,-0.000914
16678,50104410,KR,21068,2020-05-07,32.680000,26089326.36,-0.003051
16678,50104410,KR,21068,2020-05-08,33.340000,26616222.18,0.020196
16678,50104410,KR,21068,2020-05-11,33.730000,26927569.71,0.011698
16678,50104410,KR,21068,2020-05-12,33.550000,26783870.85,-0.005336
16678,50104410,KR,21068,2020-05-13,34.100000,27222950.70,0.016393
16678,50104410,KR,21068,2020-05-14,32.780000,26169159.06,-0.034018
16678,50104410,KR,21068,2020-05-15,32.510000,25953610.77,-0.008237
16678,50104410,KR,21068,2020-05-18,32.260000,25754029.02,-0.007690
16678,50104410,KR,21068,2020-05-19,31.760000,25354865.52,-0.015499
16678,50104410,KR,21068,2020-05-20,32.300000,25785962.10,0.017003
16678,50104410,KR,21068,2020-05-21,32.120000,25642263.24,-0.005573
16678,50104410,KR,21068,2020-05-22,32.370000,25841844.99,0.007783
16678,50104410,KR,21068,2020-05-26,31.370000,25043517.99,-0.030893
16678,50104410,KR,21068,2020-05-27,33.280000,26568322.56,0.060886
16678,50104410,KR,21068,2020-05-28,32.060000,25594363.62,-0.036659
16678,50104410,KR,21068,2020-05-29,32.620000,25645452.56,0.017467
16678,50104410,KR,21068,2020-06-01,32.490000,25543248.12,-0.003985
16678,50104410,KR,21068,2020-06-02,33.000000,25944204.00,0.015697
16678,50104410,KR,21068,2020-06-03,32.680000,25692623.84,-0.009697
16678,50104410,KR,21068,2020-06-04,33.110000,26030684.68,0.013158
16678,50104410,KR,21068,2020-06-05,32.480000,25535386.24,-0.019027
16678,50104410,KR,21068,2020-06-08,33.010000,25952065.88,0.016318
16678,50104410,KR,21068,2020-06-09,32.920000,25881308.96,-0.002726
16678,50104410,KR,21068,2020-06-10,32.570000,25606143.16,-0.010632
16678,50104410,KR,21068,2020-06-11,32.700000,25708347.60,0.003991
16678,50104410,KR,21068,2020-06-12,32.260000,25362424.88,-0.013456
16678,50104410,KR,21068,2020-06-15,32.080000,25220911.04,-0.005580
16678,50104410,KR,21068,2020-06-16,32.530000,25574695.64,0.014027
16678,50104410,KR,21068,2020-06-17,32.810000,25794828.28,0.008607
16678,50104410,KR,21068,2020-06-18,31.810000,25008640.28,-0.030479
16678,50104410,KR,21068,2020-06-19,32.240000,25346701.12,0.013518
16678,50104410,KR,21068,2020-06-22,32.070000,25213049.16,-0.005273
16678,50104410,KR,21068,2020-06-23,32.100000,25236634.80,0.000935
16678,50104410,KR,21068,2020-06-24,32.820000,25802690.16,0.022430
16678,50104410,KR,21068,2020-06-25,32.780000,25771242.64,-0.001219
16678,50104410,KR,21068,2020-06-26,32.680000,25692623.84,-0.003051
16678,50104410,KR,21068,2020-06-29,34.130000,26832596.44,0.044370
16678,50104410,KR,21068,2020-06-30,33.850000,26332795.10,-0.008204
16678,50104410,KR,21068,2020-07-01,33.570000,26114975.82,-0.008272
16678,50104410,KR,21068,2020-07-02,33.500000,26060521.00,-0.002085
16678,50104410,KR,21068,2020-07-06,33.730000,26239443.98,0.006866
16678,50104410,KR,21068,2020-07-07,33.680000,26200547.68,-0.001482
16678,50104410,KR,21068,2020-07-08,32.420000,25220360.92,-0.037411
16678,50104410,KR,21068,2020-07-09,32.760000,25484855.76,0.010487
16678,50104410,KR,21068,2020-07-10,33.440000,26013845.44,0.020757
16678,50104410,KR,21068,2020-07-13,33.280000,25889377.28,-0.004785
16678,50104410,KR,21068,2020-07-14,34.240000,26636186.24,0.028846
16678,50104410,KR,21068,2020-07-15,33.770000,26270561.02,-0.013727
16678,50104410,KR,21068,2020-07-16,33.730000,26239443.98,-0.001184
16678,50104410,KR,21068,2020-07-17,33.850000,26332795.10,0.003558
16678,50104410,KR,21068,2020-07-20,34.150000,26566172.90,0.008863
16678,50104410,KR,21068,2020-07-21,34.790000,27064045.54,0.018741
16678,50104410,KR,21068,2020-07-22,35.160000,27351878.16,0.010635
16678,50104410,KR,21068,2020-07-23,35.130000,27328540.38,-0.000853
16678,50104410,KR,21068,2020-07-24,34.710000,27001811.46,-0.011956
16678,50104410,KR,21068,2020-07-27,34.760000,27040707.76,0.001441
16678,50104410,KR,21068,2020-07-28,35.230000,27406332.98,0.013521
16678,50104410,KR,21068,2020-07-29,35.110000,27312981.86,-0.003406
16678,50104410,KR,21068,2020-07-30,34.410000,26768433.66,-0.019937
16678,50104410,KR,21068,2020-07-31,34.790000,27064045.54,0.011043
16678,50104410,KR,21068,2020-08-03,35.100000,27305202.60,0.008911
16678,50104410,KR,21068,2020-08-04,35.390000,27530801.14,0.008262
16678,50104410,KR,21068,2020-08-05,35.090000,27297423.34,-0.008477
16678,50104410,KR,21068,2020-08-06,35.030000,27250747.78,-0.001710
16678,50104410,KR,21068,2020-08-07,35.240000,27414112.24,0.005995
16678,50104410,KR,21068,2020-08-10,35.030000,27250747.78,-0.005959
16678,50104410,KR,21068,2020-08-11,34.260000,26651744.76,-0.021981
16678,50104410,KR,21068,2020-08-12,34.610000,26924018.86,0.010216
16678,50104410,KR,21068,2020-08-13,34.590000,26908460.34,0.004623
16678,50104410,KR,21068,2020-08-14,35.390000,27530801.14,0.023128
16678,50104410,KR,21068,2020-08-17,36.000000,28005336.00,0.017237
16678,50104410,KR,21068,2020-08-18,36.240000,28192038.24,0.006667
16678,50104410,KR,21068,2020-08-19,36.220000,28176479.72,-0.000552
16678,50104410,KR,21068,2020-08-20,35.920000,27943101.92,-0.008283
16678,50104410,KR,21068,2020-08-21,35.910000,27935322.66,-0.000278
16678,50104410,KR,21068,2020-08-24,36.060000,28052011.56,0.004177
16678,50104410,KR,21068,2020-08-25,36.080000,28067570.08,0.000555
16678,50104410,KR,21068,2020-08-26,36.370000,28293168.62,0.008038
16678,50104410,KR,21068,2020-08-27,36.160000,28129804.16,-0.005774
16678,50104410,KR,21068,2020-08-28,35.300000,27460787.80,-0.023783
16678,50104410,KR,21068,2020-08-31,35.680000,27756399.68,0.010765
16678,50104410,KR,21068,2020-09-01,35.400000,27538580.40,-0.007848
16678,50104410,KR,21068,2020-09-02,36.600000,28472091.60,0.033898
16678,50104410,KR,21068,2020-09-03,36.110000,28090907.86,-0.013388
16678,50104410,KR,21068,2020-09-04,35.470000,27593035.22,-0.017724
16678,50104410,KR,21068,2020-09-08,34.620000,26931798.12,-0.023964
16678,50104410,KR,21068,2020-09-09,35.180000,27367436.68,0.016176
16678,50104410,KR,21068,2020-09-10,34.740000,27025149.24,-0.012507
16678,50104410,KR,21068,2020-09-11,34.370000,26737316.62,-0.010651
16678,50104410,KR,21068,2020-09-14,32.840000,25547089.84,-0.044516
16678,50104410,KR,21068,2020-09-15,32.720000,25453738.72,-0.003654
16678,50104410,KR,21068,2020-09-16,32.020000,24909190.52,-0.021394
16678,50104410,KR,21068,2020-09-17,32.510000,25290374.26,0.015303
16678,50104410,KR,21068,2020-09-18,33.210000,25834922.46,0.021532
16678,50104410,KR,21068,2020-09-21,33.460000,26029403.96,0.007528
16678,50104410,KR,21068,2020-09-22,33.740000,26247223.24,0.008368
16678,50104410,KR,21068,2020-09-23,33.280000,25889377.28,-0.013634
16678,50104410,KR,21068,2020-09-24,33.430000,26006066.18,0.004507
16678,50104410,KR,21068,2020-09-25,33.530000,26083858.78,0.002991
16678,50104410,KR,21068,2020-09-28,33.700000,26216106.20,0.005070
16678,50104410,KR,21068,2020-09-29,33.770000,26270561.02,0.002077
16678,50104410,KR,21068,2020-09-30,33.910000,26257360.75,0.004146
16678,50104410,KR,21068,2020-10-01,34.020000,26342536.50,0.003244
16678,50104410,KR,21068,2020-10-02,34.070000,26381252.75,0.001470
16678,50104410,KR,21068,2020-10-05,34.530000,26737442.25,0.013502
16678,50104410,KR,21068,2020-10-06,33.950000,26288333.75,-0.016797
16678,50104410,KR,21068,2020-10-07,34.030000,26350279.75,0.002356
16678,50104410,KR,21068,2020-10-08,34.290000,26551604.25,0.007640
16678,50104410,KR,21068,2020-10-09,34.450000,26675496.25,0.004666
16678,50104410,KR,21068,2020-10-12,34.630000,26814874.75,0.005225
16678,50104410,KR,21068,2020-10-13,34.800000,26946510.00,0.004909
16678,50104410,KR,21068,2020-10-14,33.840000,26203158.00,-0.027586
16678,50104410,KR,21068,2020-10-15,33.980000,26311563.50,0.004137
16678,50104410,KR,21068,2020-10-16,34.070000,26381252.75,0.002649
16678,50104410,KR,21068,2020-10-19,33.880000,26234131.00,-0.005577
16678,50104410,KR,21068,2020-10-20,33.330000,25808252.25,-0.016234
16678,50104410,KR,21068,2020-10-21,33.330000,25808252.25,0.000000
16678,50104410,KR,21068,2020-10-22,32.640000,25273968.00,-0.020702
16678,50104410,KR,21068,2020-10-23,32.760000,25366887.00,0.003676
16678,50104410,KR,21068,2020-10-26,33.160000,25676617.00,0.012210
16678,50104410,KR,21068,2020-10-27,32.340000,25041670.50,-0.024729
16678,50104410,KR,21068,2020-10-28,32.160000,24902292.00,-0.005566
16678,50104410,KR,21068,2020-10-29,32.260000,24979724.50,0.003109
16678,50104410,KR,21068,2020-10-30,32.210000,24941008.25,-0.001550
16678,50104410,KR,21068,2020-11-02,32.060000,24824859.50,-0.004657
16678,50104410,KR,21068,2020-11-03,32.740000,25351400.50,0.021210
16678,50104410,KR,21068,2020-11-04,32.090000,24848089.25,-0.019853
16678,50104410,KR,21068,2020-11-05,32.720000,25335914.00,0.019632
16678,50104410,KR,21068,2020-11-06,33.170000,25684360.25,0.013753
16678,50104410,KR,21068,2020-11-09,31.010000,24011818.25,-0.065119
16678,50104410,KR,21068,2020-11-10,31.920000,24716454.00,0.029345
16678,50104410,KR,21068,2020-11-11,32.090000,24848089.25,0.005326
16678,50104410,KR,21068,2020-11-12,32.030000,24801629.75,0.003739
16678,50104410,KR,21068,2020-11-13,32.140000,24886805.50,0.003434
16678,50104410,KR,21068,2020-11-16,32.300000,25010697.50,0.004978
16678,50104410,KR,21068,2020-11-17,31.900000,24700967.50,-0.012384
16678,50104410,KR,21068,2020-11-18,32.040000,24809373.00,0.004389
16678,50104410,KR,21068,2020-11-19,32.760000,25366887.00,0.022472
16678,50104410,KR,21068,2020-11-20,32.440000,25119103.00,-0.009768
16678,50104410,KR,21068,2020-11-23,33.030000,25575954.75,0.018187
16678,50104410,KR,21068,2020-11-24,32.690000,25312684.25,-0.010294
16678,50104410,KR,21068,2020-11-25,32.320000,25026184.00,-0.011318
16678,50104410,KR,21068,2020-11-27,32.430000,25111359.75,0.003403
16678,50104410,KR,21068,2020-11-30,33.000000,25552725.00,0.017576
16678,50104410,KR,21068,2020-12-01,33.010000,25560468.25,0.000303
16678,50104410,KR,21068,2020-12-02,32.290000,25002954.25,-0.021812
16678,50104410,KR,21068,2020-12-03,30.880000,23911156.00,-0.043667
16678,50104410,KR,21068,2020-12-04,30.580000,23678858.50,-0.009715
16678,50104410,KR,21068,2020-12-07,30.950000,23965358.75,0.012099
16678,50104410,KR,21068,2020-12-08,31.300000,24236372.50,0.011309
16678,50104410,KR,21068,2020-12-09,31.210000,24166683.25,-0.002875
16678,50104410,KR,21068,2020-12-10,31.210000,24166683.25,0.000000
16678,50104410,KR,21068,2020-12-11,31.340000,24267345.50,0.004165
16678,50104410,KR,21068,2020-12-14,31.300000,24236372.50,-0.001276
16678,50104410,KR,21068,2020-12-15,31.190000,24151196.75,-0.003514
16678,50104410,KR,21068,2020-12-16,30.970000,23980845.25,-0.007054
16678,50104410,KR,21068,2020-12-17,31.000000,24004075.00,0.000969
16678,50104410,KR,21068,2020-12-18,30.870000,23903412.75,-0.004194
16678,50104410,KR,21068,2020-12-21,30.800000,23849210.00,-0.002268
16678,50104410,KR,21068,2020-12-22,30.890000,23918899.25,0.002922
16678,50104410,KR,21068,2020-12-23,31.390000,24306061.75,0.016186
16678,50104410,KR,21068,2020-12-24,31.530000,24414467.25,0.004460
16678,50104410,KR,21068,2020-12-28,31.390000,24306061.75,-0.004440
16678,50104410,KR,21068,2020-12-29,31.460000,24360264.50,0.002230
16678,50104410,KR,21068,2020-12-30,31.550000,24429953.75,0.002861
16678,50104410,KR,21068,2020-12-31,31.760000,24180380.72,0.006656
16678,50104410,KR,21068,2021-01-04,32.130000,24462079.11,0.011650
16678,50104410,KR,21068,2021-01-05,31.900000,24286969.30,-0.007158
16678,50104410,KR,21068,2021-01-06,32.210000,24522986.87,0.009718
16678,50104410,KR,21068,2021-01-07,31.820000,24226061.54,-0.012108
16678,50104410,KR,21068,2021-01-08,31.630000,24081405.61,-0.005971
16678,50104410,KR,21068,2021-01-11,31.760000,24180380.72,0.004110
16678,50104410,KR,21068,2021-01-12,31.520000,23997657.44,-0.007557
16678,50104410,KR,21068,2021-01-13,31.990000,24355490.53,0.014911
16678,50104410,KR,21068,2021-01-14,33.140000,25231039.58,0.035949
16678,50104410,KR,21068,2021-01-15,33.700000,25657393.90,0.016898
16678,50104410,KR,21068,2021-01-19,33.620000,25596486.14,-0.002374
16678,50104410,KR,21068,2021-01-20,33.070000,25177745.29,-0.016359
16678,50104410,KR,21068,2021-01-21,33.210000,25284333.87,0.004233
16678,50104410,KR,21068,2021-01-22,33.560000,25550805.32,0.010539
16678,50104410,KR,21068,2021-01-25,34.570000,26319765.79,0.030095
16678,50104410,KR,21068,2021-01-26,37.070000,28223133.29,0.072317
16678,50104410,KR,21068,2021-01-27,38.750000,29502196.25,0.045320
16678,50104410,KR,21068,2021-01-28,35.380000,26936456.86,-0.086968
16678,50104410,KR,21068,2021-01-29,34.500000,26266471.50,-0.024873
16678,50104410,KR,21068,2021-02-01,33.700000,25657393.90,-0.023188
16678,50104410,KR,21068,2021-02-02,33.100000,25200585.70,-0.017804
16678,50104410,KR,21068,2021-02-03,33.960000,25855344.12,0.025982
16678,50104410,KR,21068,2021-02-04,33.450000,25467057.15,-0.015018
16678,50104410,KR,21068,2021-02-05,33.150000,25238653.05,-0.008969
16678,50104410,KR,21068,2021-02-08,33.280000,25337628.16,0.003922
16678,50104410,KR,21068,2021-02-09,33.590000,25573645.73,0.009315
16678,50104410,KR,21068,2021-02-10,33.610000,25588872.67,0.000595
16678,50104410,KR,21068,2021-02-11,33.400000,25428989.80,-0.000893
16678,50104410,KR,21068,2021-02-12,33.950000,25847730.65,0.016467
16678,50104410,KR,21068,2021-02-16,33.660000,25626940.02,-0.008542
16678,50104410,KR,21068,2021-02-17,34.370000,26167496.39,0.021093
16678,50104410,KR,21068,2021-02-18,33.840000,25763982.48,-0.015420
16678,50104410,KR,21068,2021-02-19,34.020000,25901024.94,0.005319
16678,50104410,KR,21068,2021-02-22,33.590000,25573645.73,-0.012640
16678,50104410,KR,21068,2021-02-23,33.030000,25147291.41,-0.016672
16678,50104410,KR,21068,2021-02-24,32.750000,24934114.25,-0.008477
16678,50104410,KR,21068,2021-02-25,32.410000,24675256.27,-0.010382
16678,50104410,KR,21068,2021-02-26,32.210000,24522986.87,-0.006171
16678,50104410,KR,21068,2021-03-01,32.890000,25040702.83,0.021111
16678,50104410,KR,21068,2021-03-02,32.560000,24789458.32,-0.010033
16678,50104410,KR,21068,2021-03-03,33.250000,25314787.75,0.021192
16678,50104410,KR,21068,2021-03-04,34.090000,25954319.23,0.025263
16678,50104410,KR,21068,2021-03-05,34.440000,26220790.68,0.010267
16678,50104410,KR,21068,2021-03-08,34.740000,26449194.78,0.008711
16678,50104410,KR,21068,2021-03-09,34.460000,26236017.62,-0.008060
16678,50104410,KR,21068,2021-03-10,35.240000,26829868.28,0.022635
16678,50104410,KR,21068,2021-03-11,34.940000,26601464.18,-0.008513
16678,50104410,KR,21068,2021-03-12,35.460000,26997364.62,0.014883
16678,50104410,KR,21068,2021-03-15,35.870000,27309516.89,0.011562
16678,50104410,KR,21068,2021-03-16,35.820000,27271449.54,-0.001394
16678,50104410,KR,21068,2021-03-17,35.280000,26860322.16,-0.015075
16678,50104410,KR,21068,2021-03-18,34.690000,26411127.43,-0.016723
16678,50104410,KR,21068,2021-03-19,35.400000,26951683.80,0.020467
16678,50104410,KR,21068,2021-03-22,36.190000,27553147.93,0.022316
16678,50104410,KR,21068,2021-03-23,36.640000,27895754.08,0.012434
16678,50104410,KR,21068,2021-03-24,35.710000,27187701.37,-0.025382
16678,50104410,KR,21068,2021-03-25,36.490000,27781552.03,0.021843
16678,50104410,KR,21068,2021-03-26,37.230000,28344948.81,0.020280
16678,50104410,KR,21068,2021-03-29,37.950000,28893118.65,0.019339
16678,50104410,KR,21068,2021-03-30,38.080000,28992093.76,0.003426
16678,50104410,KR,21068,2021-03-31,35.990000,27400878.53,-0.054884
16678,50104410,KR,21068,2021-04-01,35.950000,27370424.65,-0.001111
16678,50104410,KR,21068,2021-04-05,36.730000,27964275.31,0.021697
16678,50104410,KR,21068,2021-04-06,36.890000,28086090.83,0.004356
16678,50104410,KR,21068,2021-04-07,37.150000,28284041.05,0.007048
16678,50104410,KR,21068,2021-04-08,37.230000,28344948.81,0.002153
16678,50104410,KR,21068,2021-04-09,37.780000,28763689.66,0.014773
16678,50104410,KR,21068,2021-04-12,37.970000,28908345.59,0.005029
16678,50104410,KR,21068,2021-04-13,37.580000,28611420.26,-0.010271
16678,50104410,KR,21068,2021-04-14,37.240000,28352562.28,-0.009047
16678,50104410,KR,21068,2021-04-15,37.190000,28314494.93,-0.001343
16678,50104410,KR,21068,2021-04-16,37.110000,28253587.17,-0.002151
16678,50104410,KR,21068,2021-04-19,37.430000,28497218.21,0.008623
16678,50104410,KR,21068,2021-04-20,37.760000,28748462.72,0.008816
16678,50104410,KR,21068,2021-04-21,37.910000,28862664.77,0.003972
16678,50104410,KR,21068,2021-04-22,37.430000,28497218.21,-0.012662
16678,50104410,KR,21068,2021-04-23,37.350000,28436310.45,-0.002137
16678,50104410,KR,21068,2021-04-26,36.540000,27819619.38,-0.021687
16678,50104410,KR,21068,2021-04-27,36.770000,27994729.19,0.006294
16678,50104410,KR,21068,2021-04-28,36.650000,27903367.55,-0.003264
16678,50104410,KR,21068,2021-04-29,37.060000,28215519.82,0.011187
16678,50104410,KR,21068,2021-04-30,36.540000,27477860.76,-0.014031
16678,50104410,KR,21068,2021-05-03,37.380000,28109535.72,0.022989
16678,50104410,KR,21068,2021-05-04,35.890000,26989064.66,-0.039861
16678,50104410,KR,21068,2021-05-05,36.470000,27425221.18,0.016160
16678,50104410,KR,21068,2021-05-06,37.690000,28342653.86,0.033452
16678,50104410,KR,21068,2021-05-07,37.730000,28372733.62,0.001061
16678,50104410,KR,21068,2021-05-10,38.860000,29222486.84,0.029950
16678,50104410,KR,21068,2021-05-11,38.420000,28891609.48,-0.011323
16678,50104410,KR,21068,2021-05-12,36.630000,27545540.22,-0.046590
16678,50104410,KR,21068,2021-05-13,36.810000,27680899.14,0.009828
16678,50104410,KR,21068,2021-05-14,37.200000,27974176.80,0.010595
16678,50104410,KR,21068,2021-05-17,37.390000,28117055.66,0.005108
16678,50104410,KR,21068,2021-05-18,37.200000,27974176.80,-0.005082
16678,50104410,KR,21068,2021-05-19,36.400000,27372581.60,-0.021505
16678,50104410,KR,21068,2021-05-20,36.360000,27342501.84,-0.001099
16678,50104410,KR,21068,2021-05-21,36.590000,27515460.46,0.006326
16678,50104410,KR,21068,2021-05-24,36.600000,27522980.40,0.000273
16678,50104410,KR,21068,2021-05-25,36.460000,27417701.24,-0.003825
16678,50104410,KR,21068,2021-05-26,36.390000,27365061.66,-0.001920
16678,50104410,KR,21068,2021-05-27,36.290000,27289862.26,-0.002748
16678,50104410,KR,21068,2021-05-28,36.980000,27997594.98,0.019014
16678,50104410,KR,21068,2021-06-01,37.280000,28224725.28,0.008112
16678,50104410,KR,21068,2021-06-02,37.950000,28731982.95,0.017972
16678,50104410,KR,21068,2021-06-03,38.490000,29140817.49,0.014229
16678,50104410,KR,21068,2021-06-04,38.610000,29231669.61,0.003118
16678,50104410,KR,21068,2021-06-07,38.970000,29504225.97,0.009324
16678,50104410,KR,21068,2021-06-08,38.890000,29443657.89,-0.002053
16678,50104410,KR,21068,2021-06-09,38.280000,28981826.28,-0.015685
16678,50104410,KR,21068,2021-06-10,38.790000,29367947.79,0.013323
16678,50104410,KR,21068,2021-06-11,38.710000,29307379.71,-0.002062
16678,50104410,KR,21068,2021-06-14,38.400000,29072678.40,-0.008008
16678,50104410,KR,21068,2021-06-15,37.870000,28671414.87,-0.013802
16678,50104410,KR,21068,2021-06-16,37.550000,28429142.55,-0.008450
16678,50104410,KR,21068,2021-06-17,39.180000,29663217.18,0.043409
16678,50104410,KR,21068,2021-06-18,38.750000,29337663.75,-0.010975
16678,50104410,KR,21068,2021-06-21,39.580000,29966057.58,0.021419
16678,50104410,KR,21068,2021-06-22,39.830000,30155332.83,0.006316
16678,50104410,KR,21068,2021-06-23,39.190000,29670788.19,-0.016068
16678,50104410,KR,21068,2021-06-24,39.150000,29640504.15,-0.001021
16678,50104410,KR,21068,2021-06-25,39.210000,29685930.21,0.001533
16678,50104410,KR,21068,2021-06-28,39.360000,29799495.36,0.003826
16678,50104410,KR,21068,2021-06-29,38.850000,29413373.85,-0.012957
16678,50104410,KR,21068,2021-06-30,38.310000,28626687.78,-0.013900
16678,50104410,KR,21068,2021-07-01,38.130000,28492184.94,-0.004699
16678,50104410,KR,21068,2021-07-02,38.370000,28671522.06,0.006294
16678,50104410,KR,21068,2021-07-06,37.410000,27954173.58,-0.025020
16678,50104410,KR,21068,2021-07-07,37.640000,28126038.32,0.006148
16678,50104410,KR,21068,2021-07-08,37.880000,28305375.44,0.006376
16678,50104410,KR,21068,2021-07-09,38.270000,28596798.26,0.010296
16678,50104410,KR,21068,2021-07-12,38.310000,28626687.78,0.001045
16678,50104410,KR,21068,2021-07-13,38.070000,28447350.66,-0.006265
16678,50104410,KR,21068,2021-07-14,38.320000,28634160.16,0.006567
16678,50104410,KR,21068,2021-07-15,38.840000,29022723.92,0.013570
16678,50104410,KR,21068,2021-07-16,39.360000,29411287.68,0.013388
16678,50104410,KR,21068,2021-07-19,41.070000,30689064.66,0.043445
16678,50104410,KR,21068,2021-07-20,40.570000,30315445.66,-0.012174
16678,50104410,KR,21068,2021-07-21,40.110000,29971716.18,-0.011338
16678,50104410,KR,21068,2021-07-22,39.730000,29687765.74,-0.009474
16678,50104410,KR,21068,2021-07-23,39.890000,29807323.82,0.004027
16678,50104410,KR,21068,2021-07-26,39.790000,29732600.02,-0.002507
16678,50104410,KR,21068,2021-07-27,40.030000,29911937.14,0.006032
16678,50104410,KR,21068,2021-07-28,40.030000,29911937.14,0.000000
16678,50104410,KR,21068,2021-07-29,40.720000,30427531.36,0.017237
16678,50104410,KR,21068,2021-07-30,40.700000,30412586.60,-0.000491
16678,50104410,KR,21068,2021-08-02,41.010000,30644230.38,0.007617
16678,50104410,KR,21068,2021-08-03,42.620000,31847283.56,0.039259
16678,50104410,KR,21068,2021-08-04,41.920000,31324216.96,-0.016424
16678,50104410,KR,21068,2021-08-05,41.870000,31286855.06,-0.001193
16678,50104410,KR,21068,2021-08-06,41.750000,31197186.50,-0.002866
16678,50104410,KR,21068,2021-08-09,42.280000,31593222.64,0.012695
16678,50104410,KR,21068,2021-08-10,42.780000,31966841.64,0.011826
16678,50104410,KR,21068,2021-08-11,43.000000,32131234.00,0.005143
16678,50104410,KR,21068,2021-08-12,42.640000,31862228.32,-0.003488
16678,50104410,KR,21068,2021-08-13,42.810000,31989258.78,0.003987
16678,50104410,KR,21068,2021-08-16,43.450000,32467491.10,0.014950
16678,50104410,KR,21068,2021-08-17,45.440000,33954494.72,0.045800
16678,50104410,KR,21068,2021-08-18,46.260000,34567229.88,0.018046
16678,50104410,KR,21068,2021-08-19,45.930000,34320641.34,-0.007134
16678,50104410,KR,21068,2021-08-20,46.940000,35075351.72,0.021990
16678,50104410,KR,21068,2021-08-23,46.740000,34925904.12,-0.004261
16678,50104410,KR,21068,2021-08-24,45.750000,34186138.50,-0.021181
16678,50104410,KR,21068,2021-08-25,45.800000,34223500.40,0.001093
16678,50104410,KR,21068,2021-08-26,45.170000,33752740.46,-0.013755
16678,50104410,KR,21068,2021-08-27,45.490000,33991856.62,0.007084
16678,50104410,KR,21068,2021-08-30,46.200000,34522395.60,0.015608
16678,50104410,KR,21068,2021-08-31,46.030000,34395365.14,-0.003680
16678,50104410,KR,21068,2021-09-01,45.740000,34178666.12,-0.006300
16678,50104410,KR,21068,2021-09-02,47.310000,35351829.78,0.034324
16678,50104410,KR,21068,2021-09-03,46.650000,34858652.70,-0.013951
16678,50104410,KR,21068,2021-09-07,45.990000,34365475.62,-0.014148
16678,50104410,KR,21068,2021-09-08,46.290000,34589647.02,0.006523
16678,50104410,KR,21068,2021-09-09,46.130000,34470088.94,-0.003456
16678,50104410,KR,21068,2021-09-10,42.670000,31884645.46,-0.075005
16678,50104410,KR,21068,2021-09-13,42.880000,32041565.44,0.004921
16678,50104410,KR,21068,2021-09-14,41.790000,31227076.02,-0.025420
16678,50104410,KR,21068,2021-09-15,41.100000,30711481.80,-0.016511
16678,50104410,KR,21068,2021-09-16,40.870000,30539617.06,-0.005596
16678,50104410,KR,21068,2021-09-17,40.940000,30591923.72,0.001713
16678,50104410,KR,21068,2021-09-20,40.410000,30195887.58,-0.012946
16678,50104410,KR,21068,2021-09-21,40.450000,30225777.10,0.000990
16678,50104410,KR,21068,2021-09-22,40.100000,29964243.80,-0.008653
16678,50104410,KR,21068,2021-09-23,40.180000,30024022.84,0.001995
16678,50104410,KR,21068,2021-09-24,39.980000,29874575.24,-0.004978
16678,50104410,KR,21068,2021-09-27,40.190000,30031495.22,0.005253
16678,50104410,KR,21068,2021-09-28,40.510000,30270611.38,0.007962
16678,50104410,KR,21068,2021-09-29,41.340000,30890818.92,0.020489
16678,50104410,KR,21068,2021-09-30,40.430000,30065284.34,-0.022013
16678,50104410,KR,21068,2021-10-01,39.140000,29105991.32,-0.031907
16678,50104410,KR,21068,2021-10-04,39.630000,29470373.94,0.012519
16678,50104410,KR,21068,2021-10-05,39.880000,29656283.44,0.006308
16678,50104410,KR,21068,2021-10-06,39.550000,29410882.90,-0.008275
16678,50104410,KR,21068,2021-10-07,39.500000,29373701.00,-0.001264
16678,50104410,KR,21068,2021-10-08,39.470000,29351391.86,-0.000759
16678,50104410,KR,21068,2021-10-11,39.580000,29433192.04,0.002787
16678,50104410,KR,21068,2021-10-12,39.830000,29619101.54,0.006316
16678,50104410,KR,21068,2021-10-13,39.470000,29351391.86,-0.009038
16678,50104410,KR,21068,2021-10-14,39.120000,29091118.56,-0.008867
16678,50104410,KR,21068,2021-10-15,38.590000,28696990.42,-0.013548
16678,50104410,KR,21068,2021-10-18,39.210000,29158045.98,0.016066
16678,50104410,KR,21068,2021-10-19,39.070000,29053936.66,-0.003571
16678,50104410,KR,21068,2021-10-20,39.320000,29239846.16,0.006399
16678,50104410,KR,21068,2021-10-21,39.300000,29224973.40,-0.000509
16678,50104410,KR,21068,2021-10-22,40.230000,29916556.74,0.023664
16678,50104410,KR,21068,2021-10-25,40.330000,29990920.54,0.002486
16678,50104410,KR,21068,2021-10-26,39.960000,29715774.48,-0.009174
16678,50104410,KR,21068,2021-10-27,39.480000,29358828.24,-0.012012
16678,50104410,KR,21068,2021-10-28,39.690000,29514992.22,0.005319
16678,50104410,KR,21068,2021-10-29,40.020000,29760392.76,0.008314
16678,50104410,KR,21068,2021-11-01,40.450000,30080157.10,0.010745
16678,50104410,KR,21068,2021-11-02,40.700000,30266066.60,0.006180
16678,50104410,KR,21068,2021-11-03,42.950000,31939252.10,0.055283
16678,50104410,KR,21068,2021-11-04,43.420000,32288761.96,0.010943
16678,50104410,KR,21068,2021-11-05,42.320000,31470760.16,-0.025334
16678,50104410,KR,21068,2021-11-08,41.700000,31009704.60,-0.014650
16678,50104410,KR,21068,2021-11-09,41.930000,31180741.34,0.005516
16678,50104410,KR,21068,2021-11-10,42.470000,31582305.86,0.012879
16678,50104410,KR,21068,2021-11-11,42.270000,31433578.26,-0.004709
16678,50104410,KR,21068,2021-11-12,42.430000,31552560.34,0.008753
16678,50104410,KR,21068,2021-11-15,42.660000,31723597.08,0.005421
16678,50104410,KR,21068,2021-11-16,41.690000,31002268.22,-0.022738
16678,50104410,KR,21068,2021-11-17,40.650000,30228884.70,-0.024946
16678,50104410,KR,21068,2021-11-18,41.400000,30786613.20,0.018450
16678,50104410,KR,21068,2021-11-19,40.890000,30407357.82,-0.012319
16678,50104410,KR,21068,2021-11-22,42.860000,31872324.68,0.048178
16678,50104410,KR,21068,2021-11-23,43.060000,32021052.28,0.004666
16678,50104410,KR,21068,2021-11-24,42.540000,31634360.52,-0.012076
16678,50104410,KR,21068,2021-11-26,43.140000,32080543.32,0.014104
16678,50104410,KR,21068,2021-11-29,42.350000,31493069.30,-0.018312
16678,50104410,KR,21068,2021-11-30,41.530000,30883286.14,-0.019362
16678,50104410,KR,21068,2021-12-01,40.210000,29901683.98,-0.031784
16678,50104410,KR,21068,2021-12-02,44.650000,33203436.70,0.110420
16678,50104410,KR,21068,2021-12-03,43.430000,32296198.34,-0.027324
16678,50104410,KR,21068,2021-12-06,45.110000,33545510.18,0.038683
16678,50104410,KR,21068,2021-12-07,45.070000,33515764.66,-0.000887
16678,50104410,KR,21068,2021-12-08,42.810000,31835142.78,-0.050144
16678,50104410,KR,21068,2021-12-09,43.680000,32482107.84,0.020322
16678,50104410,KR,21068,2021-12-10,44.600000,33166254.80,0.021062
16678,50104410,KR,21068,2021-12-13,45.630000,33932201.94,0.023094
16678,50104410,KR,21068,2021-12-14,45.580000,33895020.04,-0.001096
16678,50104410,KR,21068,2021-12-15,46.220000,34370948.36,0.014041
16678,50104410,KR,21068,2021-12-16,45.910000,34140420.58,-0.006707
16678,50104410,KR,21068,2021-12-17,44.790000,33307546.02,-0.024396
16678,50104410,KR,21068,2021-12-20,45.510000,33842965.38,0.016075
16678,50104410,KR,21068,2021-12-21,43.870000,32623399.06,-0.036036
16678,50104410,KR,21068,2021-12-22,43.520000,32363125.76,-0.007978
16678,50104410,KR,21068,2021-12-23,43.210000,32132597.98,-0.007123
16678,50104410,KR,21068,2021-12-27,43.740000,32526726.12,0.012266
16678,50104410,KR,21068,2021-12-28,44.420000,33032399.96,0.015546
16678,50104410,KR,21068,2021-12-29,44.710000,33248054.98,0.006529
16678,50104410,KR,21068,2021-12-30,45.140000,33567819.32,0.009618
16678,50104410,KR,21068,2021-12-31,45.260000,33277686.56,0.002658
16678,50104410,KR,21068,2022-01-03,45.190000,33226218.64,-0.001547
16678,50104410,KR,21068,2022-01-04,46.170000,33946769.52,0.021686
16678,50104410,KR,21068,2022-01-05,46.810000,34417333.36,0.013862
16678,50104410,KR,21068,2022-01-06,47.120000,34645262.72,0.006623
16678,50104410,KR,21068,2022-01-07,48.120000,35380518.72,0.021222
16678,50104410,KR,21068,2022-01-10,49.100000,36101069.60,0.020366
16678,50104410,KR,21068,2022-01-11,47.710000,35079063.76,-0.028310
16678,50104410,KR,21068,2022-01-12,47.140000,34659967.84,-0.011947
16678,50104410,KR,21068,2022-01-13,49.480000,36380466.88,0.049639
16678,50104410,KR,21068,2022-01-14,49.120000,36115774.72,-0.007276
16678,50104410,KR,21068,2022-01-18,48.590000,35726089.04,-0.010790
16678,50104410,KR,21068,2022-01-19,48.580000,35718736.48,-0.000206
16678,50104410,KR,21068,2022-01-20,47.270000,34755551.12,-0.026966
16678,50104410,KR,21068,2022-01-21,46.920000,34498211.52,-0.007404
16678,50104410,KR,21068,2022-01-24,47.720000,35086416.32,0.017050
16678,50104410,KR,21068,2022-01-25,45.080000,33145340.48,-0.055323
16678,50104410,KR,21068,2022-01-26,44.380000,32630661.28,-0.015528
16678,50104410,KR,21068,2022-01-27,45.400000,33380622.40,0.022983
16678,50104410,KR,21068,2022-01-28,43.470000,31961578.32,-0.042511
16678,50104410,KR,21068,2022-01-31,43.590000,32049809.04,0.002761
16678,50104410,KR,21068,2022-02-01,44.130000,32446847.28,0.012388
16678,50104410,KR,21068,2022-02-02,44.100000,32424789.60,-0.000680
16678,50104410,KR,21068,2022-02-03,45.110000,33167398.16,0.022902
16678,50104410,KR,21068,2022-02-04,44.770000,32917411.12,-0.007537
16678,50104410,KR,21068,2022-02-07,44.670000,32843885.52,-0.002234
16678,50104410,KR,21068,2022-02-08,45.500000,33454148.00,0.018581
16678,50104410,KR,21068,2022-02-09,45.150000,33196808.40,-0.007692
16678,50104410,KR,21068,2022-02-10,45.170000,33211513.52,0.000443
16678,50104410,KR,21068,2022-02-11,46.270000,34020295.12,0.024352
16678,50104410,KR,21068,2022-02-14,45.690000,33593846.64,-0.007997
16678,50104410,KR,21068,2022-02-15,46.410000,34123230.96,0.015758
16678,50104410,KR,21068,2022-02-16,44.570000,32770359.92,-0.039647
16678,50104410,KR,21068,2022-02-17,45.230000,33255628.88,0.014808
16678,50104410,KR,21068,2022-02-18,45.590000,33520321.04,0.007959
16678,50104410,KR,21068,2022-02-22,45.040000,33115930.24,-0.012064
16678,50104410,KR,21068,2022-02-23,44.530000,32740949.68,-0.011323
16678,50104410,KR,21068,2022-02-24,44.440000,32674776.64,-0.002021
16678,50104410,KR,21068,2022-02-25,46.460000,34159993.76,0.045455
16678,50104410,KR,21068,2022-02-28,46.800000,34409980.80,0.007318
16678,50104410,KR,21068,2022-03-01,48.350000,35549627.60,0.033120
16678,50104410,KR,21068,2022-03-02,49.370000,36299588.72,0.021096
16678,50104410,KR,21068,2022-03-03,55.100000,40512605.60,0.116062
16678,50104410,KR,21068,2022-03-04,58.940000,43335988.64,0.069691
16678,50104410,KR,21068,2022-03-07,57.820000,42512501.92,-0.019002
16678,50104410,KR,21068,2022-03-08,55.710000,40961111.76,-0.036493
16678,50104410,KR,21068,2022-03-09,55.340000,40689067.04,-0.006642
16678,50104410,KR,21068,2022-03-10,57.090000,41975765.04,0.031623
16678,50104410,KR,21068,2022-03-11,55.890000,41093457.84,-0.021019
16678,50104410,KR,21068,2022-03-14,55.420000,40747887.52,-0.008409
16678,50104410,KR,21068,2022-03-15,56.190000,41314034.64,0.013894
16678,50104410,KR,21068,2022-03-16,54.990000,40431727.44,-0.021356
16678,50104410,KR,21068,2022-03-17,55.660000,40924348.96,0.012184
16678,50104410,KR,21068,2022-03-18,55.820000,41041989.92,0.002875
16678,50104410,KR,21068,2022-03-21,55.680000,40939054.08,-0.002508
16678,50104410,KR,21068,2022-03-22,56.570000,41593431.92,0.015984
16678,50104410,KR,21068,2022-03-23,56.450000,41505201.20,-0.002121
16678,50104410,KR,21068,2022-03-24,56.750000,41725778.00,0.005314
16678,50104410,KR,21068,2022-03-25,57.000000,41909592.00,0.004405
16678,50104410,KR,21068,2022-03-28,57.000000,41909592.00,0.000000
16678,50104410,KR,21068,2022-03-29,56.390000,41461085.84,-0.010702
16678,50104410,KR,21068,2022-03-30,56.370000,41446380.72,-0.000355
16678,50104410,KR,21068,2022-03-31,57.370000,42181636.72,0.017740
16678,50104410,KR,21068,2022-04-01,57.480000,42262514.88,0.001917
16678,50104410,KR,21068,2022-04-04,57.440000,42233104.64,-0.000696
16678,50104410,KR,21068,2022-04-05,57.650000,42387508.40,0.003656
16678,50104410,KR,21068,2022-04-06,58.730000,43181584.88,0.018734
16678,50104410,KR,21068,2022-04-07,59.880000,44027129.28,0.019581
16678,50104410,KR,21068,2022-04-08,61.670000,45343237.52,0.029893
16678,50104410,KR,21068,2022-04-11,60.650000,44593276.40,-0.016540
16678,50104410,KR,21068,2022-04-12,58.750000,43196290.00,-0.031327
16678,50104410,KR,21068,2022-04-13,58.340000,42894835.04,-0.006979
16678,50104410,KR,21068,2022-04-14,58.320000,42880129.92,-0.000343
16678,50104410,KR,21068,2022-04-18,57.820000,42512501.92,-0.008573
16678,50104410,KR,21068,2022-04-19,57.790000,42490444.24,-0.000519
16678,50104410,KR,21068,2022-04-20,57.700000,42424271.20,-0.001557
16678,50104410,KR,21068,2022-04-21,58.180000,42777194.08,0.008319
16678,50104410,KR,21068,2022-04-22,57.000000,41909592.00,-0.020282
16678,50104410,KR,21068,2022-04-25,56.690000,41681662.64,-0.005439
16678,50104410,KR,21068,2022-04-26,55.720000,40968464.32,-0.017111
16678,50104410,KR,21068,2022-04-27,55.580000,40865528.48,-0.002513
16678,50104410,KR,21068,2022-04-28,55.490000,40799355.44,-0.001619
16678,50104410,KR,21068,2022-04-29,53.960000,38981891.12,-0.027573
16678,50104410,KR,21068,2022-05-02,53.720000,38808509.84,-0.004448
16678,50104410,KR,21068,2022-05-03,54.790000,39581501.38,0.019918
16678,50104410,KR,21068,2022-05-04,55.770000,40289474.94,0.017886
16678,50104410,KR,21068,2022-05-05,53.850000,38902424.70,-0.034427
16678,50104410,KR,21068,2022-05-06,53.850000,38902424.70,0.000000
16678,50104410,KR,21068,2022-05-09,54.840000,39617622.48,0.018384
16678,50104410,KR,21068,2022-05-10,55.190000,39870470.18,0.006382
16678,50104410,KR,21068,2022-05-11,54.330000,39249187.26,-0.015583
16678,50104410,KR,21068,2022-05-12,54.220000,39169720.84,0.001841
16678,50104410,KR,21068,2022-05-13,53.390000,38570110.58,-0.015308
16678,50104410,KR,21068,2022-05-16,53.200000,38432850.40,-0.003559
16678,50104410,KR,21068,2022-05-17,51.230000,37009679.06,-0.037030
16678,50104410,KR,21068,2022-05-18,47.900000,34604013.80,-0.065001
16678,50104410,KR,21068,2022-05-19,48.000000,34676256.00,0.002088
16678,50104410,KR,21068,2022-05-20,48.660000,35153054.52,0.013750
16678,50104410,KR,21068,2022-05-23,50.220000,36280032.84,0.032059
16678,50104410,KR,21068,2022-05-24,51.510000,37211957.22,0.025687
16678,50104410,KR,21068,2022-05-25,51.160000,36959109.52,-0.006795
16678,50104410,KR,21068,2022-05-26,52.140000,37667083.08,0.019156
16678,50104410,KR,21068,2022-05-27,52.960000,38259469.12,0.015727
16678,50104410,KR,21068,2022-05-31,52.970000,38266693.34,0.000189
16678,50104410,KR,21068,2022-06-01,51.350000,37096369.70,-0.030583
16678,50104410,KR,21068,2022-06-02,52.880000,38201675.36,0.029796
16678,50104410,KR,21068,2022-06-03,52.540000,37956051.88,-0.006430
16678,50104410,KR,21068,2022-06-06,52.150000,37674307.30,-0.007423
16678,50104410,KR,21068,2022-06-07,52.030000,37587616.66,-0.002301
16678,50104410,KR,21068,2022-06-08,51.220000,37002454.84,-0.015568
16678,50104410,KR,21068,2022-06-09,50.430000,36431741.46,-0.015424
16678,50104410,KR,21068,2022-06-10,51.090000,36908539.98,0.013087
16678,50104410,KR,21068,2022-06-13,50.330000,36359499.26,-0.014876
16678,50104410,KR,21068,2022-06-14,50.390000,36402844.58,0.001192
16678,50104410,KR,21068,2022-06-15,50.880000,36756831.36,0.009724
16678,50104410,KR,21068,2022-06-16,49.820000,35991064.04,-0.020833
16678,50104410,KR,21068,2022-06-17,46.200000,33375896.40,-0.072662
16678,50104410,KR,21068,2022-06-21,48.400000,34965224.80,0.047619
16678,50104410,KR,21068,2022-06-22,47.340000,34199457.48,-0.021901
16678,50104410,KR,21068,2022-06-23,47.730000,34481202.06,0.008238
16678,50104410,KR,21068,2022-06-24,48.450000,35001345.90,0.015085
16678,50104410,KR,21068,2022-06-27,48.700000,35181951.40,0.005160
16678,50104410,KR,21068,2022-06-28,48.430000,34986897.46,-0.005544
16678,50104410,KR,21068,2022-06-29,48.110000,34755722.42,-0.006607
16678,50104410,KR,21068,2022-06-30,47.330000,34444549.49,-0.016213
16678,50104410,KR,21068,2022-07-01,48.140000,35034029.42,0.017114
16678,50104410,KR,21068,2022-07-05,47.230000,34371774.19,-0.018903
16678,50104410,KR,21068,2022-07-06,47.400000,34495492.20,0.003599
16678,50104410,KR,21068,2022-07-07,48.740000,35470681.22,0.028270
16678,50104410,KR,21068,2022-07-08,48.020000,34946699.06,-0.014772
16678,50104410,KR,21068,2022-07-11,47.900000,34859368.70,-0.002499
16678,50104410,KR,21068,2022-07-12,47.600000,34641042.80,-0.006263
16678,50104410,KR,21068,2022-07-13,47.950000,34895756.35,0.007353
16678,50104410,KR,21068,2022-07-14,47.500000,34568267.50,-0.009385
16678,50104410,KR,21068,2022-07-15,47.750000,34750205.75,0.005263
16678,50104410,KR,21068,2022-07-18,47.530000,34590100.09,-0.004607
16678,50104410,KR,21068,2022-07-19,47.300000,34422716.90,-0.004839
16678,50104410,KR,21068,2022-07-20,47.200000,34349941.60,-0.002114
16678,50104410,KR,21068,2022-07-21,46.280000,33680408.84,-0.019492
16678,50104410,KR,21068,2022-07-22,46.240000,33651298.72,-0.000864
16678,50104410,KR,21068,2022-07-25,45.710000,33265589.63,-0.011462
16678,50104410,KR,21068,2022-07-26,46.020000,33491193.06,0.006782
16678,50104410,KR,21068,2022-07-27,45.940000,33432972.82,-0.001738
16678,50104410,KR,21068,2022-07-28,46.040000,33505748.12,0.002177
16678,50104410,KR,21068,2022-07-29,46.440000,33230606.40,0.008688
16678,50104410,KR,21068,2022-08-01,46.740000,33445274.40,0.006460
16678,50104410,KR,21068,2022-08-02,46.780000,33473896.80,0.000856
16678,50104410,KR,21068,2022-08-03,46.970000,33609853.20,0.004062
16678,50104410,KR,21068,2022-08-04,46.700000,33416652.00,-0.005748
16678,50104410,KR,21068,2022-08-05,47.250000,33810210.00,0.011777
16678,50104410,KR,21068,2022-08-08,47.090000,33695720.40,-0.003386
16678,50104410,KR,21068,2022-08-09,46.870000,33538297.20,-0.004672
16678,50104410,KR,21068,2022-08-10,46.790000,33481052.40,-0.001707
16678,50104410,KR,21068,2022-08-11,47.190000,33767276.40,0.008549
16678,50104410,KR,21068,2022-08-12,47.210000,33781587.60,0.005933
16678,50104410,KR,21068,2022-08-15,47.520000,34003411.20,0.006566
16678,50104410,KR,21068,2022-08-16,49.080000,35119684.80,0.032828
16678,50104410,KR,21068,2022-08-17,48.550000,34740438.00,-0.010799
16678,50104410,KR,21068,2022-08-18,49.620000,35506087.20,0.022039
16678,50104410,KR,21068,2022-08-19,49.500000,35420220.00,-0.002418
16678,50104410,KR,21068,2022-08-22,50.120000,35863867.20,0.012525
16678,50104410,KR,21068,2022-08-23,49.600000,35491776.00,-0.010375
16678,50104410,KR,21068,2022-08-24,49.660000,35534709.60,0.001210
16678,50104410,KR,21068,2022-08-25,49.320000,35291419.20,-0.006847
16678,50104410,KR,21068,2022-08-26,48.380000,34618792.80,-0.019059
16678,50104410,KR,21068,2022-08-29,48.300000,34561548.00,-0.001654
16678,50104410,KR,21068,2022-08-30,47.510000,33996255.60,-0.016356
16678,50104410,KR,21068,2022-08-31,47.940000,34303946.40,0.009051
16678,50104410,KR,21068,2022-09-01,48.610000,34783371.60,0.013976
16678,50104410,KR,21068,2022-09-02,48.430000,34654570.80,-0.003703
16678,50104410,KR,21068,2022-09-06,48.520000,34718971.20,0.001858
16678,50104410,KR,21068,2022-09-07,49.820000,35649199.20,0.026793
16678,50104410,KR,21068,2022-09-08,48.360000,34604481.60,-0.029305
16678,50104410,KR,21068,2022-09-09,51.940000,37166186.40,0.074028
16678,50104410,KR,21068,2022-09-12,50.540000,36164402.40,-0.026954
16678,50104410,KR,21068,2022-09-13,49.370000,35327197.20,-0.023150
16678,50104410,KR,21068,2022-09-14,48.940000,35019506.40,-0.008710
16678,50104410,KR,21068,2022-09-15,47.880000,34261012.80,-0.021659
16678,50104410,KR,21068,2022-09-16,47.280000,33831676.80,-0.012531
16678,50104410,KR,21068,2022-09-19,47.450000,33953322.00,0.003596
16678,50104410,KR,21068,2022-09-20,46.920000,33574075.20,-0.011170
16678,50104410,KR,21068,2022-09-21,45.270000,32393401.20,-0.035166
16678,50104410,KR,21068,2022-09-22,45.500000,32557980.00,0.005081
16678,50104410,KR,21068,2022-09-23,44.860000,32100021.60,-0.014066
16678,50104410,KR,21068,2022-09-26,45.000000,32200200.00,0.003121
16678,50104410,KR,21068,2022-09-27,44.290000,31692152.40,-0.015778
16678,50104410,KR,21068,2022-09-28,45.450000,32522202.00,0.026191
16678,50104410,KR,21068,2022-09-29,44.680000,31971220.80,-0.016942
16678,50104410,KR,21068,2022-09-30,43.750000,31316512.50,-0.020815
16678,50104410,KR,21068,2022-10-03,43.750000,31316512.50,0.000000
16678,50104410,KR,21068,2022-10-04,44.700000,31996528.20,0.021714
16678,50104410,KR,21068,2022-10-05,44.600000,31924947.60,-0.002237
16678,50104410,KR,21068,2022-10-06,43.720000,31295038.32,-0.019731
16678,50104410,KR,21068,2022-10-07,43.000000,30779658.00,-0.016468
16678,50104410,KR,21068,2022-10-10,44.260000,31681573.56,0.029302
16678,50104410,KR,21068,2022-10-11,45.680000,32698018.08,0.032083
16678,50104410,KR,21068,2022-10-12,46.040000,32955708.24,0.007881
16678,50104410,KR,21068,2022-10-13,46.570000,33335085.42,0.011512
16678,50104410,KR,21068,2022-10-14,43.160000,30894186.96,-0.073223
16678,50104410,KR,21068,2022-10-17,42.110000,30142590.66,-0.024328
16678,50104410,KR,21068,2022-10-18,43.160000,30894186.96,0.024935
16678,50104410,KR,21068,2022-10-19,42.940000,30736709.64,-0.005097
16678,50104410,KR,21068,2022-10-20,42.170000,30185539.02,-0.017932
16678,50104410,KR,21068,2022-10-21,43.630000,31230615.78,0.034622
16678,50104410,KR,21068,2022-10-24,43.990000,31488305.94,0.008251
16678,50104410,KR,21068,2022-10-25,44.770000,32046634.62,0.017731
16678,50104410,KR,21068,2022-10-26,45.440000,32526224.64,0.014965
16678,50104410,KR,21068,2022-10-27,45.680000,32698018.08,0.005282
16678,50104410,KR,21068,2022-10-28,46.770000,33478246.62,0.023862
16678,50104410,KR,21068,2022-10-31,47.290000,33850465.74,0.011118
16678,50104410,KR,21068,2022-11-01,47.170000,33764569.02,-0.002538
16678,50104410,KR,21068,2022-11-02,46.560000,33327927.36,-0.012932
16678,50104410,KR,21068,2022-11-03,47.220000,33800359.32,0.014175
16678,50104410,KR,21068,2022-11-04,46.400000,33213398.40,-0.017366
16678,50104410,KR,21068,2022-11-07,46.850000,33535511.10,0.009698
16678,50104410,KR,21068,2022-11-08,47.120000,33728778.72,0.005763
16678,50104410,KR,21068,2022-11-09,48.060000,34401636.36,0.019949
16678,50104410,KR,21068,2022-11-10,48.110000,34437426.66,0.001040
16678,50104410,KR,21068,2022-11-11,47.100000,33714462.60,-0.020994
16678,50104410,KR,21068,2022-11-14,46.560000,33327927.36,-0.005945
16678,50104410,KR,21068,2022-11-15,46.870000,33549827.22,0.006658
16678,50104410,KR,21068,2022-11-16,47.830000,34237000.98,0.020482
16678,50104410,KR,21068,2022-11-17,48.180000,34487533.08,0.007318
16678,50104410,KR,21068,2022-11-18,48.260000,34544797.56,0.001660
16678,50104410,KR,21068,2022-11-21,48.120000,34444584.72,-0.002901
16678,50104410,KR,21068,2022-11-22,48.080000,34415952.48,-0.000831
16678,50104410,KR,21068,2022-11-23,47.840000,34244159.04,-0.004992
16678,50104410,KR,21068,2022-11-25,49.040000,35103126.24,0.025084
16678,50104410,KR,21068,2022-11-28,48.830000,34952806.98,-0.004282
16678,50104410,KR,21068,2022-11-29,49.350000,35325026.10,0.010649
16678,50104410,KR,21068,2022-11-30,49.190000,35210497.14,-0.003242
16678,50104410,KR,21068,2022-12-01,48.410000,34652168.46,-0.015857
16678,50104410,KR,21068,2022-12-02,47.570000,34050891.42,-0.017352
16678,50104410,KR,21068,2022-12-05,46.070000,32977182.42,-0.031532
16678,50104410,KR,21068,2022-12-06,46.330000,33163291.98,0.005644
16678,50104410,KR,21068,2022-12-07,46.940000,33599933.64,0.013166
16678,50104410,KR,21068,2022-12-08,47.460000,33972152.76,0.011078
16678,50104410,KR,21068,2022-12-09,46.470000,33263504.82,-0.020860
16678,50104410,KR,21068,2022-12-12,46.710000,33435298.26,0.005165
16678,50104410,KR,21068,2022-12-13,45.450000,32533382.70,-0.026975
16678,50104410,KR,21068,2022-12-14,44.760000,32039476.56,-0.015182
16678,50104410,KR,21068,2022-12-15,43.490000,31130402.94,-0.028374
16678,50104410,KR,21068,2022-12-16,44.320000,31724521.92,0.019085
16678,50104410,KR,21068,2022-12-19,44.400000,31781786.40,0.001805
16678,50104410,KR,21068,2022-12-20,44.580000,31910631.48,0.004054
16678,50104410,KR,21068,2022-12-21,44.460000,31824734.76,-0.002692
16678,50104410,KR,21068,2022-12-22,45.250000,32390221.50,0.017769
16678,50104410,KR,21068,2022-12-23,45.890000,32848337.34,0.014144
16678,50104410,KR,21068,2022-12-27,45.950000,32891285.70,0.001307
16678,50104410,KR,21068,2022-12-28,44.580000,31910631.48,-0.029815
16678,50104410,KR,21068,2022-12-29,44.620000,31939263.72,0.000897
16678,50104410,KR,21068,2022-12-30,44.580000,31911344.76,-0.000896
16678,50104410,KR,21068,2023-01-03,44.470000,31832604.34,-0.002467
16678,50104410,KR,21068,2023-01-04,44.970000,32190515.34,0.011244
16678,50104410,KR,21068,2023-01-05,45.160000,32326521.52,0.004225
16678,50104410,KR,21068,2023-01-06,45.740000,32741698.28,0.012843
16678,50104410,KR,21068,2023-01-09,46.190000,33063818.18,0.009838
16678,50104410,KR,21068,2023-01-10,45.980000,32913495.56,-0.004546
16678,50104410,KR,21068,2023-01-11,45.610000,32648641.42,-0.008047
16678,50104410,KR,21068,2023-01-12,45.670000,32691590.74,0.001316
16678,50104410,KR,21068,2023-01-13,45.220000,32369470.84,-0.009853
16678,50104410,KR,21068,2023-01-17,46.180000,33056659.96,0.021230
16678,50104410,KR,21068,2023-01-18,45.260000,32398103.72,-0.019922
16678,50104410,KR,21068,2023-01-19,44.000000,31496168.00,-0.027839
16678,50104410,KR,21068,2023-01-20,44.450000,31818287.90,0.010227
16678,50104410,KR,21068,2023-01-23,44.700000,31997243.40,0.005624
16678,50104410,KR,21068,2023-01-24,44.260000,31682281.72,-0.009843
16678,50104410,KR,21068,2023-01-25,44.900000,32140407.80,0.014460
16678,50104410,KR,21068,2023-01-26,44.460000,31825446.12,-0.009800
16678,50104410,KR,21068,2023-01-27,45.050000,32247781.10,0.013270
16678,50104410,KR,21068,2023-01-30,44.210000,31646490.62,-0.018646
16678,50104410,KR,21068,2023-01-31,44.630000,31947135.86,0.009500
16678,50104410,KR,21068,2023-02-01,45.180000,32340837.96,0.012324
16678,50104410,KR,21068,2023-02-02,44.970000,32190515.34,-0.004648
16678,50104410,KR,21068,2023-02-03,44.420000,31796813.24,-0.012230
16678,50104410,KR,21068,2023-02-06,44.540000,31882711.88,0.002701
16678,50104410,KR,21068,2023-02-07,44.470000,31832604.34,-0.001572
16678,50104410,KR,21068,2023-02-08,44.270000,31689439.94,-0.004497
16678,50104410,KR,21068,2023-02-09,44.090000,31560591.98,-0.004066
16678,50104410,KR,21068,2023-02-10,44.800000,32068825.60,0.016103
16678,50104410,KR,21068,2023-02-13,44.890000,32133249.58,0.002009
16678,50104410,KR,21068,2023-02-14,43.630000,31231313.86,-0.022277
16678,50104410,KR,21068,2023-02-15,44.270000,31689439.94,0.014669
16678,50104410,KR,21068,2023-02-16,43.850000,31388794.70,-0.009487
16678,50104410,KR,21068,2023-02-17,44.000000,31496168.00,0.003421
16678,50104410,KR,21068,2023-02-21,44.620000,31939977.64,0.014091
16678,50104410,KR,21068,2023-02-22,44.620000,31939977.64,0.000000
16678,50104410,KR,21068,2023-02-23,43.910000,31431744.02,-0.015912
16678,50104410,KR,21068,2023-02-24,43.750000,31317212.50,-0.003644
16678,50104410,KR,21068,2023-02-27,43.410000,31073833.02,-0.007771
16678,50104410,KR,21068,2023-02-28,43.140000,30880561.08,-0.006220
16678,50104410,KR,21068,2023-03-01,43.380000,31052358.36,0.005563
16678,50104410,KR,21068,2023-03-02,45.730000,32734540.06,0.054172
16678,50104410,KR,21068,2023-03-03,45.980000,32913495.56,0.005467
16678,50104410,KR,21068,2023-03-06,46.480000,33271406.56,0.010874
16678,50104410,KR,21068,2023-03-07,46.910000,33579210.02,0.009251
16678,50104410,KR,21068,2023-03-08,47.450000,33965753.90,0.011511
16678,50104410,KR,21068,2023-03-09,47.250000,33822589.50,-0.004215
16678,50104410,KR,21068,2023-03-10,47.100000,33715216.20,-0.003175
16678,50104410,KR,21068,2023-03-13,46.850000,33536260.70,-0.005308
16678,50104410,KR,21068,2023-03-14,47.180000,33772481.96,0.007044
16678,50104410,KR,21068,2023-03-15,48.290000,34567044.38,0.023527
16678,50104410,KR,21068,2023-03-16,47.130000,33736690.86,-0.024022
16678,50104410,KR,21068,2023-03-17,46.780000,33486153.16,-0.007426
16678,50104410,KR,21068,2023-03-20,47.350000,33894171.70,0.012185
16678,50104410,KR,21068,2023-03-21,47.760000,34187658.72,0.008659
16678,50104410,KR,21068,2023-03-22,48.040000,34388088.88,0.005863
16678,50104410,KR,21068,2023-03-23,48.520000,34731683.44,0.009992
16678,50104410,KR,21068,2023-03-24,49.050000,35111069.10,0.010923
16678,50104410,KR,21068,2023-03-27,48.630000,34810423.86,-0.008563
16678,50104410,KR,21068,2023-03-28,48.920000,35018012.24,0.005963
16678,50104410,KR,21068,2023-03-29,49.040000,35103910.88,0.002453
16678,50104410,KR,21068,2023-03-30,49.060000,35118227.32,0.000408
16678,50104410,KR,21068,2023-03-31,49.370000,35421395.16,0.006319
16678,50104410,KR,21068,2023-04-03,49.940000,35830351.92,0.011545
16678,50104410,KR,21068,2023-04-04,49.460000,35485967.28,-0.009612
16678,50104410,KR,21068,2023-04-05,48.060000,34481512.08,-0.028306
16678,50104410,KR,21068,2023-04-06,48.520000,34811547.36,0.009571
16678,50104410,KR,21068,2023-04-10,48.900000,35084185.20,0.007832
16678,50104410,KR,21068,2023-04-11,47.960000,34409765.28,-0.019223
16678,50104410,KR,21068,2023-04-12,47.320000,33950585.76,-0.013344
16678,50104410,KR,21068,2023-04-13,47.050000,33756869.40,-0.005706
16678,50104410,KR,21068,2023-04-14,46.650000,33469882.20,-0.008502
16678,50104410,KR,21068,2023-04-17,47.810000,34302145.08,0.024866
16678,50104410,KR,21068,2023-04-18,47.850000,34330843.80,0.000837
16678,50104410,KR,21068,2023-04-19,47.450000,34043856.60,-0.008359
16678,50104410,KR,21068,2023-04-20,47.800000,34294970.40,0.007376
16678,50104410,KR,21068,2023-04-21,47.920000,34381066.56,0.002510
16678,50104410,KR,21068,2023-04-24,48.240000,34610656.32,0.006678
16678,50104410,KR,21068,2023-04-25,47.970000,34416939.96,-0.005597
16678,50104410,KR,21068,2023-04-26,47.820000,34309319.76,-0.003127
16678,50104410,KR,21068,2023-04-27,48.340000,34682403.12,0.010874
16678,50104410,KR,21068,2023-04-28,48.630000,34890468.84,0.005999
16678,50104410,KR,21068,2023-05-01,49.280000,35356823.04,0.013366
16678,50104410,KR,21068,2023-05-02,49.440000,35471617.92,0.003247
16678,50104410,KR,21068,2023-05-03,48.940000,35112883.92,-0.010113
16678,50104410,KR,21068,2023-05-04,48.280000,34639355.04,-0.013486
16678,50104410,KR,21068,2023-05-05,49.230000,35320949.64,0.019677
16678,50104410,KR,21068,2023-05-08,49.150000,35263552.20,-0.001625
16678,50104410,KR,21068,2023-05-09,49.160000,35270726.88,0.000203
16678,50104410,KR,21068,2023-05-10,49.120000,35242028.16,-0.000814
16678,50104410,KR,21068,2023-05-11,49.160000,35270726.88,0.000814
16678,50104410,KR,21068,2023-05-12,49.180000,35285076.24,0.005696
16678,50104410,KR,21068,2023-05-15,49.070000,35206154.76,-0.002237
16678,50104410,KR,21068,2023-05-16,48.930000,35105709.24,-0.002853
16678,50104410,KR,21068,2023-05-17,49.250000,35335299.00,0.006540
16678,50104410,KR,21068,2023-05-18,49.330000,35392696.44,0.001624
16678,50104410,KR,21068,2023-05-19,49.640000,35615111.52,0.006284
16678,50104410,KR,21068,2023-05-22,49.980000,35859050.64,0.006849
16678,50104410,KR,21068,2023-05-23,49.100000,35227678.80,-0.017607
16678,50104410,KR,21068,2023-05-24,49.560000,35557714.08,0.009369
16678,50104410,KR,21068,2023-05-25,48.900000,35084185.20,-0.013317
16678,50104410,KR,21068,2023-05-26,47.310000,33943411.08,-0.032515
16678,50104410,KR,21068,2023-05-30,45.960000,32974829.28,-0.028535
16678,50104410,KR,21068,2023-05-31,45.330000,32522824.44,-0.013708
16678,50104410,KR,21068,2023-06-01,44.660000,32042120.88,-0.014780
16678,50104410,KR,21068,2023-06-02,45.920000,32946130.56,0.028213
16678,50104410,KR,21068,2023-06-05,46.150000,33111148.20,0.005009
16678,50104410,KR,21068,2023-06-06,46.070000,33053750.76,-0.001733
16678,50104410,KR,21068,2023-06-07,45.460000,32616095.28,-0.013241
16678,50104410,KR,21068,2023-06-08,45.760000,32831335.68,0.006599
16678,50104410,KR,21068,2023-06-09,46.170000,33125497.56,0.008960
16678,50104410,KR,21068,2023-06-12,46.380000,33276165.84,0.004548
16678,50104410,KR,21068,2023-06-13,46.860000,33620550.48,0.010349
16678,50104410,KR,21068,2023-06-14,47.210000,33871664.28,0.007469
16678,50104410,KR,21068,2023-06-15,45.940000,32960479.92,-0.026901
16678,50104410,KR,21068,2023-06-16,46.170000,33125497.56,0.005007
16678,50104410,KR,21068,2023-06-20,45.830000,32881558.44,-0.007364
16678,50104410,KR,21068,2023-06-21,45.680000,32773938.24,-0.003273
16678,50104410,KR,21068,2023-06-22,46.070000,33053750.76,0.008538
16678,50104410,KR,21068,2023-06-23,46.140000,33103973.52,0.001519
16678,50104410,KR,21068,2023-06-26,46.650000,33469882.20,0.011053
16678,50104410,KR,21068,2023-06-27,46.770000,33555978.36,0.002572
16678,50104410,KR,21068,2023-06-28,47.170000,33842965.56,0.008552
16678,50104410,KR,21068,2023-06-29,46.320000,33233117.76,-0.018020
16678,50104410,KR,21068,2023-06-30,47.000000,33734062.00,0.014680
16678,50104410,KR,21068,2023-07-03,47.440000,34049870.24,0.009362
16678,50104410,KR,21068,2023-07-05,47.040000,33762771.84,-0.008432
16678,50104410,KR,21068,2023-07-06,47.290000,33942208.34,0.005315
16678,50104410,KR,21068,2023-07-07,47.170000,33856078.82,-0.002538
16678,50104410,KR,21068,2023-07-10,46.880000,33647932.48,-0.006148
16678,50104410,KR,21068,2023-07-11,47.570000,34143177.22,0.014718
16678,50104410,KR,21068,2023-07-12,47.350000,33985273.10,-0.004625
16678,50104410,KR,21068,2023-07-13,47.000000,33734062.00,-0.007392
16678,50104410,KR,21068,2023-07-14,46.440000,33332124.24,-0.011915
16678,50104410,KR,21068,2023-07-17,46.540000,33403898.84,0.002153
16678,50104410,KR,21068,2023-07-18,46.210000,33167042.66,-0.007091
16678,50104410,KR,21068,2023-07-19,46.980000,33719707.08,0.016663
16678,50104410,KR,21068,2023-07-20,47.860000,34351323.56,0.018731
16678,50104410,KR,21068,2023-07-21,47.990000,34444630.54,0.002716
16678,50104410,KR,21068,2023-07-24,48.740000,34982940.04,0.015628
16678,50104410,KR,21068,2023-07-25,48.690000,34947052.74,-0.001026
16678,50104410,KR,21068,2023-07-26,48.710000,34961407.66,0.000411
16678,50104410,KR,21068,2023-07-27,48.100000,34523582.60,-0.012523
16678,50104410,KR,21068,2023-07-28,48.520000,34825035.92,0.008732
16678,50104410,KR,21068,2023-07-31,48.640000,34911165.44,0.002473
16678,50104410,KR,21068,2023-08-01,48.540000,34839390.84,-0.002056
16678,50104410,KR,21068,2023-08-02,49.020000,35183908.92,0.009889
16678,50104410,KR,21068,2023-08-03,49.400000,35456652.40,0.007752
16678,50104410,KR,21068,2023-08-04,49.490000,35521249.54,0.001822
16678,50104410,KR,21068,2023-08-07,49.700000,35671976.20,0.004243
16678,50104410,KR,21068,2023-08-08,48.870000,35076247.02,-0.016700
16678,50104410,KR,21068,2023-08-09,49.260000,35356167.96,0.007980
16678,50104410,KR,21068,2023-08-10,49.080000,35226973.68,-0.003654
16678,50104410,KR,21068,2023-08-11,48.980000,35155199.08,-0.002037
16678,50104410,KR,21068,2023-08-14,48.560000,34853745.76,-0.002654
16678,50104410,KR,21068,2023-08-15,47.950000,34415920.70,-0.012562
16678,50104410,KR,21068,2023-08-16,47.020000,33748416.92,-0.019395
16678,50104410,KR,21068,2023-08-17,46.740000,33547448.04,-0.005955
16678,50104410,KR,21068,2023-08-18,47.570000,34143177.22,0.017758
16678,50104410,KR,21068,2023-08-21,47.390000,34013982.94,-0.003784
16678,50104410,KR,21068,2023-08-22,47.010000,33741239.46,-0.008019
16678,50104410,KR,21068,2023-08-23,46.930000,33683819.78,-0.001702
16678,50104410,KR,21068,2023-08-24,46.490000,33368011.54,-0.009376
16678,50104410,KR,21068,2023-08-25,46.540000,33403898.84,0.001076
16678,50104410,KR,21068,2023-08-28,46.630000,33468495.98,0.001934
16678,50104410,KR,21068,2023-08-29,46.490000,33368011.54,-0.003002
16678,50104410,KR,21068,2023-08-30,46.520000,33389543.92,0.000645
16678,50104410,KR,21068,2023-08-31,46.390000,33296236.94,-0.002794
16678,50104410,KR,21068,2023-09-01,45.980000,33001961.08,-0.008838
16678,50104410,KR,21068,2023-09-05,45.020000,32312924.92,-0.020879
16678,50104410,KR,21068,2023-09-06,45.160000,32413409.36,0.003110
16678,50104410,KR,21068,2023-09-07,45.530000,32678975.38,0.008193
16678,50104410,KR,21068,2023-09-08,46.940000,33690997.24,0.030969
16678,50104410,KR,21068,2023-09-11,45.430000,32607200.78,-0.032169
16678,50104410,KR,21068,2023-09-12,45.680000,32786637.28,0.005503
16678,50104410,KR,21068,2023-09-13,45.110000,32377522.06,-0.012478
16678,50104410,KR,21068,2023-09-14,45.790000,32865589.34,0.015074
16678,50104410,KR,21068,2023-09-15,46.320000,33245994.72,0.011575
16678,50104410,KR,21068,2023-09-18,46.540000,33403898.84,0.004750
16678,50104410,KR,21068,2023-09-19,46.090000,33080913.14,-0.009669
16678,50104410,KR,21068,2023-09-20,46.180000,33145510.28,0.001953
16678,50104410,KR,21068,2023-09-21,45.710000,32808169.66,-0.010178
16678,50104410,KR,21068,2023-09-22,45.660000,32772282.36,-0.001094
16678,50104410,KR,21068,2023-09-25,45.710000,32808169.66,0.001095
16678,50104410,KR,21068,2023-09-26,45.150000,32406231.90,-0.012251
16678,50104410,KR,21068,2023-09-27,44.480000,31925342.08,-0.014839
16678,50104410,KR,21068,2023-09-28,45.090000,32363167.14,0.013714
16678,50104410,KR,21068,2023-09-29,44.750000,32189391.00,-0.007540
16678,50104410,KR,21068,2023-10-02,44.030000,31671483.48,-0.016089
16678,50104410,KR,21068,2023-10-03,44.270000,31844119.32,0.005451
16678,50104410,KR,21068,2023-10-04,44.940000,32326061.04,0.015134
16678,50104410,KR,21068,2023-10-05,44.150000,31757801.40,-0.017579
16678,50104410,KR,21068,2023-10-06,43.450000,31254280.20,-0.015855
16678,50104410,KR,21068,2023-10-09,44.620000,32095879.92,0.026928
16678,50104410,KR,21068,2023-10-10,44.840000,32254129.44,0.004931
16678,50104410,KR,21068,2023-10-11,44.190000,31786574.04,-0.014496
16678,50104410,KR,21068,2023-10-12,44.260000,31836926.16,0.001584
16678,50104410,KR,21068,2023-10-13,44.160000,31764994.56,-0.002259
16678,50104410,KR,21068,2023-10-16,44.290000,31858505.64,0.002944
16678,50104410,KR,21068,2023-10-17,44.490000,32002368.84,0.004516
16678,50104410,KR,21068,2023-10-18,44.230000,31815346.68,-0.005844
16678,50104410,KR,21068,2023-10-19,44.500000,32009562.00,0.006104
16678,50104410,KR,21068,2023-10-20,44.130000,31743415.08,-0.008315
16678,50104410,KR,21068,2023-10-23,43.320000,31160769.12,-0.018355
16678,50104410,KR,21068,2023-10-24,43.610000,31369370.76,0.006694
16678,50104410,KR,21068,2023-10-25,44.290000,31858505.64,0.015593
16678,50104410,KR,21068,2023-10-26,44.770000,32203777.32,0.010838
16678,50104410,KR,21068,2023-10-27,44.430000,31959209.88,-0.007594
16678,50104410,KR,21068,2023-10-30,44.950000,32333254.20,0.011704
16678,50104410,KR,21068,2023-10-31,45.370000,32635366.92,0.009344
16678,50104410,KR,21068,2023-11-01,45.390000,32649753.24,0.000441
16678,50104410,KR,21068,2023-11-02,45.400000,32656946.40,0.000220
16678,50104410,KR,21068,2023-11-03,45.370000,32635366.92,-0.000661
16678,50104410,KR,21068,2023-11-06,45.160000,32484310.56,-0.004629
16678,50104410,KR,21068,2023-11-07,45.110000,32448344.76,-0.001107
16678,50104410,KR,21068,2023-11-08,43.870000,31556392.92,-0.027488
16678,50104410,KR,21068,2023-11-09,43.890000,31570779.24,0.000456
16678,50104410,KR,21068,2023-11-10,43.890000,31570779.24,0.000000
16678,50104410,KR,21068,2023-11-13,44.180000,31779380.88,0.006607
16678,50104410,KR,21068,2023-11-14,44.240000,31822539.84,0.007922
16678,50104410,KR,21068,2023-11-15,44.510000,32016755.16,0.006103
16678,50104410,KR,21068,2023-11-16,42.660000,30686020.56,-0.041564
16678,50104410,KR,21068,2023-11-17,42.440000,30527771.04,-0.005157
16678,50104410,KR,21068,2023-11-20,42.920000,30873042.72,0.011310
16678,50104410,KR,21068,2023-11-21,43.010000,30937781.16,0.002097
16678,50104410,KR,21068,2023-11-22,43.820000,31520427.12,0.018833
16678,50104410,KR,21068,2023-11-24,44.180000,31779380.88,0.008215
16678,50104410,KR,21068,2023-11-27,44.090000,31714642.44,-0.002037
16678,50104410,KR,21068,2023-11-28,43.920000,31592358.72,-0.003856
16678,50104410,KR,21068,2023-11-29,43.640000,31390950.24,-0.006375
16678,50104410,KR,21068,2023-11-30,44.270000,31844119.32,0.014436
16678,50104410,KR,21068,2023-12-01,44.600000,32081493.60,0.007454
16678,50104410,KR,21068,2023-12-04,44.670000,32131845.72,0.001570
16678,50104410,KR,21068,2023-12-05,44.510000,32016755.16,-0.003582
16678,50104410,KR,21068,2023-12-06,44.540000,32038334.64,0.000674
16678,50104410,KR,21068,2023-12-07,44.800000,32225356.80,0.005837
16678,50104410,KR,21068,2023-12-08,44.580000,32067107.28,-0.004911
16678,50104410,KR,21068,2023-12-11,45.090000,32433958.44,0.011440
16678,50104410,KR,21068,2023-12-12,44.250000,31829733.00,-0.018629
16678,50104410,KR,21068,2023-12-13,44.720000,32167811.52,0.010621
16678,50104410,KR,21068,2023-12-14,43.590000,31354984.44,-0.025268
16678,50104410,KR,21068,2023-12-15,44.110000,31729028.76,0.011929
16678,50104410,KR,21068,2023-12-18,45.530000,32750457.48,0.032192
16678,50104410,KR,21068,2023-12-19,45.070000,32419572.12,-0.010103
16678,50104410,KR,21068,2023-12-20,45.000000,32369220.00,-0.001553
16678,50104410,KR,21068,2023-12-21,45.020000,32383606.32,0.000444
16678,50104410,KR,21068,2023-12-22,45.140000,32469924.24,0.002665
16678,50104410,KR,21068,2023-12-26,45.220000,32527469.52,0.001772
16678,50104410,KR,21068,2023-12-27,45.210000,32520276.36,-0.000221
16678,50104410,KR,21068,2023-12-28,45.170000,32491503.72,-0.000885
16678,50104410,KR,21068,2023-12-29,45.710000,32884825.33,0.011955
16678,50104410,KR,21068,2024-01-02,46.270000,33287702.21,0.012251
16678,50104410,KR,21068,2024-01-03,46.520000,33467557.96,0.005403
16678,50104410,KR,21068,2024-01-04,45.900000,33021515.70,-0.013328
16678,50104410,KR,21068,2024-01-05,46.050000,33129429.15,0.003268
16678,50104410,KR,21068,2024-01-08,45.970000,33071875.31,-0.001737
16678,50104410,KR,21068,2024-01-09,46.240000,33266119.52,0.005873
16678,50104410,KR,21068,2024-01-10,46.140000,33194177.22,-0.002163
16678,50104410,KR,21068,2024-01-11,45.850000,32985544.55,-0.006285
16678,50104410,KR,21068,2024-01-12,46.030000,33115040.69,0.003926
16678,50104410,KR,21068,2024-01-16,46.410000,33388421.43,0.008255
16678,50104410,KR,21068,2024-01-17,46.530000,33474752.19,0.002586
16678,50104410,KR,21068,2024-01-18,46.150000,33201371.45,-0.008167
16678,50104410,KR,21068,2024-01-19,45.940000,33050292.62,-0.004550
16678,50104410,KR,21068,2024-01-22,45.930000,33043098.39,-0.000218
16678,50104410,KR,21068,2024-01-23,46.250000,33273313.75,0.006967
16678,50104410,KR,21068,2024-01-24,46.100000,33165400.30,-0.003243
16678,50104410,KR,21068,2024-01-25,46.430000,33402809.89,0.007158
16678,50104410,KR,21068,2024-01-26,46.300000,33309284.90,-0.002800
16678,50104410,KR,21068,2024-01-29,46.530000,33474752.19,0.004968
16678,50104410,KR,21068,2024-01-30,46.650000,33561082.95,0.002579
16678,50104410,KR,21068,2024-01-31,46.140000,33194177.22,-0.010932
16678,50104410,KR,21068,2024-02-01,46.710000,33604248.33,0.012354
16678,50104410,KR,21068,2024-02-02,46.140000,33194177.22,-0.012203
16678,50104410,KR,21068,2024-02-05,45.990000,33086263.77,-0.003251
16678,50104410,KR,21068,2024-02-06,44.990000,32366840.77,-0.021744
16678,50104410,KR,21068,2024-02-07,44.620000,32100654.26,-0.008224
16678,50104410,KR,21068,2024-02-08,45.440000,32690581.12,0.018377
16678,50104410,KR,21068,2024-02-09,45.410000,32668998.43,-0.000660
16678,50104410,KR,21068,2024-02-12,45.840000,32978350.32,0.009469
16678,50104410,KR,21068,2024-02-13,45.570000,32784106.11,-0.005890
16678,50104410,KR,21068,2024-02-14,45.690000,32870436.87,0.008997
16678,50104410,KR,21068,2024-02-15,46.870000,33719356.01,0.025826
16678,50104410,KR,21068,2024-02-16,47.640000,34273311.72,0.016428
16678,50104410,KR,21068,2024-02-20,48.000000,34532304.00,0.007557
16678,50104410,KR,21068,2024-02-21,47.810000,34395613.63,-0.003958
16678,50104410,KR,21068,2024-02-22,47.840000,34417196.32,0.000627
16678,50104410,KR,21068,2024-02-23,48.210000,34683382.83,0.007734
16678,50104410,KR,21068,2024-02-26,47.260000,33999930.98,-0.019705
16678,50104410,KR,21068,2024-02-27,48.370000,34798490.51,0.023487
16678,50104410,KR,21068,2024-02-28,48.530000,34913598.19,0.003308
16678,50104410,KR,21068,2024-02-29,49.610000,35690575.03,0.022254
16678,50104410,KR,21068,2024-03-01,49.160000,35366834.68,-0.009071
16678,50104410,KR,21068,2024-03-04,49.370000,35517913.51,0.004272
16678,50104410,KR,21068,2024-03-05,49.480000,35597050.04,0.002228
16678,50104410,KR,21068,2024-03-06,50.490000,36323667.27,0.020412
16678,50104410,KR,21068,2024-03-07,55.480000,39913588.04,0.098831
16678,50104410,KR,21068,2024-03-08,55.970000,40266105.31,0.008832
16678,50104410,KR,21068,2024-03-11,54.990000,39561070.77,-0.017509
16678,50104410,KR,21068,2024-03-12,55.310000,39791286.13,0.005819
16678,50104410,KR,21068,2024-03-13,56.080000,40345241.84,0.013922
16678,50104410,KR,21068,2024-03-14,55.510000,39935170.73,-0.010164
16678,50104410,KR,21068,2024-03-15,56.060000,40330853.38,0.009908
16678,50104410,KR,21068,2024-03-18,56.190000,40424378.37,0.002319
16678,50104410,KR,21068,2024-03-19,56.480000,40633011.04,0.005161
16678,50104410,KR,21068,2024-03-20,56.830000,40884809.09,0.006197
16678,50104410,KR,21068,2024-03-21,57.020000,41021499.46,0.003343
16678,50104410,KR,21068,2024-03-22,56.550000,40683370.65,-0.008243
16678,50104410,KR,21068,2024-03-25,55.960000,40258911.08,-0.010433
16678,50104410,KR,21068,2024-03-26,56.390000,40568262.97,0.007684
16678,50104410,KR,21068,2024-03-27,56.900000,40935168.70,0.009044
16678,50104410,KR,21068,2024-03-28,57.130000,41133600.00,0.004042
16678,50104410,KR,21068,2024-04-01,56.990000,41032800.00,-0.002451
16678,50104410,KR,21068,2024-04-02,57.820000,41630400.00,0.014564
16678,50104410,KR,21068,2024-04-03,57.760000,41587200.00,-0.001038
16678,50104410,KR,21068,2024-04-04,57.440000,41356800.00,-0.005540
16678,50104410,KR,21068,2024-04-05,57.310000,41263200.00,-0.002263
16678,50104410,KR,21068,2024-04-08,55.370000,39866400.00,-0.033851
16678,50104410,KR,21068,2024-04-09,55.420000,39902400.00,0.000903
16678,50104410,KR,21068,2024-04-10,56.600000,40752000.00,0.021292
16678,50104410,KR,21068,2024-04-11,56.150000,40428000.00,-0.007951
16678,50104410,KR,21068,2024-04-12,55.200000,39744000.00,-0.016919
16678,50104410,KR,21068,2024-04-15,55.360000,39859200.00,0.002899
16678,50104410,KR,21068,2024-04-16,55.280000,39801600.00,-0.001445
16678,50104410,KR,21068,2024-04-17,55.260000,39787200.00,-0.000362
16678,50104410,KR,21068,2024-04-18,55.570000,40010400.00,0.005610
16678,50104410,KR,21068,2024-04-19,56.570000,40730400.00,0.017995
16678,50104410,KR,21068,2024-04-22,56.930000,40989600.00,0.006364
16678,50104410,KR,21068,2024-04-23,55.630000,40053600.00,-0.022835
16678,50104410,KR,21068,2024-04-24,56.150000,40428000.00,0.009347
16678,50104410,KR,21068,2024-04-25,55.910000,40255200.00,-0.004274
16678,50104410,KR,21068,2024-04-26,55.490000,39952800.00,-0.007512
16678,50104410,KR,21068,2024-04-29,55.570000,40010400.00,0.001442
16678,50104410,KR,21068,2024-04-30,55.380000,39967081.44,-0.003419
16678,50104410,KR,21068,2024-05-01,54.770000,39526851.76,-0.011015
16678,50104410,KR,21068,2024-05-02,55.090000,39757791.92,0.005843
16678,50104410,KR,21068,2024-05-03,54.780000,39534068.64,-0.005627
16678,50104410,KR,21068,2024-05-06,55.240000,39866045.12,0.008397
16678,50104410,KR,21068,2024-05-07,55.310000,39916563.28,0.001267
16678,50104410,KR,21068,2024-05-08,55.380000,39967081.44,0.001266
16678,50104410,KR,21068,2024-05-09,55.000000,39692840.00,-0.006862
16678,50104410,KR,21068,2024-05-10,55.900000,40342359.20,0.016364
16678,50104410,KR,21068,2024-05-13,55.200000,39837177.60,-0.012522
16678,50104410,KR,21068,2024-05-14,55.280000,39894912.64,0.006703
16678,50104410,KR,21068,2024-05-15,54.380000,39245393.44,-0.016281
16678,50104410,KR,21068,2024-05-16,54.440000,39288694.72,0.001103
16678,50104410,KR,21068,2024-05-17,54.200000,39115489.60,-0.004409
16678,50104410,KR,21068,2024-05-20,53.890000,38891766.32,-0.005720
16678,50104410,KR,21068,2024-05-21,53.660000,38725778.08,-0.004268
16678,50104410,KR,21068,2024-05-22,53.920000,38913416.96,0.004845
16678,50104410,KR,21068,2024-05-23,53.310000,38473187.28,-0.011313
16678,50104410,KR,21068,2024-05-24,52.990000,38242247.12,-0.006003
16678,50104410,KR,21068,2024-05-28,52.310000,37751499.28,-0.012833
16678,50104410,KR,21068,2024-05-29,51.890000,37448390.32,-0.008029
16678,50104410,KR,21068,2024-05-30,51.980000,37513342.24,0.001734
16678,50104410,KR,21068,2024-05-31,52.370000,38104150.15,0.007503
16678,50104410,KR,21068,2024-06-03,51.860000,37733076.70,-0.009738
16678,50104410,KR,21068,2024-06-04,52.040000,37864043.80,0.003471
16678,50104410,KR,21068,2024-06-05,51.680000,37602109.60,-0.006918
16678,50104410,KR,21068,2024-06-06,51.950000,37798560.25,0.005224
16678,50104410,KR,21068,2024-06-07,51.980000,37820388.10,0.000577
16678,50104410,KR,21068,2024-06-10,51.640000,37573005.80,-0.006541
16678,50104410,KR,21068,2024-06-11,51.370000,37376555.15,-0.005229
16678,50104410,KR,21068,2024-06-12,50.170000,36503441.15,-0.023360
16678,50104410,KR,21068,2024-06-13,50.520000,36758099.40,0.006976
16678,50104410,KR,21068,2024-06-14,50.380000,36656236.10,-0.002771
16678,50104410,KR,21068,2024-06-17,51.050000,37143724.75,0.013299
16678,50104410,KR,21068,2024-06-18,51.980000,37820388.10,0.018217
16678,50104410,KR,21068,2024-06-20,50.280000,36583476.60,-0.032705
16678,50104410,KR,21068,2024-06-21,50.210000,36532544.95,-0.001392
16678,50104410,KR,21068,2024-06-24,50.020000,36394301.90,-0.003784
16678,50104410,KR,21068,2024-06-25,49.820000,36248782.90,-0.003998
16678,50104410,KR,21068,2024-06-26,49.380000,35928641.10,-0.008832
16678,50104410,KR,21068,2024-06-27,49.370000,35921365.15,-0.000203
16678,50104410,KR,21068,2024-06-28,49.930000,36328818.35,0.011343
16678,50104410,KR,21068,2024-07-01,50.560000,36787203.20,0.012618
16678,50104410,KR,21068,2024-07-02,50.430000,36692615.85,-0.002571
16678,50104410,KR,21068,2024-07-03,50.750000,36925446.25,0.006345
16678,50104410,KR,21068,2024-07-05,51.840000,37718524.80,0.021478
16678,50104410,KR,21068,2024-07-08,51.940000,37791284.30,0.001929
16678,50104410,KR,21068,2024-07-09,51.860000,37733076.70,-0.001540
16678,50104410,KR,21068,2024-07-10,52.990000,38555259.05,0.021789
16678,50104410,KR,21068,2024-07-11,52.750000,38380636.25,-0.004529
16678,50104410,KR,21068,2024-07-12,52.490000,38191461.55,-0.004929
16678,50104410,KR,21068,2024-07-15,52.120000,37922251.40,-0.007049
16678,50104410,KR,21068,2024-07-16,53.600000,38999092.00,0.028396
16678,50104410,KR,21068,2024-07-17,54.800000,39872206.00,0.022388
16678,50104410,KR,21068,2024-07-18,54.810000,39879481.95,0.000182
16678,50104410,KR,21068,2024-07-19,54.510000,39661203.45,-0.005473
16678,50104410,KR,21068,2024-07-22,54.860000,39915861.70,0.006421
16678,50104410,KR,21068,2024-07-23,53.840000,39173714.80,-0.018593
16678,50104410,KR,21068,2024-07-24,54.180000,39421097.10,0.006315
16678,50104410,KR,21068,2024-07-25,53.310000,38788089.45,-0.016058
16678,50104410,KR,21068,2024-07-26,54.270000,39486580.65,0.018008
16678,50104410,KR,21068,2024-07-29,54.200000,39435649.00,-0.001290
16678,50104410,KR,21068,2024-07-30,54.700000,39799446.50,0.009225
16678,50104410,KR,21068,2024-07-31,54.500000,39337609.50,-0.003656
16678,50104410,KR,21068,2024-08-01,55.090000,39763466.19,0.010826
16678,50104410,KR,21068,2024-08-02,54.330000,39214905.03,-0.013796
16678,50104410,KR,21068,2024-08-05,53.900000,38904534.90,-0.007915
16678,50104410,KR,21068,2024-08-06,54.130000,39070546.83,0.004267
16678,50104410,KR,21068,2024-08-07,53.900000,38904534.90,-0.004249
16678,50104410,KR,21068,2024-08-08,54.320000,39207687.12,0.007792
16678,50104410,KR,21068,2024-08-09,53.920000,38918970.72,-0.007364
16678,50104410,KR,21068,2024-08-12,53.240000,38428152.84,-0.012611
16678,50104410,KR,21068,2024-08-13,52.610000,37973424.51,-0.011833
16678,50104410,KR,21068,2024-08-14,52.700000,38038385.70,0.001711
16678,50104410,KR,21068,2024-08-15,52.890000,38175525.99,0.009677
16678,50104410,KR,21068,2024-08-16,53.190000,38392063.29,0.005672
16678,50104410,KR,21068,2024-08-19,52.760000,38081693.16,-0.008084
16678,50104410,KR,21068,2024-08-20,52.040000,37562003.64,-0.013647
16678,50104410,KR,21068,2024-08-21,52.710000,38045603.61,0.012875
16678,50104410,KR,21068,2024-08-22,52.220000,37691926.02,-0.009296
16678,50104410,KR,21068,2024-08-23,51.950000,37497042.45,-0.005170
16678,50104410,KR,21068,2024-08-26,52.770000,38088911.07,0.015784
16678,50104410,KR,21068,2024-08-27,52.720000,38052821.52,-0.000948
16678,50104410,KR,21068,2024-08-28,53.260000,38442588.66,0.010243
16678,50104410,KR,21068,2024-08-29,52.500000,37894027.50,-0.014270
16678,50104410,KR,21068,2024-08-30,53.210000,38406499.11,0.013524
16678,50104410,KR,21068,2024-09-03,53.700000,38760176.70,0.009209
16678,50104410,KR,21068,2024-09-04,53.360000,38514767.76,-0.006331
16678,50104410,KR,21068,2024-09-05,53.370000,38521985.67,0.000187
16678,50104410,KR,21068,2024-09-06,52.270000,37728015.57,-0.020611
16678,50104410,KR,21068,2024-09-09,51.970000,37511478.27,-0.005739
16678,50104410,KR,21068,2024-09-10,52.300000,37749669.30,0.006350
16678,50104410,KR,21068,2024-09-11,51.500000,37172236.50,-0.015296
16678,50104410,KR,21068,2024-09-12,55.200000,39842863.20,0.071845
16678,50104410,KR,21068,2024-09-13,55.910000,40355334.81,0.012862
16678,50104410,KR,21068,2024-09-16,56.190000,40557436.29,0.005008
16678,50104410,KR,21068,2024-09-17,55.040000,39727376.64,-0.020466
16678,50104410,KR,21068,2024-09-18,54.620000,39424224.42,-0.007631
16678,50104410,KR,21068,2024-09-19,54.830000,39575800.53,0.003845
16678,50104410,KR,21068,2024-09-20,55.390000,39980003.49,0.010213
16678,50104410,KR,21068,2024-09-23,56.140000,40521346.74,0.013540
16678,50104410,KR,21068,2024-09-24,56.060000,40463603.46,-0.001425
16678,50104410,KR,21068,2024-09-25,56.600000,40853370.60,0.009633
16678,50104410,KR,21068,2024-09-26,55.470000,40037746.77,-0.019965
16678,50104410,KR,21068,2024-09-27,56.520000,40795627.32,0.018929
16678,50104410,KR,21068,2024-09-30,57.300000,41455747.80,0.013800
16678,50104410,KR,21068,2024-10-01,56.710000,41028891.06,-0.010297
16678,50104410,KR,21068,2024-10-02,56.090000,40580329.74,-0.010933
16678,50104410,KR,21068,2024-10-03,55.620000,40240291.32,-0.008379
16678,50104410,KR,21068,2024-10-04,55.890000,40435632.54,0.004854
16678,50104410,KR,21068,2024-10-07,55.960000,40486276.56,0.001252
16678,50104410,KR,21068,2024-10-08,56.000000,40515216.00,0.000715
16678,50104410,KR,21068,2024-10-09,56.150000,40623738.90,0.002679
16678,50104410,KR,21068,2024-10-10,55.210000,39943662.06,-0.016741
16678,50104410,KR,21068,2024-10-11,55.360000,40052184.96,0.002717
16678,50104410,KR,21068,2024-10-14,55.270000,39987071.22,-0.001626
16678,50104410,KR,21068,2024-10-15,56.140000,40616504.04,0.015741
16678,50104410,KR,21068,2024-10-16,56.650000,40985481.90,0.009084
16678,50104410,KR,21068,2024-10-17,56.540000,40905898.44,-0.001942
16678,50104410,KR,21068,2024-10-18,56.530000,40898663.58,-0.000177
16678,50104410,KR,21068,2024-10-21,56.340000,40761201.24,-0.003361
16678,50104410,KR,21068,2024-10-22,56.430000,40826314.98,0.001597
16678,50104410,KR,21068,2024-10-23,57.620000,41687263.32,0.021088
16678,50104410,KR,21068,2024-10-24,56.690000,41014421.34,-0.016140
16678,50104410,KR,21068,2024-10-25,57.370000,41506391.82,0.011995
16678,50104410,KR,21068,2024-10-28,57.110000,41318285.46,-0.004532
16678,50104410,KR,21068,2024-10-29,55.990000,40507981.14,-0.019611
16678,50104410,KR,21068,2024-10-30,55.740000,40327109.64,-0.004465
16678,50104410,KR,21068,2024-10-31,55.770000,40348814.22,0.000538
16678,50104410,KR,21068,2024-11-01,56.570000,40927603.02,0.014345
16678,50104410,KR,21068,2024-11-04,56.270000,40710557.22,-0.005303
16678,50104410,KR,21068,2024-11-05,57.390000,41520861.54,0.019904
16678,50104410,KR,21068,2024-11-06,59.800000,43264462.80,0.041993
16678,50104410,KR,21068,2024-11-07,59.310000,42909954.66,-0.008194
16678,50104410,KR,21068,2024-11-08,59.910000,43344046.26,0.010116
16678,50104410,KR,21068,2024-11-11,59.600000,43119765.60,-0.005174
16678,50104410,KR,21068,2024-11-12,59.680000,43177644.48,0.001342
16678,50104410,KR,21068,2024-11-13,59.580000,43105295.88,-0.001676
16678,50104410,KR,21068,2024-11-14,59.080000,42743552.88,-0.008392
16678,50104410,KR,21068,2024-11-15,58.020000,41976657.72,-0.012525
16678,50104410,KR,21068,2024-11-18,58.060000,42005597.16,0.000689
16678,50104410,KR,21068,2024-11-19,58.100000,42034536.60,0.000689
16678,50104410,KR,21068,2024-11-20,57.610000,41680028.46,-0.008434
16678,50104410,KR,21068,2024-11-21,58.580000,42381809.88,0.016837
16678,50104410,KR,21068,2024-11-22,59.220000,42844840.92,0.010925
16678,50104410,KR,21068,2024-11-25,60.090000,43474273.74,0.014691
16678,50104410,KR,21068,2024-11-26,60.570000,43821547.02,0.007988
16678,50104410,KR,21068,2024-11-27,60.500000,43770903.00,-0.001156
16678,50104410,KR,21068,2024-11-29,61.080000,44190524.88,0.009587
16678,50104410,KR,21068,2024-12-02,60.150000,43517682.90,-0.015226
16678,50104410,KR,21068,2024-12-03,59.970000,43387455.42,-0.002993
16678,50104410,KR,21068,2024-12-04,59.910000,43344046.26,-0.001001
16678,50104410,KR,21068,2024-12-05,60.710000,43922835.06,0.013353
16678,50104410,KR,21068,2024-12-06,59.230000,42852075.78,-0.024378
16678,50104410,KR,21068,2024-12-09,57.770000,41795786.22,-0.024650
16678,50104410,KR,21068,2024-12-10,60.730000,43937304.78,0.051238
16678,50104410,KR,21068,2024-12-11,61.330000,44371396.38,0.009880
16678,50104410,KR,21068,2024-12-12,63.300000,45796663.80,0.032121
16678,50104410,KR,21068,2024-12-13,62.060000,44899541.16,-0.019589
16678,50104410,KR,21068,2024-12-16,62.020000,44870601.72,-0.000645
16678,50104410,KR,21068,2024-12-17,61.170000,44255638.62,-0.013705
16678,50104410,KR,21068,2024-12-18,60.890000,44053062.54,-0.004577
16678,50104410,KR,21068,2024-12-19,60.960000,44103706.56,0.001150
16678,50104410,KR,21068,2024-12-20,61.850000,44747609.10,0.014600
16678,50104410,KR,21068,2024-12-23,60.960000,44103706.56,-0.014390
16678,50104410,KR,21068,2024-12-24,61.830000,44733139.38,0.014272
16678,50104410,KR,21068,2024-12-26,62.760000,45405981.36,0.015041
16678,50104410,KR,21068,2024-12-27,62.340000,45102117.24,-0.006692
16678,50104410,KR,21068,2024-12-30,61.230000,44299047.78,-0.017806
16678,50104410,KR,21068,2024-12-31,61.150000,44248506.90,-0.001307
16678,50104410,KR,21068,2025-01-02,61.940000,44820155.64,0.012919
16678,50104410,KR,21068,2025-01-03,61.460000,44472824.76,-0.007749
16678,50104410,KR,21068,2025-01-06,60.620000,43864995.72,-0.013667
16678,50104410,KR,21068,2025-01-07,59.140000,42794058.84,-0.024414
16678,50104410,KR,21068,2025-01-08,58.900000,42620393.40,-0.004058
16678,50104410,KR,21068,2025-01-10,59.120000,42779586.72,0.003735
16678,50104410,KR,21068,2025-01-13,59.490000,43047320.94,0.006258
16678,50104410,KR,21068,2025-01-14,59.920000,43358471.52,0.007228
16678,50104410,KR,21068,2025-01-15,58.690000,42468436.14,-0.020527
16678,50104410,KR,21068,2025-01-16,58.620000,42417783.72,-0.001193
16678,50104410,KR,21068,2025-01-17,58.360000,42229646.16,-0.004435
16678,50104410,KR,21068,2025-01-21,59.040000,42721698.24,0.011652
16678,50104410,KR,21068,2025-01-22,58.760000,42519088.56,-0.004743
16678,50104410,KR,21068,2025-01-23,58.570000,42381603.42,-0.003233
16678,50104410,KR,21068,2025-01-24,58.700000,42475672.20,0.002220
16678,50104410,KR,21068,2025-01-27,60.480000,43763690.88,0.030324
16678,50104410,KR,21068,2025-01-28,60.370000,43684094.22,-0.001819
16678,50104410,KR,21068,2025-01-29,61.060000,44183382.36,0.011430
16678,50104410,KR,21068,2025-01-30,61.040000,44168910.24,-0.000328
16678,50104410,KR,21068,2025-01-31,61.640000,44603073.84,0.009830
16678,50104410,KR,21068,2025-02-03,63.330000,45825967.98,0.027417
16678,50104410,KR,21068,2025-02-04,63.980000,46296311.88,0.010264
16678,50104410,KR,21068,2025-02-05,65.420000,47338304.52,0.022507
16678,50104410,KR,21068,2025-02-06,64.910000,46969265.46,-0.007796
16678,50104410,KR,21068,2025-02-07,65.000000,47034390.00,0.001387
16678,50104410,KR,21068,2025-02-10,65.280000,47236999.68,0.004308
16678,50104410,KR,21068,2025-02-11,65.050000,47070570.30,-0.003523
16678,50104410,KR,21068,2025-02-12,65.800000,47613274.80,0.011530
16678,50104410,KR,21068,2025-02-13,65.630000,47490261.78,-0.002584
16678,50104410,KR,21068,2025-02-14,65.130000,47128458.78,-0.002743
16678,50104410,KR,21068,2025-02-18,65.260000,47222527.56,0.001996
16678,50104410,KR,21068,2025-02-19,65.450000,47360012.70,0.002911
16678,50104410,KR,21068,2025-02-20,64.390000,46592990.34,-0.016196
16678,50104410,KR,21068,2025-02-21,65.060000,47077806.36,0.010405
16678,50104410,KR,21068,2025-02-24,64.880000,46947557.28,-0.002767
16678,50104410,KR,21068,2025-02-25,65.470000,47374484.82,0.009094
16678,50104410,KR,21068,2025-02-26,63.800000,46166062.80,-0.025508
16678,50104410,KR,21068,2025-02-27,63.930000,46260131.58,0.002038
16678,50104410,KR,21068,2025-02-28,64.820000,46904140.92,0.013921
16678,50104410,KR,21068,2025-03-03,62.890000,45507581.34,-0.029775
16678,50104410,KR,21068,2025-03-04,63.180000,45717427.08,0.004611
16678,50104410,KR,21068,2025-03-05,62.530000,45247083.18,-0.010288
16678,50104410,KR,21068,2025-03-06,63.780000,46151590.68,0.019990
16678,50104410,KR,21068,2025-03-07,66.700000,48264520.20,0.045782
16678,50104410,KR,21068,2025-03-10,67.720000,49002598.32,0.015292
16678,50104410,KR,21068,2025-03-11,66.550000,48155979.30,-0.017277
16678,50104410,KR,21068,2025-03-12,64.990000,47027153.94,-0.023441
16678,50104410,KR,21068,2025-03-13,66.100000,47830356.60,0.017080
16678,50104410,KR,21068,2025-03-14,65.100000,47106750.60,-0.015129
16678,50104410,KR,21068,2025-03-17,66.390000,48040202.34,0.019816
16678,50104410,KR,21068,2025-03-18,65.990000,47750759.94,-0.006025
16678,50104410,KR,21068,2025-03-19,65.480000,47381720.88,-0.007728
16678,50104410,KR,21068,2025-03-20,64.720000,46831780.32,-0.011607
16678,50104410,KR,21068,2025-03-21,65.400000,47323832.40,0.010507
16678,50104410,KR,21068,2025-03-24,65.400000,47323832.40,0.000000
16678,50104410,KR,21068,2025-03-25,64.340000,46556810.04,-0.016208
16678,50104410,KR,21068,2025-03-26,66.030000,47779704.18,0.026267
16678,50104410,KR,21068,2025-03-27,66.140000,47859300.84,0.001666
16678,50104410,KR,21068,2025-03-28,66.720000,48278992.32,0.008769
16678,50104410,KR,21068,2025-03-31,67.690000,48980890.14,0.014538
16678,50104410,KR,21068,2025-04-01,68.140000,49306512.84,0.006648
16678,50104410,KR,21068,2025-04-02,67.270000,48676975.62,-0.012768
16678,50104410,KR,21068,2025-04-03,70.740000,51187888.44,0.051583
16678,50104410,KR,21068,2025-04-04,67.180000,48611851.08,-0.050325
16678,50104410,KR,21068,2025-04-07,66.460000,48090854.76,-0.010717
16678,50104410,KR,21068,2025-04-08,66.370000,48025730.22,-0.001354
16678,50104410,KR,21068,2025-04-09,65.830000,47634982.98,-0.008136
16678,50104410,KR,21068,2025-04-10,67.900000,49132847.40,0.031445
16678,50104410,KR,21068,2025-04-11,68.220000,49364401.32,0.004713
16678,50104410,KR,21068,2025-04-14,69.080000,49986702.48,0.012606
16678,50104410,KR,21068,2025-04-15,68.140000,49306512.84,-0.013607
16678,50104410,KR,21068,2025-04-16,69.010000,49936050.06,0.012768
16678,50104410,KR,21068,2025-04-17,71.220000,51535219.32,0.032024
16678,50104410,KR,21068,2025-04-21,72.310000,52323949.86,0.015305
16678,50104410,KR,21068,2025-04-22,72.980000,52808765.88,0.009266
16678,50104410,KR,21068,2025-04-23,72.000000,52099632.00,-0.013428
16678,50104410,KR,21068,2025-04-24,71.350000,51629288.10,-0.009028
16678,50104410,KR,21068,2025-04-25,70.000000,50652420.00,-0.018921
16678,50104410,KR,21068,2025-04-28,70.370000,50920154.22,0.005286
16678,50104410,KR,21068,2025-04-29,71.380000,51650996.28,0.014353
16678,50104410,KR,21068,2025-04-30,72.210000,47723083.53,0.011628
16678,50104410,KR,21068,2025-05-01,72.180000,47703256.74,-0.000415
16678,50104410,KR,21068,2025-05-02,72.020000,47597513.86,-0.002217
16678,50104410,KR,21068,2025-05-05,72.880000,48165881.84,0.011941
16678,50104410,KR,21068,2025-05-06,72.970000,48225362.21,0.001235
16678,50104410,KR,21068,2025-05-07,72.380000,47835435.34,-0.008086
16678,50104410,KR,21068,2025-05-08,71.810000,47458726.33,-0.007875
16678,50104410,KR,21068,2025-05-09,71.870000,47498379.91,0.000836
16678,50104410,KR,21068,2025-05-12,69.040000,45628052.72,-0.039377
16678,50104410,KR,21068,2025-05-13,67.490000,44603668.57,-0.022451
16678,50104410,KR,21068,2025-05-14,66.340000,43843641.62,-0.017040
16678,50104410,KR,21068,2025-05-15,67.600000,44676366.80,0.023817
16678,50104410,KR,21068,2025-05-16,68.850000,45502483.05,0.018491
16678,50104410,KR,21068,2025-05-19,68.960000,45575181.28,0.001598
16678,50104410,KR,21068,2025-05-20,69.500000,45932063.50,0.007831
16678,50104410,KR,21068,2025-05-21,68.900000,45535527.70,-0.008633
16678,50104410,KR,21068,2025-05-22,67.950000,44907679.35,-0.013788
16678,50104410,KR,21068,2025-05-23,68.590000,45330650.87,0.009419
16678,50104410,KR,21068,2025-05-27,67.830000,44828372.19,-0.011080
16678,50104410,KR,21068,2025-05-28,67.690000,44735847.17,-0.002064
16678,50104410,KR,21068,2025-05-29,66.950000,44246786.35,-0.010932
16678,50104410,KR,21068,2025-05-30,68.230000,45431150.19,0.019119
16678,50104410,KR,21068,2025-06-02,68.200000,45411174.60,-0.000440
16678,50104410,KR,21068,2025-06-03,67.080000,44665419.24,-0.016422
16678,50104410,KR,21068,2025-06-04,66.340000,44172688.02,-0.011032
16678,50104410,KR,21068,2025-06-05,66.240000,44106102.72,-0.001507
16678,50104410,KR,21068,2025-06-06,66.150000,44046175.95,-0.001359
16678,50104410,KR,21068,2025-06-09,65.490000,43606712.97,-0.009977
16678,50104410,KR,21068,2025-06-10,65.430000,43566761.79,-0.000916
16678,50104410,KR,21068,2025-06-11,64.620000,43027420.86,-0.012380
16678,50104410,KR,21068,2025-06-12,65.060000,43320396.18,0.006809
16678,50104410,KR,21068,2025-06-13,65.560000,43653322.68,0.007685
16678,50104410,KR,21068,2025-06-16,66.010000,43952956.53,0.006864
16678,50104410,KR,21068,2025-06-17,65.950000,43913005.35,-0.000909
16678,50104410,KR,21068,2025-06-18,65.520000,43626688.56,-0.006520
16678,50104410,KR,21068,2025-06-20,71.970000,47921440.41,0.098443
16678,50104410,KR,21068,2025-06-23,74.000000,49273122.00,0.028206
16678,50104410,KR,21068,2025-06-24,73.420000,48886927.26,-0.007838
16678,50104410,KR,21068,2025-06-25,72.220000,48087903.66,-0.016344
16678,50104410,KR,21068,2025-06-26,71.280000,47462001.84,-0.013016
16678,50104410,KR,21068,2025-06-27,71.420000,47555221.26,0.001964
16678,50104410,KR,21068,2025-06-30,71.730000,47424719.88,0.004341
16678,50104410,KR,21068,2025-07-01,71.350000,47173480.60,-0.005298
16678,50104410,KR,21068,2025-07-02,70.230000,46432985.88,-0.015697
16678,50104410,KR,21068,2025-07-03,69.830000,46168523.48,-0.005696
16678,50104410,KR,21068,2025-07-07,71.450000,47239596.20,0.023199
16678,50104410,KR,21068,2025-07-08,69.740000,46109019.44,-0.023933
16678,50104410,KR,21068,2025-07-09,70.260000,46452820.56,0.007456
16678,50104410,KR,21068,2025-07-10,70.710000,46750340.76,0.006405
16678,50104410,KR,21068,2025-07-11,70.580000,46664390.48,-0.001838
16678,50104410,KR,21068,2025-07-14,72.270000,47781744.12,0.023944
16678,50104410,KR,21068,2025-07-15,71.880000,47523893.28,-0.005396
16678,50104410,KR,21068,2025-07-16,71.910000,47543727.96,0.000417
16678,50104410,KR,21068,2025-07-17,72.220000,47748686.32,0.004311
16678,50104410,KR,21068,2025-07-18,71.390000,47199926.84,-0.011493
16678,50104410,KR,21068,2025-07-21,72.020000,47616455.12,0.008825
16678,50104410,KR,21068,2025-07-22,72.610000,48006537.16,0.008192
16678,50104410,KR,21068,2025-07-23,72.880000,48185049.28,0.003718
16678,50104410,KR,21068,2025-07-24,72.380000,47854471.28,-0.006861
16678,50104410,KR,21068,2025-07-25,71.460000,47246207.76,-0.012711
16678,50104410,KR,21068,2025-07-28,69.320000,45831333.92,-0.029947
16678,50104410,KR,21068,2025-07-29,69.300000,45818110.80,-0.000289
16678,50104410,KR,21068,2025-07-30,69.300000,45818110.80,0.000000
16678,50104410,KR,21068,2025-07-31,70.100000,46347035.60,0.011544
16678,50104410,KR,21068,2025-08-01,71.360000,47180092.16,0.017974
16678,50104410,KR,21068,2025-08-04,71.590000,47332158.04,0.003223
16678,50104410,KR,21068,2025-08-05,71.750000,47437943.00,0.002235
16678,50104410,KR,21068,2025-08-06,73.730000,48747031.88,0.027596
16678,50104410,KR,21068,2025-08-07,73.760000,48766866.56,0.000407
16678,50104410,KR,21068,2025-08-08,74.240000,49084221.44,0.006508
16678,50104410,KR,21068,2025-08-11,74.350000,49156948.60,0.001482
16678,50104410,KR,21068,2025-08-12,73.550000,48628023.80,-0.010760
16678,50104410,KR,21068,2025-08-13,70.330000,46499101.48,-0.043780
16678,50104410,KR,21068,2025-08-14,69.230000,45771829.88,-0.015641
16678,50104410,KR,21068,2025-08-15,69.690000,46075961.64,0.011700
16678,50104410,KR,21068,2025-08-18,69.740000,46109019.44,0.000717
16678,50104410,KR,21068,2025-08-19,70.720000,46756952.32,0.014052
16678,50104410,KR,21068,2025-08-20,71.830000,47490835.48,0.015696
16678,50104410,KR,21068,2025-08-21,71.420000,47219761.52,-0.005708
16678,50104410,KR,21068,2025-08-22,69.560000,45990011.36,-0.026043
16678,50104410,KR,21068,2025-08-25,70.140000,46373481.84,0.008338
16678,50104410,KR,21068,2025-08-26,68.990000,45613152.44,-0.016396
16678,50104410,KR,21068,2025-08-27,67.980000,44945384.88,-0.014640
16678,50104410,KR,21068,2025-08-28,67.460000,44601583.76,-0.007649
16678,50104410,KR,21068,2025-08-29,67.840000,44852823.04,0.005633
16678,50104410,KR,21068,2025-09-02,68.640000,45381747.84,0.011792
16678,50104410,KR,21068,2025-09-03,68.200000,45090839.20,-0.006410
16678,50104410,KR,21068,2025-09-04,67.840000,44852823.04,-0.005279
16678,50104410,KR,21068,2025-09-05,67.750000,44793319.00,-0.001327
16678,50104410,KR,21068,2025-09-08,68.000000,44958608.00,0.003690
16678,50104410,KR,21068,2025-09-09,67.630000,44713980.28,-0.005441
16678,50104410,KR,21068,2025-09-10,67.030000,44317286.68,-0.008872
16678,50104410,KR,21068,2025-09-11,67.230000,44449517.88,0.002984
16678,50104410,KR,21068,2025-09-12,68.290000,45150343.24,0.015767
16678,50104410,KR,21068,2025-09-15,67.410000,44568525.96,-0.012886
16678,50104410,KR,21068,2025-09-16,66.750000,44132163.00,-0.009791
16678,50104410,KR,21068,2025-09-17,66.960000,44271005.76,0.003146
16678,50104410,KR,21068,2025-09-18,65.990000,43629684.44,-0.014486
16678,50104410,KR,21068,2025-09-19,65.580000,43358610.48,-0.006213
16678,50104410,KR,21068,2025-09-22,64.520000,42657785.12,-0.016163
16678,50104410,KR,21068,2025-09-23,65.350000,43206544.60,0.012864
16678,50104410,KR,21068,2025-09-24,65.550000,43338775.80,0.003060
16678,50104410,KR,21068,2025-09-25,65.490000,43299106.44,-0.000915
16678,50104410,KR,21068,2025-09-26,65.460000,43279271.76,-0.000458
16678,50104410,KR,21068,2025-09-29,66.430000,43920593.08,0.014818
16678,50104410,KR,21068,2025-09-30,67.410000,44671123.98,0.014752
16678,50104410,KR,21068,2025-10-01,66.510000,44074713.78,-0.013351
16678,50104410,KR,21068,2025-10-02,66.360000,43975312.08,-0.002255
16678,50104410,KR,21068,2025-10-03,66.300000,43935551.40,-0.000904
16678,50104410,KR,21068,2025-10-06,64.800000,42941534.40,-0.022624
16678,50104410,KR,21068,2025-10-07,66.880000,44319904.64,0.032099
16678,50104410,KR,21068,2025-10-08,68.120000,45141625.36,0.018541
16678,50104410,KR,21068,2025-10-09,67.560000,44770525.68,-0.008221
16678,50104410,KR,21068,2025-10-10,67.780000,44916314.84,0.003256
16678,50104410,KR,21068,2025-10-13,67.130000,44485574.14,-0.009590
16678,50104410,KR,21068,2025-10-14,69.130000,45810930.14,0.029793
16678,50104410,KR,21068,2025-10-15,69.100000,45791049.80,-0.000434
16678,50104410,KR,21068,2025-10-16,68.880000,45645260.64,-0.003184
16678,50104410,KR,21068,2025-10-17,68.990000,45718155.22,0.001597
16678,50104410,KR,21068,2025-10-20,69.150000,45824183.70,0.002319
16678,50104410,KR,21068,2025-10-21,67.600000,44797032.80,-0.022415
16678,50104410,KR,21068,2025-10-22,68.600000,45459710.80,0.014793
16678,50104410,KR,21068,2025-10-23,68.660000,45499471.48,0.000875
16678,50104410,KR,21068,2025-10-24,67.110000,44472320.58,-0.022575
16678,50104410,KR,21068,2025-10-27,68.030000,45081984.34,0.013709
16678,50104410,KR,21068,2025-10-28,67.690000,44856673.82,-0.004998
16678,50104410,KR,21068,2025-10-29,66.040000,43763255.12,-0.024376
16678,50104410,KR,21068,2025-10-30,65.430000,43359021.54,-0.009237
16678,50104410,KR,21068,2025-10-31,63.630000,42166201.14,-0.027510
16678,50104410,KR,21068,2025-11-03,63.440000,42040292.32,-0.002986
16678,50104410,KR,21068,2025-11-04,63.760000,42252349.28,0.005044
16678,50104410,KR,21068,2025-11-05,63.150000,41848115.70,-0.009567
16678,50104410,KR,21068,2025-11-06,63.430000,42033665.54,0.004434
16678,50104410,KR,21068,2025-11-07,64.910000,43014428.98,0.023333
16678,50104410,KR,21068,2025-11-10,64.440000,42702970.32,-0.007241
16678,50104410,KR,21068,2025-11-11,65.020000,43087323.56,0.009001
16678,50104410,KR,21068,2025-11-12,65.400000,43339141.20,0.005844
16678,50104410,KR,21068,2025-11-13,65.970000,43716867.66,0.008716
16678,50104410,KR,21068,2025-11-14,66.710000,44207249.38,0.016523
16678,50104410,KR,21068,2025-11-17,66.100000,43803015.80,-0.009144
16678,50104410,KR,21068,2025-11-18,67.380000,44651243.64,0.019365
16678,50104410,KR,21068,2025-11-19,67.410000,44671123.98,0.000445
16678,50104410,KR,21068,2025-11-20,65.900000,43670480.20,-0.022400
16678,50104410,KR,21068,2025-11-21,66.060000,43776508.68,0.002428
16678,50104410,KR,21068,2025-11-24,64.290000,42603568.62,-0.026794
16678,50104410,KR,21068,2025-11-25,66.150000,43836149.70,0.028931
16678,50104410,KR,21068,2025-11-26,67.030000,44419306.34,0.013303
16678,50104410,KR,21068,2025-11-28,67.280000,44584975.84,0.003730
16678,50104410,KR,21068,2025-12-01,67.550000,44763898.90,0.004013
16678,50104410,KR,21068,2025-12-02,67.030000,44419306.34,-0.007698
16678,50104410,KR,21068,2025-12-03,66.200000,43869283.60,-0.012383
16678,50104410,KR,21068,2025-12-04,63.140000,41841488.92,-0.046224
16678,50104410,KR,21068,2025-12-05,62.710000,41556537.38,-0.006810
16678,50104410,KR,21068,2025-12-08,63.380000,42000531.64,0.010684
16678,50104410,KR,21068,2025-12-09,62.900000,41682446.20,-0.007573
16678,50104410,KR,21068,2025-12-10,61.240000,40582400.72,-0.026391
16678,50104410,KR,21068,2025-12-11,62.210000,41225198.38,0.015839
16678,50104410,KR,21068,2025-12-12,63.190000,41874622.82,0.015753
16678,50104410,KR,21068,2025-12-15,62.660000,41523403.48,-0.008387
16678,50104410,KR,21068,2025-12-16,62.100000,41152303.80,-0.008937
16678,50104410,KR,21068,2025-12-17,63.810000,42285483.18,0.027536
16678,50104410,KR,21068,2025-12-18,62.790000,41609551.62,-0.015985
16678,50104410,KR,21068,2025-12-19,62.410000,41357733.98,-0.006052
16678,50104410,KR,21068,2025-12-22,62.290000,41278212.62,-0.001923
16678,50104410,KR,21068,2025-12-23,62.300000,41284839.40,0.000161
16678,50104410,KR,21068,2025-12-24,62.930000,41702326.54,0.010112
16678,50104410,KR,21068,2025-12-26,63.250000,41914383.50,0.005085
16678,50104410,KR,21068,2025-12-29,62.710000,41556537.38,-0.008538
16678,50104410,KR,21068,2025-12-30,62.680000,41536657.04,-0.000478
16678,50104410,KR,21068,2025-12-31,62.480000,39540405.52,-0.003191
49154,87612E10,TGT,20561,2020-01-02,126.070000,63884333.59,-0.016691
49154,87612E10,TGT,20561,2020-01-03,124.760000,63220508.12,-0.010391
49154,87612E10,TGT,20561,2020-01-06,123.580000,62622558.46,-0.009458
49154,87612E10,TGT,20561,2020-01-07,123.800000,62734040.60,0.001780
49154,87612E10,TGT,20561,2020-01-08,123.400000,62531345.80,-0.003231
49154,87612E10,TGT,20561,2020-01-09,123.500000,62582019.50,0.000810
49154,87612E10,TGT,20561,2020-01-10,124.730000,63205306.01,0.009960
49154,87612E10,TGT,20561,2020-01-13,123.870000,62769512.19,-0.006895
49154,87612E10,TGT,20561,2020-01-14,125.260000,63473876.62,0.011221
49154,87612E10,TGT,20561,2020-01-15,117.000000,59288229.00,-0.065943
49154,87612E10,TGT,20561,2020-01-16,116.320000,58943647.84,-0.005812
49154,87612E10,TGT,20561,2020-01-17,116.920000,59247690.04,0.005158
49154,87612E10,TGT,20561,2020-01-21,114.040000,57788287.48,-0.024632
49154,87612E10,TGT,20561,2020-01-22,113.900000,57717344.30,-0.001228
49154,87612E10,TGT,20561,2020-01-23,115.530000,58543325.61,0.014311
49154,87612E10,TGT,20561,2020-01-24,114.320000,57930173.84,-0.010473
49154,87612E10,TGT,20561,2020-01-27,115.780000,58670009.86,0.012771
49154,87612E10,TGT,20561,2020-01-28,115.440000,58497719.28,-0.002937
49154,87612E10,TGT,20561,2020-01-29,114.270000,57904836.99,-0.010135
49154,87612E10,TGT,20561,2020-01-30,114.670000,58107531.79,0.003500
49154,87612E10,TGT,20561,2020-01-31,110.740000,56116055.38,-0.034272
49154,87612E10,TGT,20561,2020-02-03,112.510000,57012979.87,0.015983
49154,87612E10,TGT,20561,2020-02-04,113.250000,57387965.25,0.006577
49154,87612E10,TGT,20561,2020-02-05,115.530000,58543325.61,0.020132
49154,87612E10,TGT,20561,2020-02-06,115.140000,58345698.18,-0.003376
49154,87612E10,TGT,20561,2020-02-07,115.610000,58583864.57,0.004082
49154,87612E10,TGT,20561,2020-02-10,116.980000,59278094.26,0.011850
49154,87612E10,TGT,20561,2020-02-11,116.690000,59131140.53,-0.002479
49154,87612E10,TGT,20561,2020-02-12,118.110000,59850707.07,0.012169
49154,87612E10,TGT,20561,2020-02-13,118.280000,59936852.36,0.001439
49154,87612E10,TGT,20561,2020-02-14,116.630000,59100736.31,-0.013950
49154,87612E10,TGT,20561,2020-02-18,117.830000,59708820.71,0.015948
49154,87612E10,TGT,20561,2020-02-19,117.390000,59485856.43,-0.003734
49154,87612E10,TGT,20561,2020-02-20,118.260000,59926717.62,0.007411
49154,87612E10,TGT,20561,2020-02-21,117.010000,59293296.37,-0.010570
49154,87612E10,TGT,20561,2020-02-24,113.780000,57656535.86,-0.027604
49154,87612E10,TGT,20561,2020-02-25,111.720000,56612657.64,-0.018105
49154,87612E10,TGT,20561,2020-02-26,110.660000,56075516.42,-0.009488
49154,87612E10,TGT,20561,2020-02-27,105.620000,53521561.94,-0.045545
49154,87612E10,TGT,20561,2020-02-28,103.000000,52193911.00,-0.024806
49154,87612E10,TGT,20561,2020-03-02,109.060000,55264737.22,0.058835
49154,87612E10,TGT,20561,2020-03-03,105.840000,53633044.08,-0.029525
49154,87612E10,TGT,20561,2020-03-04,107.820000,54636383.34,0.018707
49154,87612E10,TGT,20561,2020-03-05,105.970000,53698919.89,-0.017158
49154,87612E10,TGT,20561,2020-03-06,105.950000,53688785.15,-0.000189
49154,87612E10,TGT,20561,2020-03-09,104.030000,52715850.11,-0.018122
49154,87612E10,TGT,20561,2020-03-10,108.330000,54894819.21,0.041334
49154,87612E10,TGT,20561,2020-03-11,105.580000,53501292.46,-0.025385
49154,87612E10,TGT,20561,2020-03-12,92.620000,46933980.94,-0.122751
49154,87612E10,TGT,20561,2020-03-13,101.020000,51190571.74,0.090693
49154,87612E10,TGT,20561,2020-03-16,93.790000,47526863.23,-0.071570
49154,87612E10,TGT,20561,2020-03-17,103.630000,52513155.31,0.104915
49154,87612E10,TGT,20561,2020-03-18,102.820000,52102698.34,-0.007816
49154,87612E10,TGT,20561,2020-03-19,100.500000,50927068.50,-0.022564
49154,87612E10,TGT,20561,2020-03-20,97.400000,49356183.80,-0.030846
49154,87612E10,TGT,20561,2020-03-23,96.690000,48996400.53,-0.007290
49154,87612E10,TGT,20561,2020-03-24,100.560000,50957472.72,0.040025
49154,87612E10,TGT,20561,2020-03-25,91.040000,46133336.48,-0.094670
49154,87612E10,TGT,20561,2020-03-26,96.070000,48682223.59,0.055250
49154,87612E10,TGT,20561,2020-03-27,94.740000,48008263.38,-0.013844
49154,87612E10,TGT,20561,2020-03-30,96.010000,48651819.37,0.013405
49154,87612E10,TGT,20561,2020-03-31,92.970000,46574437.14,-0.031663
49154,87612E10,TGT,20561,2020-04-01,95.270000,47726649.74,0.024739
49154,87612E10,TGT,20561,2020-04-02,94.360000,47270774.32,-0.009552
49154,87612E10,TGT,20561,2020-04-03,92.570000,46374052.34,-0.018970
49154,87612E10,TGT,20561,2020-04-06,97.510000,48848804.62,0.053365
49154,87612E10,TGT,20561,2020-04-07,98.260000,49224526.12,0.007692
49154,87612E10,TGT,20561,2020-04-08,104.630000,52415654.06,0.064828
49154,87612E10,TGT,20561,2020-04-09,104.200000,52200240.40,-0.004110
49154,87612E10,TGT,20561,2020-04-13,104.680000,52440702.16,0.004607
49154,87612E10,TGT,20561,2020-04-14,108.380000,54294261.56,0.035346
49154,87612E10,TGT,20561,2020-04-15,106.240000,53222202.88,-0.019745
49154,87612E10,TGT,20561,2020-04-16,109.300000,54755146.60,0.028803
49154,87612E10,TGT,20561,2020-04-17,113.420000,56819110.04,0.037694
49154,87612E10,TGT,20561,2020-04-20,108.980000,54594838.76,-0.039147
49154,87612E10,TGT,20561,2020-04-21,106.900000,53552837.80,-0.019086
49154,87612E10,TGT,20561,2020-04-22,106.840000,53522780.08,-0.000561
49154,87612E10,TGT,20561,2020-04-23,103.860000,52029913.32,-0.027892
49154,87612E10,TGT,20561,2020-04-24,107.820000,54013722.84,0.038128
49154,87612E10,TGT,20561,2020-04-27,109.880000,55045704.56,0.019106
49154,87612E10,TGT,20561,2020-04-28,112.000000,56107744.00,0.019294
49154,87612E10,TGT,20561,2020-04-29,112.100000,56157840.20,0.000893
49154,87612E10,TGT,20561,2020-04-30,109.740000,54851234.46,-0.021053
49154,87612E10,TGT,20561,2020-05-01,108.230000,54096492.67,-0.013760
49154,87612E10,TGT,20561,2020-05-04,111.710000,55835897.59,0.032154
49154,87612E10,TGT,20561,2020-05-05,111.760000,55860889.04,0.000448
49154,87612E10,TGT,20561,2020-05-06,113.580000,56770577.82,0.016285
49154,87612E10,TGT,20561,2020-05-07,113.360000,56660615.44,-0.001937
49154,87612E10,TGT,20561,2020-05-08,115.830000,57895193.07,0.021789
49154,87612E10,TGT,20561,2020-05-11,120.180000,60069449.22,0.037555
49154,87612E10,TGT,20561,2020-05-12,119.390000,59674584.31,-0.006573
49154,87612E10,TGT,20561,2020-05-13,119.140000,59549627.06,-0.002094
49154,87612E10,TGT,20561,2020-05-14,119.940000,59949490.26,0.006715
49154,87612E10,TGT,20561,2020-05-15,120.940000,60449319.26,0.008338
49154,87612E10,TGT,20561,2020-05-18,125.200000,62578590.80,0.035224
49154,87612E10,TGT,20561,2020-05-19,123.170000,61563937.93,-0.010942
49154,87612E10,TGT,20561,2020-05-20,119.630000,59794543.27,-0.028741
49154,87612E10,TGT,20561,2020-05-21,118.680000,59319705.72,-0.007941
49154,87612E10,TGT,20561,2020-05-22,117.490000,58724909.21,-0.010027
49154,87612E10,TGT,20561,2020-05-26,115.120000,57540314.48,-0.020172
49154,87612E10,TGT,20561,2020-05-27,117.410000,58684922.89,0.019892
49154,87612E10,TGT,20561,2020-05-28,118.430000,59194748.47,0.008688
49154,87612E10,TGT,20561,2020-05-29,122.330000,61166834.95,0.032931
49154,87612E10,TGT,20561,2020-06-01,119.490000,59746792.35,-0.023216
49154,87612E10,TGT,20561,2020-06-02,118.850000,59426782.75,-0.005356
49154,87612E10,TGT,20561,2020-06-03,121.730000,60866825.95,0.024232
49154,87612E10,TGT,20561,2020-06-04,119.960000,59981799.40,-0.014540
49154,87612E10,TGT,20561,2020-06-05,121.530000,60766822.95,0.013088
49154,87612E10,TGT,20561,2020-06-08,122.370000,61186835.55,0.006912
49154,87612E10,TGT,20561,2020-06-09,120.720000,60361810.80,-0.013484
49154,87612E10,TGT,20561,2020-06-10,120.000000,60001800.00,-0.005964
49154,87612E10,TGT,20561,2020-06-11,118.010000,59006770.15,-0.016583
49154,87612E10,TGT,20561,2020-06-12,116.900000,58451753.50,-0.009406
49154,87612E10,TGT,20561,2020-06-15,118.150000,59076772.25,0.010693
49154,87612E10,TGT,20561,2020-06-16,119.210000,59606788.15,0.008972
49154,87612E10,TGT,20561,2020-06-17,118.270000,59136774.05,-0.007885
49154,87612E10,TGT,20561,2020-06-18,117.300000,58651759.50,-0.008202
49154,87612E10,TGT,20561,2020-06-19,120.560000,60281808.40,0.027792
49154,87612E10,TGT,20561,2020-06-22,122.430000,61216836.45,0.015511
49154,87612E10,TGT,20561,2020-06-23,121.500000,60751822.50,-0.007596
49154,87612E10,TGT,20561,2020-06-24,119.720000,59861795.80,-0.014650
49154,87612E10,TGT,20561,2020-06-25,119.810000,59906797.15,0.000752
49154,87612E10,TGT,20561,2020-06-26,117.020000,58511755.30,-0.023287
49154,87612E10,TGT,20561,2020-06-29,118.570000,59286778.55,0.013246
49154,87612E10,TGT,20561,2020-06-30,119.930000,59966798.95,0.011470
49154,87612E10,TGT,20561,2020-07-01,118.960000,59481784.40,-0.008088
49154,87612E10,TGT,20561,2020-07-02,119.120000,59561786.80,0.001345
49154,87612E10,TGT,20561,2020-07-06,119.240000,59621788.60,0.001007
49154,87612E10,TGT,20561,2020-07-07,118.060000,59031770.90,-0.009896
49154,87612E10,TGT,20561,2020-07-08,117.700000,58851765.50,-0.003049
49154,87612E10,TGT,20561,2020-07-09,117.900000,58951768.50,0.001699
49154,87612E10,TGT,20561,2020-07-10,118.860000,59431782.90,0.008142
49154,87612E10,TGT,20561,2020-07-13,118.730000,59366780.95,-0.001094
49154,87612E10,TGT,20561,2020-07-14,120.080000,60041801.20,0.011370
49154,87612E10,TGT,20561,2020-07-15,121.670000,60836825.05,0.013241
49154,87612E10,TGT,20561,2020-07-16,121.950000,60976829.25,0.002301
49154,87612E10,TGT,20561,2020-07-17,121.670000,60836825.05,-0.002296
49154,87612E10,TGT,20561,2020-07-20,119.820000,59911797.30,-0.015205
49154,87612E10,TGT,20561,2020-07-21,120.200000,60101803.00,0.003171
49154,87612E10,TGT,20561,2020-07-22,123.140000,61571847.10,0.024459
49154,87612E10,TGT,20561,2020-07-23,122.350000,61176835.25,-0.006415
49154,87612E10,TGT,20561,2020-07-24,123.710000,61856855.65,0.011116
49154,87612E10,TGT,20561,2020-07-27,122.690000,61346840.35,-0.008245
49154,87612E10,TGT,20561,2020-07-28,123.290000,61646849.35,0.004890
49154,87612E10,TGT,20561,2020-07-29,123.680000,61841855.20,0.003163
49154,87612E10,TGT,20561,2020-07-30,124.580000,62291868.70,0.007277
49154,87612E10,TGT,20561,2020-07-31,125.880000,62941888.20,0.010435
49154,87612E10,TGT,20561,2020-08-03,127.840000,63921917.60,0.015570
49154,87612E10,TGT,20561,2020-08-04,130.450000,65226956.75,0.020416
49154,87612E10,TGT,20561,2020-08-05,129.370000,64686940.55,-0.008279
49154,87612E10,TGT,20561,2020-08-06,129.010000,64506935.15,-0.002783
49154,87612E10,TGT,20561,2020-08-07,131.750000,65876976.25,0.021239
49154,87612E10,TGT,20561,2020-08-10,132.940000,66471994.10,0.009032
49154,87612E10,TGT,20561,2020-08-11,131.720000,65861975.80,-0.009177
49154,87612E10,TGT,20561,2020-08-12,134.600000,67302019.00,0.021865
49154,87612E10,TGT,20561,2020-08-13,134.810000,67407022.15,0.001560
49154,87612E10,TGT,20561,2020-08-14,136.530000,68267047.95,0.012759
49154,87612E10,TGT,20561,2020-08-17,138.240000,69122073.60,0.012525
49154,87612E10,TGT,20561,2020-08-18,136.900000,68452053.50,-0.004774
49154,87612E10,TGT,20561,2020-08-19,154.220000,77112313.30,0.126516
49154,87612E10,TGT,20561,2020-08-20,152.240000,76122283.60,-0.012839
49154,87612E10,TGT,20561,2020-08-21,153.630000,76817304.45,0.009130
49154,87612E10,TGT,20561,2020-08-24,153.240000,76622298.60,-0.002539
49154,87612E10,TGT,20561,2020-08-25,152.850000,76427292.75,-0.002545
49154,87612E10,TGT,20561,2020-08-26,152.710000,76357290.65,-0.000916
49154,87612E10,TGT,20561,2020-08-27,150.310000,75157254.65,-0.015716
49154,87612E10,TGT,20561,2020-08-28,150.850000,75427262.75,0.003593
49154,87612E10,TGT,20561,2020-08-31,151.210000,75698447.78,0.002386
49154,87612E10,TGT,20561,2020-09-01,150.550000,75368039.90,-0.004365
49154,87612E10,TGT,20561,2020-09-02,149.840000,75012601.12,-0.004716
49154,87612E10,TGT,20561,2020-09-03,146.030000,73105246.54,-0.025427
49154,87612E10,TGT,20561,2020-09-04,147.230000,73705988.14,0.008217
49154,87612E10,TGT,20561,2020-09-08,144.000000,72088992.00,-0.021938
49154,87612E10,TGT,20561,2020-09-09,147.550000,73866185.90,0.024653
49154,87612E10,TGT,20561,2020-09-10,146.040000,73110252.72,-0.010234
49154,87612E10,TGT,20561,2020-09-11,147.650000,73916247.70,0.011024
49154,87612E10,TGT,20561,2020-09-14,148.440000,74311735.92,0.005350
49154,87612E10,TGT,20561,2020-09-15,149.070000,74627125.26,0.004244
49154,87612E10,TGT,20561,2020-09-16,147.990000,74086457.82,-0.007245
49154,87612E10,TGT,20561,2020-09-17,147.610000,73896222.98,-0.002568
49154,87612E10,TGT,20561,2020-09-18,148.820000,74501970.76,0.008197
49154,87612E10,TGT,20561,2020-09-21,149.860000,75022613.48,0.006988
49154,87612E10,TGT,20561,2020-09-22,154.080000,77135221.44,0.028160
49154,87612E10,TGT,20561,2020-09-23,151.010000,75598324.18,-0.019925
49154,87612E10,TGT,20561,2020-09-24,152.000000,76093936.00,0.006556
49154,87612E10,TGT,20561,2020-09-25,154.350000,77270388.30,0.015461
49154,87612E10,TGT,20561,2020-09-28,156.460000,78326692.28,0.013670
49154,87612E10,TGT,20561,2020-09-29,156.940000,78566988.92,0.003068
49154,87612E10,TGT,20561,2020-09-30,157.420000,78807285.56,0.003058
49154,87612E10,TGT,20561,2020-10-01,158.600000,79398014.80,0.007496
49154,87612E10,TGT,20561,2020-10-02,159.100000,79648323.80,0.003153
49154,87612E10,TGT,20561,2020-10-05,161.490000,80844800.82,0.015022
49154,87612E10,TGT,20561,2020-10-06,158.410000,79302897.38,-0.019072
49154,87612E10,TGT,20561,2020-10-07,160.680000,80439300.24,0.014330
49154,87612E10,TGT,20561,2020-10-08,161.860000,81030029.48,0.007344
49154,87612E10,TGT,20561,2020-10-09,163.710000,81956172.78,0.011430
49154,87612E10,TGT,20561,2020-10-12,164.570000,82386704.26,0.005253
49154,87612E10,TGT,20561,2020-10-13,165.640000,82922365.52,0.006502
49154,87612E10,TGT,20561,2020-10-14,163.970000,82086333.46,-0.010082
49154,87612E10,TGT,20561,2020-10-15,165.460000,82832254.28,0.009087
49154,87612E10,TGT,20561,2020-10-16,164.920000,82561920.56,-0.003264
49154,87612E10,TGT,20561,2020-10-19,164.050000,82126382.90,-0.005275
49154,87612E10,TGT,20561,2020-10-20,164.870000,82536889.66,0.004998
49154,87612E10,TGT,20561,2020-10-21,163.290000,81745913.22,-0.009583
49154,87612E10,TGT,20561,2020-10-22,159.600000,79898632.80,-0.022598
49154,87612E10,TGT,20561,2020-10-23,160.230000,80214022.14,0.003947
49154,87612E10,TGT,20561,2020-10-26,157.970000,79082625.46,-0.014105
49154,87612E10,TGT,20561,2020-10-27,157.030000,78612044.54,-0.005950
49154,87612E10,TGT,20561,2020-10-28,155.210000,77700919.78,-0.011590
49154,87612E10,TGT,20561,2020-10-29,154.250000,77220326.50,-0.006185
49154,87612E10,TGT,20561,2020-10-30,152.220000,76204071.96,-0.013160
49154,87612E10,TGT,20561,2020-11-02,154.390000,77290413.02,0.014256
49154,87612E10,TGT,20561,2020-11-03,156.730000,78461859.14,0.015156
49154,87612E10,TGT,20561,2020-11-04,156.620000,78406791.16,-0.000702
49154,87612E10,TGT,20561,2020-11-05,158.630000,79413033.34,0.012834
49154,87612E10,TGT,20561,2020-11-06,161.500000,80849807.00,0.018092
49154,87612E10,TGT,20561,2020-11-09,154.910000,77550734.38,-0.040805
49154,87612E10,TGT,20561,2020-11-10,158.070000,79132687.26,0.020399
49154,87612E10,TGT,20561,2020-11-11,159.690000,79943688.42,0.010249
49154,87612E10,TGT,20561,2020-11-12,159.530000,79863589.54,-0.001002
49154,87612E10,TGT,20561,2020-11-13,162.880000,81540659.84,0.020999
49154,87612E10,TGT,20561,2020-11-16,165.180000,82692081.24,0.014121
49154,87612E10,TGT,20561,2020-11-17,163.040000,81620758.72,-0.008839
49154,87612E10,TGT,20561,2020-11-18,166.850000,83528113.30,0.023368
49154,87612E10,TGT,20561,2020-11-19,171.370000,85790906.66,0.027090
49154,87612E10,TGT,20561,2020-11-20,172.310000,86261487.58,0.005485
49154,87612E10,TGT,20561,2020-11-23,177.560000,88889732.08,0.030468
49154,87612E10,TGT,20561,2020-11-24,177.860000,89039917.48,0.001690
49154,87612E10,TGT,20561,2020-11-25,179.820000,90021128.76,0.011020
49154,87612E10,TGT,20561,2020-11-27,179.770000,89996097.86,-0.000278
49154,87612E10,TGT,20561,2020-11-30,179.530000,89903776.69,-0.001335
49154,87612E10,TGT,20561,2020-12-01,179.050000,89663405.65,-0.002674
49154,87612E10,TGT,20561,2020-12-02,176.410000,88341364.93,-0.014744
49154,87612E10,TGT,20561,2020-12-03,174.920000,87595213.16,-0.008446
49154,87612E10,TGT,20561,2020-12-04,175.030000,87650298.19,0.000629
49154,87612E10,TGT,20561,2020-12-07,172.910000,86588659.43,-0.012112
49154,87612E10,TGT,20561,2020-12-08,172.720000,86493512.56,-0.001099
49154,87612E10,TGT,20561,2020-12-09,174.070000,87169556.11,0.007816
49154,87612E10,TGT,20561,2020-12-10,172.400000,86333265.20,-0.009594
49154,87612E10,TGT,20561,2020-12-11,171.710000,85987731.83,-0.004002
49154,87612E10,TGT,20561,2020-12-14,170.990000,85627175.27,-0.004193
49154,87612E10,TGT,20561,2020-12-15,171.410000,85837499.93,0.002456
49154,87612E10,TGT,20561,2020-12-16,171.690000,85977716.37,0.001634
49154,87612E10,TGT,20561,2020-12-17,171.240000,85752368.52,-0.002621
49154,87612E10,TGT,20561,2020-12-18,170.420000,85341734.66,-0.004789
49154,87612E10,TGT,20561,2020-12-21,171.760000,86012770.48,0.007863
49154,87612E10,TGT,20561,2020-12-22,172.350000,86308226.55,0.003435
49154,87612E10,TGT,20561,2020-12-23,174.910000,87590205.43,0.014853
49154,87612E10,TGT,20561,2020-12-24,175.190000,87730421.87,0.001601
49154,87612E10,TGT,20561,2020-12-28,176.390000,88331349.47,0.006850
49154,87612E10,TGT,20561,2020-12-29,175.040000,87655305.92,-0.007653
49154,87612E10,TGT,20561,2020-12-30,173.880000,87074409.24,-0.006627
49154,87612E10,TGT,20561,2020-12-31,176.530000,88401457.69,0.015240
49154,87612E10,TGT,20561,2021-01-04,177.630000,88952307.99,0.006231
49154,87612E10,TGT,20561,2021-01-05,180.370000,90324426.01,0.015425
49154,87612E10,TGT,20561,2021-01-06,188.920000,94606035.16,0.047403
49154,87612E10,TGT,20561,2021-01-07,191.100000,95697720.30,0.011539
49154,87612E10,TGT,20561,2021-01-08,193.600000,96949652.80,0.013082
49154,87612E10,TGT,20561,2021-01-11,195.280000,97790951.44,0.008678
49154,87612E10,TGT,20561,2021-01-12,199.100000,99703904.30,0.019562
49154,87612E10,TGT,20561,2021-01-13,196.820000,98562141.86,-0.011452
49154,87612E10,TGT,20561,2021-01-14,198.010000,99158061.73,0.006046
49154,87612E10,TGT,20561,2021-01-15,194.800000,97550580.40,-0.016211
49154,87612E10,TGT,20561,2021-01-19,188.160000,94225447.68,-0.034086
49154,87612E10,TGT,20561,2021-01-20,188.300000,94295555.90,0.000744
49154,87612E10,TGT,20561,2021-01-21,191.270000,95782851.71,0.015773
49154,87612E10,TGT,20561,2021-01-22,191.910000,96103346.43,0.003346
49154,87612E10,TGT,20561,2021-01-25,190.150000,95221985.95,-0.009171
49154,87612E10,TGT,20561,2021-01-26,187.700000,93995092.10,-0.012885
49154,87612E10,TGT,20561,2021-01-27,178.280000,89277810.44,-0.050186
49154,87612E10,TGT,20561,2021-01-28,183.580000,91931907.34,0.029729
49154,87612E10,TGT,20561,2021-01-29,181.170000,90725044.41,-0.013128
49154,87612E10,TGT,20561,2021-02-01,183.570000,91926899.61,0.013247
49154,87612E10,TGT,20561,2021-02-02,185.590000,92938461.07,0.011004
49154,87612E10,TGT,20561,2021-02-03,185.110000,92698090.03,-0.002586
49154,87612E10,TGT,20561,2021-02-04,188.590000,94440780.07,0.018800
49154,87612E10,TGT,20561,2021-02-05,188.860000,94575988.78,0.001432
49154,87612E10,TGT,20561,2021-02-08,193.950000,97124923.35,0.026951
49154,87612E10,TGT,20561,2021-02-09,194.290000,97295186.17,0.001753
49154,87612E10,TGT,20561,2021-02-10,192.440000,96368756.12,-0.009522
49154,87612E10,TGT,20561,2021-02-11,190.410000,95352186.93,-0.010549
49154,87612E10,TGT,20561,2021-02-12,191.430000,95862975.39,0.005357
49154,87612E10,TGT,20561,2021-02-16,190.590000,95442326.07,-0.000836
49154,87612E10,TGT,20561,2021-02-17,193.600000,96949652.80,0.015793
49154,87612E10,TGT,20561,2021-02-18,191.410000,95852959.93,-0.011312
49154,87612E10,TGT,20561,2021-02-19,188.820000,94555957.86,-0.013531
49154,87612E10,TGT,20561,2021-02-22,188.990000,94641089.27,0.000900
49154,87612E10,TGT,20561,2021-02-23,186.360000,93324056.28,-0.013916
49154,87612E10,TGT,20561,2021-02-24,187.080000,93684612.84,0.003863
49154,87612E10,TGT,20561,2021-02-25,185.080000,92683066.84,-0.010691
49154,87612E10,TGT,20561,2021-02-26,183.440000,91861799.12,-0.008861
49154,87612E10,TGT,20561,2021-03-01,186.090000,93188847.57,0.014446
49154,87612E10,TGT,20561,2021-03-02,173.490000,86879107.77,-0.067709
49154,87612E10,TGT,20561,2021-03-03,173.610000,86939200.53,0.000692
49154,87612E10,TGT,20561,2021-03-04,169.820000,85041270.86,-0.021831
49154,87612E10,TGT,20561,2021-03-05,172.610000,86438427.53,0.016429
49154,87612E10,TGT,20561,2021-03-08,176.870000,88571720.51,0.024680
49154,87612E10,TGT,20561,2021-03-09,179.180000,89728506.14,0.013060
49154,87612E10,TGT,20561,2021-03-10,178.580000,89428042.34,-0.003349
49154,87612E10,TGT,20561,2021-03-11,179.320000,89798614.36,0.004144
49154,87612E10,TGT,20561,2021-03-12,180.010000,90144147.73,0.003848
49154,87612E10,TGT,20561,2021-03-15,181.100000,90689990.30,0.006055
49154,87612E10,TGT,20561,2021-03-16,180.210000,90244302.33,-0.004914
49154,87612E10,TGT,20561,2021-03-17,178.400000,89337903.20,-0.010044
49154,87612E10,TGT,20561,2021-03-18,179.610000,89943838.53,0.006783
49154,87612E10,TGT,20561,2021-03-19,187.550000,93919976.15,0.044207
49154,87612E10,TGT,20561,2021-03-22,188.040000,94165354.92,0.002613
49154,87612E10,TGT,20561,2021-03-23,188.920000,94606035.16,0.004680
49154,87612E10,TGT,20561,2021-03-24,188.280000,94285540.44,-0.003388
49154,87612E10,TGT,20561,2021-03-25,192.700000,96498957.10,0.023476
49154,87612E10,TGT,20561,2021-03-26,200.950000,100630334.35,0.042813
49154,87612E10,TGT,20561,2021-03-29,198.210000,99258216.33,-0.013635
49154,87612E10,TGT,20561,2021-03-30,199.650000,99979329.45,0.007265
49154,87612E10,TGT,20561,2021-03-31,198.070000,98760871.12,-0.007914
49154,87612E10,TGT,20561,2021-04-01,200.720000,100082203.52,0.013379
49154,87612E10,TGT,20561,2021-04-05,205.350000,102390795.60,0.023067
49154,87612E10,TGT,20561,2021-04-06,205.430000,102430684.88,0.000390
49154,87612E10,TGT,20561,2021-04-07,204.450000,101942041.20,-0.004770
49154,87612E10,TGT,20561,2021-04-08,203.460000,101448411.36,-0.004842
49154,87612E10,TGT,20561,2021-04-09,205.360000,102395781.76,0.009338
49154,87612E10,TGT,20561,2021-04-12,205.100000,102266141.60,-0.001266
49154,87612E10,TGT,20561,2021-04-13,204.940000,102186363.04,-0.000780
49154,87612E10,TGT,20561,2021-04-14,205.710000,102570297.36,0.003757
49154,87612E10,TGT,20561,2021-04-15,205.760000,102595228.16,0.000243
49154,87612E10,TGT,20561,2021-04-16,208.550000,103986366.80,0.013559
49154,87612E10,TGT,20561,2021-04-19,208.650000,104036228.40,0.000480
49154,87612E10,TGT,20561,2021-04-20,207.270000,103348138.32,-0.006614
49154,87612E10,TGT,20561,2021-04-21,206.770000,103098830.32,-0.002412
49154,87612E10,TGT,20561,2021-04-22,205.570000,102500491.12,-0.005804
49154,87612E10,TGT,20561,2021-04-23,206.010000,102719882.16,0.002140
49154,87612E10,TGT,20561,2021-04-26,203.630000,101533176.08,-0.011553
49154,87612E10,TGT,20561,2021-04-27,204.360000,101897165.76,0.003585
49154,87612E10,TGT,20561,2021-04-28,204.460000,101947027.36,0.000489
49154,87612E10,TGT,20561,2021-04-29,207.380000,103402986.08,0.014282
49154,87612E10,TGT,20561,2021-04-30,207.260000,103126565.46,-0.000579
49154,87612E10,TGT,20561,2021-05-03,211.280000,105126800.88,0.019396
49154,87612E10,TGT,20561,2021-05-04,211.610000,105290999.31,0.001562
49154,87612E10,TGT,20561,2021-05-05,212.410000,105689056.11,0.003781
49154,87612E10,TGT,20561,2021-05-06,213.000000,105982623.00,0.002778
49154,87612E10,TGT,20561,2021-05-07,214.710000,106833469.41,0.008028
49154,87612E10,TGT,20561,2021-05-10,214.030000,106495121.13,-0.003167
49154,87612E10,TGT,20561,2021-05-11,209.240000,104111756.04,-0.022380
49154,87612E10,TGT,20561,2021-05-12,202.960000,100987010.16,-0.030013
49154,87612E10,TGT,20561,2021-05-13,208.610000,103798286.31,0.027838
49154,87612E10,TGT,20561,2021-05-14,211.160000,105067092.36,0.012224
49154,87612E10,TGT,20561,2021-05-17,210.020000,104499861.42,-0.005399
49154,87612E10,TGT,20561,2021-05-18,206.430000,102713581.53,-0.013856
49154,87612E10,TGT,20561,2021-05-19,219.010000,108973024.71,0.060941
49154,87612E10,TGT,20561,2021-05-20,221.790000,110356272.09,0.012693
49154,87612E10,TGT,20561,2021-05-21,225.090000,111998256.39,0.014879
49154,87612E10,TGT,20561,2021-05-24,225.410000,112157479.11,0.001422
49154,87612E10,TGT,20561,2021-05-25,225.300000,112102746.30,-0.000488
49154,87612E10,TGT,20561,2021-05-26,227.110000,113003349.81,0.008034
49154,87612E10,TGT,20561,2021-05-27,227.370000,113132718.27,0.001145
49154,87612E10,TGT,20561,2021-05-28,226.920000,112573423.56,-0.001979
49154,87612E10,TGT,20561,2021-06-01,227.270000,112747056.11,0.001542
49154,87612E10,TGT,20561,2021-06-02,228.380000,113297719.34,0.004884
49154,87612E10,TGT,20561,2021-06-03,229.180000,113694593.74,0.003503
49154,87612E10,TGT,20561,2021-06-04,231.340000,114766154.62,0.009425
49154,87612E10,TGT,20561,2021-06-07,230.890000,114542912.77,-0.001945
49154,87612E10,TGT,20561,2021-06-08,235.100000,116631464.30,0.018234
49154,87612E10,TGT,20561,2021-06-09,231.940000,115063810.42,-0.013441
49154,87612E10,TGT,20561,2021-06-10,231.660000,114924904.38,-0.001207
49154,87612E10,TGT,20561,2021-06-11,232.940000,115559903.42,0.005525
49154,87612E10,TGT,20561,2021-06-14,233.070000,115624395.51,0.000558
49154,87612E10,TGT,20561,2021-06-15,232.570000,115376349.01,-0.002145
49154,87612E10,TGT,20561,2021-06-16,231.260000,114726467.18,-0.005633
49154,87612E10,TGT,20561,2021-06-17,231.220000,114706623.46,-0.000173
49154,87612E10,TGT,20561,2021-06-18,230.530000,114364319.29,-0.002984
49154,87612E10,TGT,20561,2021-06-21,233.770000,115971660.61,0.014055
49154,87612E10,TGT,20561,2021-06-22,237.210000,117678220.53,0.014715
49154,87612E10,TGT,20561,2021-06-23,237.310000,117727829.83,0.000422
49154,87612E10,TGT,20561,2021-06-24,239.840000,118982945.12,0.010661
49154,87612E10,TGT,20561,2021-06-25,240.550000,119335171.15,0.002960
49154,87612E10,TGT,20561,2021-06-28,241.260000,119687397.18,0.002952
49154,87612E10,TGT,20561,2021-06-29,241.850000,119980092.05,0.002445
49154,87612E10,TGT,20561,2021-06-30,241.740000,119594579.76,-0.000455
49154,87612E10,TGT,20561,2021-07-01,243.470000,120450452.28,0.007156
49154,87612E10,TGT,20561,2021-07-02,246.580000,121989043.92,0.012774
49154,87612E10,TGT,20561,2021-07-06,245.450000,121430005.80,-0.004583
49154,87612E10,TGT,20561,2021-07-07,247.550000,122468926.20,0.008556
49154,87612E10,TGT,20561,2021-07-08,248.580000,122978491.92,0.004161
49154,87612E10,TGT,20561,2021-07-09,248.580000,122978491.92,0.000000
49154,87612E10,TGT,20561,2021-07-12,252.240000,124789181.76,0.014724
49154,87612E10,TGT,20561,2021-07-13,251.750000,124546767.00,-0.001943
49154,87612E10,TGT,20561,2021-07-14,253.630000,125476848.12,0.007468
49154,87612E10,TGT,20561,2021-07-15,252.930000,125130541.32,-0.002760
49154,87612E10,TGT,20561,2021-07-16,251.150000,124249932.60,-0.007038
49154,87612E10,TGT,20561,2021-07-19,251.120000,124235090.88,-0.000119
49154,87612E10,TGT,20561,2021-07-20,254.710000,126011150.04,0.014296
49154,87612E10,TGT,20561,2021-07-21,256.050000,126674080.20,0.005261
49154,87612E10,TGT,20561,2021-07-22,257.010000,127149015.24,0.003749
49154,87612E10,TGT,20561,2021-07-23,261.030000,129137805.72,0.015641
49154,87612E10,TGT,20561,2021-07-26,260.860000,129053702.64,-0.000651
49154,87612E10,TGT,20561,2021-07-27,258.360000,127816892.64,-0.009584
49154,87612E10,TGT,20561,2021-07-28,257.420000,127351852.08,-0.003638
49154,87612E10,TGT,20561,2021-07-29,261.660000,129449481.84,0.016471
49154,87612E10,TGT,20561,2021-07-30,261.050000,129147700.20,-0.002331
49154,87612E10,TGT,20561,2021-08-02,257.240000,127262801.76,-0.014595
49154,87612E10,TGT,20561,2021-08-03,262.200000,129716632.80,0.019282
49154,87612E10,TGT,20561,2021-08-04,260.530000,128890443.72,-0.006369
49154,87612E10,TGT,20561,2021-08-05,261.400000,129320853.60,0.003339
49154,87612E10,TGT,20561,2021-08-06,260.090000,128672765.16,-0.005011
49154,87612E10,TGT,20561,2021-08-09,262.410000,129820524.84,0.008920
49154,87612E10,TGT,20561,2021-08-10,264.070000,130641766.68,0.006326
49154,87612E10,TGT,20561,2021-08-11,263.010000,130117359.24,-0.004014
49154,87612E10,TGT,20561,2021-08-12,261.880000,129558321.12,-0.004296
49154,87612E10,TGT,20561,2021-08-13,261.540000,129390114.96,-0.001298
49154,87612E10,TGT,20561,2021-08-16,263.150000,130186620.60,0.006156
49154,87612E10,TGT,20561,2021-08-17,254.650000,125981466.60,-0.028881
49154,87612E10,TGT,20561,2021-08-18,247.580000,122483767.92,-0.027764
49154,87612E10,TGT,20561,2021-08-19,245.410000,121410216.84,-0.008765
49154,87612E10,TGT,20561,2021-08-20,253.400000,125363061.60,0.032558
49154,87612E10,TGT,20561,2021-08-23,252.530000,124932651.72,-0.003433
49154,87612E10,TGT,20561,2021-08-24,250.650000,124002570.60,-0.007445
49154,87612E10,TGT,20561,2021-08-25,251.150000,124249932.60,0.001995
49154,87612E10,TGT,20561,2021-08-26,248.960000,123166487.04,-0.008720
49154,87612E10,TGT,20561,2021-08-27,249.180000,123275326.32,0.000884
49154,87612E10,TGT,20561,2021-08-30,249.360000,123364376.64,0.000722
49154,87612E10,TGT,20561,2021-08-31,246.980000,120934003.98,-0.009544
49154,87612E10,TGT,20561,2021-09-01,246.370000,120635316.87,-0.002470
49154,87612E10,TGT,20561,2021-09-02,245.810000,120361112.31,-0.002273
49154,87612E10,TGT,20561,2021-09-03,244.310000,119626635.81,-0.006102
49154,87612E10,TGT,20561,2021-09-07,242.720000,118848090.72,-0.006508
49154,87612E10,TGT,20561,2021-09-08,246.110000,120508007.61,0.013967
49154,87612E10,TGT,20561,2021-09-09,245.440000,120179941.44,-0.002722
49154,87612E10,TGT,20561,2021-09-10,244.540000,119739255.54,-0.003667
49154,87612E10,TGT,20561,2021-09-13,243.100000,119034158.10,-0.005889
49154,87612E10,TGT,20561,2021-09-14,242.240000,118613058.24,-0.003538
49154,87612E10,TGT,20561,2021-09-15,244.140000,119543395.14,0.007843
49154,87612E10,TGT,20561,2021-09-16,246.950000,120919314.45,0.011510
49154,87612E10,TGT,20561,2021-09-17,246.670000,120782212.17,-0.001134
49154,87612E10,TGT,20561,2021-09-20,242.140000,118564093.14,-0.018365
49154,87612E10,TGT,20561,2021-09-21,241.310000,118157682.81,-0.003428
49154,87612E10,TGT,20561,2021-09-22,241.770000,118382922.27,0.001906
49154,87612E10,TGT,20561,2021-09-23,242.670000,118823608.17,0.003723
49154,87612E10,TGT,20561,2021-09-24,241.440000,118221337.44,-0.005069
49154,87612E10,TGT,20561,2021-09-27,238.580000,116820935.58,-0.011846
49154,87612E10,TGT,20561,2021-09-28,233.440000,114304129.44,-0.021544
49154,87612E10,TGT,20561,2021-09-29,235.850000,115484188.35,0.010324
49154,87612E10,TGT,20561,2021-09-30,228.770000,112017459.27,-0.030019
49154,87612E10,TGT,20561,2021-10-01,228.420000,111846081.42,-0.001530
49154,87612E10,TGT,20561,2021-10-04,225.890000,110607264.39,-0.011076
49154,87612E10,TGT,20561,2021-10-05,227.560000,111424981.56,0.007393
49154,87612E10,TGT,20561,2021-10-06,226.830000,111067536.33,-0.003208
49154,87612E10,TGT,20561,2021-10-07,229.820000,112531592.82,0.013182
49154,87612E10,TGT,20561,2021-10-08,228.900000,112081113.90,-0.004003
49154,87612E10,TGT,20561,2021-10-11,228.720000,111992976.72,-0.000786
49154,87612E10,TGT,20561,2021-10-12,230.240000,112737246.24,0.006646
49154,87612E10,TGT,20561,2021-10-13,236.750000,115924874.25,0.028275
49154,87612E10,TGT,20561,2021-10-14,242.090000,118539610.59,0.022555
49154,87612E10,TGT,20561,2021-10-15,245.710000,120312147.21,0.014953
49154,87612E10,TGT,20561,2021-10-18,253.650000,124199976.15,0.032315
49154,87612E10,TGT,20561,2021-10-19,252.190000,123485085.69,-0.005756
49154,87612E10,TGT,20561,2021-10-20,251.830000,123308811.33,-0.001427
49154,87612E10,TGT,20561,2021-10-21,254.210000,124474180.71,0.009451
49154,87612E10,TGT,20561,2021-10-22,255.930000,125316380.43,0.006766
49154,87612E10,TGT,20561,2021-10-25,260.350000,127480637.85,0.017270
49154,87612E10,TGT,20561,2021-10-26,258.730000,126687403.23,-0.006222
49154,87612E10,TGT,20561,2021-10-27,256.540000,125615067.54,-0.008464
49154,87612E10,TGT,20561,2021-10-28,258.220000,126437681.22,0.006549
49154,87612E10,TGT,20561,2021-10-29,259.620000,127123192.62,0.005422
49154,87612E10,TGT,20561,2021-11-01,257.920000,126290785.92,-0.006548
49154,87612E10,TGT,20561,2021-11-02,260.260000,127436569.26,0.009073
49154,87612E10,TGT,20561,2021-11-03,260.410000,127510016.91,0.000576
49154,87612E10,TGT,20561,2021-11-04,260.440000,127524706.44,0.000115
49154,87612E10,TGT,20561,2021-11-05,254.270000,124503559.77,-0.023691
49154,87612E10,TGT,20561,2021-11-08,253.330000,124043287.83,-0.003697
49154,87612E10,TGT,20561,2021-11-09,255.160000,124939349.16,0.007224
49154,87612E10,TGT,20561,2021-11-10,254.050000,124395836.55,-0.004350
49154,87612E10,TGT,20561,2021-11-11,256.010000,125355552.51,0.007715
49154,87612E10,TGT,20561,2021-11-12,260.020000,127319053.02,0.015663
49154,87612E10,TGT,20561,2021-11-15,264.330000,129429448.83,0.016576
49154,87612E10,TGT,20561,2021-11-16,266.390000,130438129.89,0.011198
49154,87612E10,TGT,20561,2021-11-17,253.800000,124273423.80,-0.047262
49154,87612E10,TGT,20561,2021-11-18,252.050000,123416534.55,-0.006895
49154,87612E10,TGT,20561,2021-11-19,250.700000,122755505.70,-0.005356
49154,87612E10,TGT,20561,2021-11-22,244.570000,119753945.07,-0.024452
49154,87612E10,TGT,20561,2021-11-23,249.180000,122011236.18,0.018849
49154,87612E10,TGT,20561,2021-11-24,248.760000,121805582.76,-0.001686
49154,87612E10,TGT,20561,2021-11-26,246.570000,120733247.07,-0.008804
49154,87612E10,TGT,20561,2021-11-29,249.160000,122001443.16,0.010504
49154,87612E10,TGT,20561,2021-11-30,243.840000,116829596.16,-0.021352
49154,87612E10,TGT,20561,2021-12-01,240.390000,115176618.36,-0.014149
49154,87612E10,TGT,20561,2021-12-02,245.500000,117624942.00,0.021257
49154,87612E10,TGT,20561,2021-12-03,247.570000,118616728.68,0.008432
49154,87612E10,TGT,20561,2021-12-06,242.970000,116412758.28,-0.018581
49154,87612E10,TGT,20561,2021-12-07,245.630000,117687228.12,0.010948
49154,87612E10,TGT,20561,2021-12-08,239.600000,114798110.40,-0.024549
49154,87612E10,TGT,20561,2021-12-09,237.560000,113820697.44,-0.008514
49154,87612E10,TGT,20561,2021-12-10,238.180000,114117754.32,0.002610
49154,87612E10,TGT,20561,2021-12-13,234.170000,112196467.08,-0.016836
49154,87612E10,TGT,20561,2021-12-14,235.280000,112728294.72,0.004740
49154,87612E10,TGT,20561,2021-12-15,236.650000,113384694.60,0.005823
49154,87612E10,TGT,20561,2021-12-16,224.780000,107697492.72,-0.050158
49154,87612E10,TGT,20561,2021-12-17,223.310000,106993180.44,-0.006540
49154,87612E10,TGT,20561,2021-12-20,219.190000,105019189.56,-0.018450
49154,87612E10,TGT,20561,2021-12-21,220.070000,105440818.68,0.004015
49154,87612E10,TGT,20561,2021-12-22,217.740000,104324459.76,-0.010588
49154,87612E10,TGT,20561,2021-12-23,221.010000,105891195.24,0.015018
49154,87612E10,TGT,20561,2021-12-27,224.100000,107371688.40,0.013981
49154,87612E10,TGT,20561,2021-12-28,224.910000,107759778.84,0.003614
49154,87612E10,TGT,20561,2021-12-29,227.920000,109201942.08,0.013383
49154,87612E10,TGT,20561,2021-12-30,231.910000,111113646.84,0.017506
49154,87612E10,TGT,20561,2021-12-31,231.440000,110888458.56,-0.002027
49154,87612E10,TGT,20561,2022-01-03,231.950000,111132811.80,0.002204
49154,87612E10,TGT,20561,2022-01-04,234.170000,112196467.08,0.009571
49154,87612E10,TGT,20561,2022-01-05,228.860000,109652318.64,-0.022676
49154,87612E10,TGT,20561,2022-01-06,231.350000,110845337.40,0.010880
49154,87612E10,TGT,20561,2022-01-07,230.780000,110572236.72,-0.002464
49154,87612E10,TGT,20561,2022-01-10,227.420000,108962380.08,-0.014559
49154,87612E10,TGT,20561,2022-01-11,227.550000,109024666.20,0.000572
49154,87612E10,TGT,20561,2022-01-12,224.470000,107548964.28,-0.013535
49154,87612E10,TGT,20561,2022-01-13,225.830000,108200572.92,0.006059
49154,87612E10,TGT,20561,2022-01-14,221.400000,106078053.60,-0.019617
49154,87612E10,TGT,20561,2022-01-18,220.010000,105412071.24,-0.006278
49154,87612E10,TGT,20561,2022-01-19,223.840000,107247116.16,0.017408
49154,87612E10,TGT,20561,2022-01-20,221.720000,106231373.28,-0.009471
49154,87612E10,TGT,20561,2022-01-21,217.250000,104089689.00,-0.020161
49154,87612E10,TGT,20561,2022-01-24,220.580000,105685171.92,0.015328
49154,87612E10,TGT,20561,2022-01-25,214.680000,102858340.32,-0.026748
49154,87612E10,TGT,20561,2022-01-26,211.710000,101435342.04,-0.013835
49154,87612E10,TGT,20561,2022-01-27,212.180000,101660530.32,0.002220
49154,87612E10,TGT,20561,2022-01-28,217.670000,104290921.08,0.025874
49154,87612E10,TGT,20561,2022-01-31,220.430000,105613303.32,0.012680
49154,87612E10,TGT,20561,2022-02-01,219.230000,105038354.52,-0.005444
49154,87612E10,TGT,20561,2022-02-02,217.610000,104262173.64,-0.007389
49154,87612E10,TGT,20561,2022-02-03,213.220000,102158819.28,-0.020174
49154,87612E10,TGT,20561,2022-02-04,214.040000,102551700.96,0.003846
49154,87612E10,TGT,20561,2022-02-07,211.290000,101234109.96,-0.012848
49154,87612E10,TGT,20561,2022-02-08,212.950000,102029455.80,0.007857
49154,87612E10,TGT,20561,2022-02-09,216.640000,103797423.36,0.017328
49154,87612E10,TGT,20561,2022-02-10,213.840000,102455876.16,-0.012925
49154,87612E10,TGT,20561,2022-02-11,211.560000,101363473.44,-0.010662
49154,87612E10,TGT,20561,2022-02-14,208.570000,99930892.68,-0.014133
49154,87612E10,TGT,20561,2022-02-15,207.180000,99264910.32,-0.002349
49154,87612E10,TGT,20561,2022-02-16,207.810000,99566758.44,0.003041
49154,87612E10,TGT,20561,2022-02-17,204.000000,97741296.00,-0.018334
49154,87612E10,TGT,20561,2022-02-18,204.390000,97928154.36,0.001912
49154,87612E10,TGT,20561,2022-02-22,196.350000,94075997.40,-0.039337
49154,87612E10,TGT,20561,2022-02-23,189.900000,90985647.60,-0.032850
49154,87612E10,TGT,20561,2022-02-24,191.550000,91776202.20,0.008689
49154,87612E10,TGT,20561,2022-02-25,199.220000,95451083.28,0.040042
49154,87612E10,TGT,20561,2022-02-28,199.770000,95714601.48,0.002761
49154,87612E10,TGT,20561,2022-03-01,219.430000,105134179.32,0.098413
49154,87612E10,TGT,20561,2022-03-02,224.900000,107754987.60,0.024928
49154,87612E10,TGT,20561,2022-03-03,223.840000,107247116.16,-0.004713
49154,87612E10,TGT,20561,2022-03-04,224.100000,107371688.40,0.001162
49154,87612E10,TGT,20561,2022-03-07,211.040000,101114328.96,-0.058278
49154,87612E10,TGT,20561,2022-03-08,208.810000,100045882.44,-0.010567
49154,87612E10,TGT,20561,2022-03-09,216.000000,103490784.00,0.034433
49154,87612E10,TGT,20561,2022-03-10,214.780000,102906252.72,-0.005648
49154,87612E10,TGT,20561,2022-03-11,206.970000,99164294.28,-0.036363
49154,87612E10,TGT,20561,2022-03-14,208.760000,100021926.24,0.008649
49154,87612E10,TGT,20561,2022-03-15,215.350000,103179353.40,0.031567
49154,87612E10,TGT,20561,2022-03-16,215.590000,103294343.16,0.001114
49154,87612E10,TGT,20561,2022-03-17,220.630000,105709128.12,0.023378
49154,87612E10,TGT,20561,2022-03-18,226.050000,108305980.20,0.024566
49154,87612E10,TGT,20561,2022-03-21,223.000000,106844652.00,-0.013493
49154,87612E10,TGT,20561,2022-03-22,222.770000,106734453.48,-0.001031
49154,87612E10,TGT,20561,2022-03-23,216.720000,103835753.28,-0.027158
49154,87612E10,TGT,20561,2022-03-24,217.040000,103989072.96,0.001477
49154,87612E10,TGT,20561,2022-03-25,218.610000,104741297.64,0.007234
49154,87612E10,TGT,20561,2022-03-28,219.520000,105177300.48,0.004163
49154,87612E10,TGT,20561,2022-03-29,222.930000,106811113.32,0.015534
49154,87612E10,TGT,20561,2022-03-30,221.960000,106346363.04,-0.004351
49154,87612E10,TGT,20561,2022-03-31,212.220000,98134347.96,-0.043882
49154,87612E10,TGT,20561,2022-04-01,210.540000,97357485.72,-0.007916
49154,87612E10,TGT,20561,2022-04-04,214.410000,99147043.38,0.018381
49154,87612E10,TGT,20561,2022-04-05,214.790000,99322762.22,0.001772
49154,87612E10,TGT,20561,2022-04-06,215.940000,99854542.92,0.005354
49154,87612E10,TGT,20561,2022-04-07,228.190000,105519163.42,0.056729
49154,87612E10,TGT,20561,2022-04-08,233.340000,107900616.12,0.022569
49154,87612E10,TGT,20561,2022-04-11,229.310000,106037071.58,-0.017271
49154,87612E10,TGT,20561,2022-04-12,231.340000,106975780.12,0.008853
49154,87612E10,TGT,20561,2022-04-13,233.820000,108122576.76,0.010720
49154,87612E10,TGT,20561,2022-04-14,237.200000,109685549.60,0.014456
49154,87612E10,TGT,20561,2022-04-18,239.390000,110698245.02,0.009233
49154,87612E10,TGT,20561,2022-04-19,246.050000,113777948.90,0.027821
49154,87612E10,TGT,20561,2022-04-20,249.320000,115290055.76,0.013290
49154,87612E10,TGT,20561,2022-04-21,248.170000,114758275.06,-0.004613
49154,87612E10,TGT,20561,2022-04-22,241.680000,111757182.24,-0.026151
49154,87612E10,TGT,20561,2022-04-25,241.660000,111747933.88,-0.000083
49154,87612E10,TGT,20561,2022-04-26,236.500000,109361857.00,-0.021352
49154,87612E10,TGT,20561,2022-04-27,230.970000,106804685.46,-0.023383
49154,87612E10,TGT,20561,2022-04-28,236.390000,109310991.02,0.023466
49154,87612E10,TGT,20561,2022-04-29,228.650000,105731875.70,-0.032743
49154,87612E10,TGT,20561,2022-05-02,229.780000,106254408.04,0.004942
49154,87612E10,TGT,20561,2022-05-03,232.540000,107530681.72,0.012011
49154,87612E10,TGT,20561,2022-05-04,237.430000,109791905.74,0.021029
49154,87612E10,TGT,20561,2022-05-05,230.760000,106707577.68,-0.028092
49154,87612E10,TGT,20561,2022-05-06,225.210000,104141157.78,-0.024051
49154,87612E10,TGT,20561,2022-05-09,224.200000,103674115.60,-0.004485
49154,87612E10,TGT,20561,2022-05-10,219.110000,101320407.98,-0.022703
49154,87612E10,TGT,20561,2022-05-11,213.490000,98721618.82,-0.025649
49154,87612E10,TGT,20561,2022-05-12,217.270000,100469558.86,0.017706
49154,87612E10,TGT,20561,2022-05-13,219.730000,101607107.14,0.011322
49154,87612E10,TGT,20561,2022-05-16,219.250000,101385146.50,-0.002184
49154,87612E10,TGT,20561,2022-05-17,215.280000,99549347.04,-0.014002
49154,87612E10,TGT,20561,2022-05-18,161.610000,74731372.98,-0.249303
49154,87612E10,TGT,20561,2022-05-19,153.430000,70948793.74,-0.050616
49154,87612E10,TGT,20561,2022-05-20,155.360000,71841260.48,0.012579
49154,87612E10,TGT,20561,2022-05-23,153.900000,71166130.20,-0.009398
49154,87612E10,TGT,20561,2022-05-24,149.950000,69339579.10,-0.025666
49154,87612E10,TGT,20561,2022-05-25,156.420000,72331423.56,0.043148
49154,87612E10,TGT,20561,2022-05-26,163.200000,75466617.60,0.043345
49154,87612E10,TGT,20561,2022-05-27,167.140000,77288544.52,0.024142
49154,87612E10,TGT,20561,2022-05-31,161.880000,75059547.12,-0.031471
49154,87612E10,TGT,20561,2022-06-01,156.520000,72574254.48,-0.033111
49154,87612E10,TGT,20561,2022-06-02,160.910000,74609783.34,0.028048
49154,87612E10,TGT,20561,2022-06-03,161.040000,74670060.96,0.000808
49154,87612E10,TGT,20561,2022-06-06,159.670000,74034827.58,-0.008507
49154,87612E10,TGT,20561,2022-06-07,155.980000,72323870.52,-0.023110
49154,87612E10,TGT,20561,2022-06-08,156.700000,72657715.80,0.004616
49154,87612E10,TGT,20561,2022-06-09,154.550000,71660816.70,-0.013720
49154,87612E10,TGT,20561,2022-06-10,149.670000,69398087.58,-0.031576
49154,87612E10,TGT,20561,2022-06-13,144.810000,67144631.94,-0.032471
49154,87612E10,TGT,20561,2022-06-14,142.700000,66166279.80,-0.014571
49154,87612E10,TGT,20561,2022-06-15,147.440000,68364094.56,0.033217
49154,87612E10,TGT,20561,2022-06-16,142.890000,66254377.86,-0.030860
49154,87612E10,TGT,20561,2022-06-17,139.300000,64589788.20,-0.025124
49154,87612E10,TGT,20561,2022-06-21,144.700000,67093627.80,0.038765
49154,87612E10,TGT,20561,2022-06-22,140.810000,65289935.94,-0.026883
49154,87612E10,TGT,20561,2022-06-23,146.810000,68071979.94,0.042611
49154,87612E10,TGT,20561,2022-06-24,150.420000,69745843.08,0.024590
49154,87612E10,TGT,20561,2022-06-27,149.610000,69370267.14,-0.005385
49154,87612E10,TGT,20561,2022-06-28,144.520000,67010166.48,-0.034022
49154,87612E10,TGT,20561,2022-06-29,141.900000,65795340.60,-0.018129
49154,87612E10,TGT,20561,2022-06-30,141.230000,65487786.08,-0.004722
49154,87612E10,TGT,20561,2022-07-01,142.380000,66021036.48,0.008143
49154,87612E10,TGT,20561,2022-07-05,145.710000,67565144.16,0.023388
49154,87612E10,TGT,20561,2022-07-06,144.810000,67147817.76,-0.006177
49154,87612E10,TGT,20561,2022-07-07,149.960000,69535852.16,0.035564
49154,87612E10,TGT,20561,2022-07-08,147.990000,68622371.04,-0.013137
49154,87612E10,TGT,20561,2022-07-11,146.390000,67880457.44,-0.010812
49154,87612E10,TGT,20561,2022-07-12,144.560000,67031893.76,-0.012501
49154,87612E10,TGT,20561,2022-07-13,145.440000,67439946.24,0.006087
49154,87612E10,TGT,20561,2022-07-14,146.290000,67834087.84,0.005844
49154,87612E10,TGT,20561,2022-07-15,146.670000,68010292.32,0.002598
49154,87612E10,TGT,20561,2022-07-18,149.360000,69257634.56,0.018340
49154,87612E10,TGT,20561,2022-07-19,153.360000,71112418.56,0.026781
49154,87612E10,TGT,20561,2022-07-20,156.500000,72568424.00,0.020475
49154,87612E10,TGT,20561,2022-07-21,158.660000,73570007.36,0.013802
49154,87612E10,TGT,20561,2022-07-22,157.740000,73143407.04,-0.005799
49154,87612E10,TGT,20561,2022-07-25,157.490000,73027483.04,-0.001585
49154,87612E10,TGT,20561,2022-07-26,151.810000,70393689.76,-0.036066
49154,87612E10,TGT,20561,2022-07-27,154.600000,71687401.60,0.018378
49154,87612E10,TGT,20561,2022-07-28,159.420000,73922416.32,0.031177
49154,87612E10,TGT,20561,2022-07-29,163.380000,75758652.48,0.024840
49154,87612E10,TGT,20561,2022-08-01,165.550000,76764872.80,0.013282
49154,87612E10,TGT,20561,2022-08-02,163.480000,75805022.08,-0.012504
49154,87612E10,TGT,20561,2022-08-03,167.920000,77863832.32,0.027159
49154,87612E10,TGT,20561,2022-08-04,166.560000,77233205.76,-0.008099
49154,87612E10,TGT,20561,2022-08-05,166.130000,77033816.48,-0.002582
49154,87612E10,TGT,20561,2022-08-08,166.970000,77423321.12,0.005056
49154,87612E10,TGT,20561,2022-08-09,165.120000,76565483.52,-0.011080
49154,87612E10,TGT,20561,2022-08-10,169.670000,78675300.32,0.027556
49154,87612E10,TGT,20561,2022-08-11,169.600000,78642841.60,-0.000413
49154,87612E10,TGT,20561,2022-08-12,172.480000,79978286.08,0.016981
49154,87612E10,TGT,20561,2022-08-15,173.390000,80400249.44,0.005276
49154,87612E10,TGT,20561,2022-08-16,180.190000,83553382.24,0.045447
49154,87612E10,TGT,20561,2022-08-17,175.340000,81304456.64,-0.026916
49154,87612E10,TGT,20561,2022-08-18,173.050000,80242592.80,-0.013060
49154,87612E10,TGT,20561,2022-08-19,167.040000,77455779.84,-0.034730
49154,87612E10,TGT,20561,2022-08-22,161.960000,75100204.16,-0.030412
49154,87612E10,TGT,20561,2022-08-23,161.970000,75104841.12,0.000062
49154,87612E10,TGT,20561,2022-08-24,163.130000,75642728.48,0.007162
49154,87612E10,TGT,20561,2022-08-25,167.500000,77669080.00,0.026788
49154,87612E10,TGT,20561,2022-08-26,160.620000,74478851.52,-0.041075
49154,87612E10,TGT,20561,2022-08-29,158.690000,73583918.24,-0.012016
49154,87612E10,TGT,20561,2022-08-30,160.780000,74553042.88,0.013170
49154,87612E10,TGT,20561,2022-08-31,160.340000,73798569.42,-0.002737
49154,87612E10,TGT,20561,2022-09-01,164.840000,75869752.92,0.028065
49154,87612E10,TGT,20561,2022-09-02,164.600000,75759289.80,-0.001456
49154,87612E10,TGT,20561,2022-09-06,163.580000,75289821.54,-0.006197
49154,87612E10,TGT,20561,2022-09-07,170.790000,78608317.77,0.044076
49154,87612E10,TGT,20561,2022-09-08,171.900000,79119209.70,0.006499
49154,87612E10,TGT,20561,2022-09-09,173.650000,79924669.95,0.010180
49154,87612E10,TGT,20561,2022-09-12,173.850000,80016722.55,0.001152
49154,87612E10,TGT,20561,2022-09-13,166.240000,76514121.12,-0.043773
49154,87612E10,TGT,20561,2022-09-14,165.380000,76118294.94,-0.005173
49154,87612E10,TGT,20561,2022-09-15,165.010000,75947997.63,-0.002237
49154,87612E10,TGT,20561,2022-09-16,164.090000,75524555.67,-0.005575
49154,87612E10,TGT,20561,2022-09-19,164.760000,75832931.88,0.004083
49154,87612E10,TGT,20561,2022-09-20,160.030000,73655887.89,-0.028708
49154,87612E10,TGT,20561,2022-09-21,159.030000,73195624.89,-0.006249
49154,87612E10,TGT,20561,2022-09-22,152.960000,70401828.48,-0.038169
49154,87612E10,TGT,20561,2022-09-23,152.610000,70240736.43,-0.002288
49154,87612E10,TGT,20561,2022-09-26,148.710000,68445710.73,-0.025555
49154,87612E10,TGT,20561,2022-09-27,148.470000,68335247.61,-0.001614
49154,87612E10,TGT,20561,2022-09-28,155.870000,71741193.81,0.049842
49154,87612E10,TGT,20561,2022-09-29,151.790000,69863320.77,-0.026176
49154,87612E10,TGT,20561,2022-09-30,148.390000,68298426.57,-0.022399
49154,87612E10,TGT,20561,2022-10-03,151.790000,69863320.77,0.022913
49154,87612E10,TGT,20561,2022-10-04,156.960000,72242880.48,0.034060
49154,87612E10,TGT,20561,2022-10-05,156.410000,71989735.83,-0.003504
49154,87612E10,TGT,20561,2022-10-06,155.750000,71685962.25,-0.004220
49154,87612E10,TGT,20561,2022-10-07,152.340000,70116465.42,-0.021894
49154,87612E10,TGT,20561,2022-10-10,153.100000,70466265.30,0.004989
49154,87612E10,TGT,20561,2022-10-11,154.500000,71110633.50,0.009144
49154,87612E10,TGT,20561,2022-10-12,154.160000,70954144.08,-0.002201
49154,87612E10,TGT,20561,2022-10-13,154.120000,70935733.56,-0.000259
49154,87612E10,TGT,20561,2022-10-14,145.690000,67055716.47,-0.054698
49154,87612E10,TGT,20561,2022-10-17,149.250000,68694252.75,0.024435
49154,87612E10,TGT,20561,2022-10-18,157.230000,72367151.49,0.053467
49154,87612E10,TGT,20561,2022-10-19,155.390000,71520267.57,-0.011703
49154,87612E10,TGT,20561,2022-10-20,154.400000,71064607.20,-0.006371
49154,87612E10,TGT,20561,2022-10-21,159.190000,73269266.97,0.031023
49154,87612E10,TGT,20561,2022-10-24,161.820000,74479758.66,0.016521
49154,87612E10,TGT,20561,2022-10-25,165.800000,76311605.40,0.024595
49154,87612E10,TGT,20561,2022-10-26,166.770000,76758060.51,0.005850
49154,87612E10,TGT,20561,2022-10-27,166.900000,76817894.70,0.000780
49154,87612E10,TGT,20561,2022-10-28,167.520000,77103257.76,0.003715
49154,87612E10,TGT,20561,2022-10-31,164.250000,75598197.75,-0.019520
49154,87612E10,TGT,20561,2022-11-01,164.590000,75754687.17,0.002070
49154,87612E10,TGT,20561,2022-11-02,160.200000,73734132.60,-0.026672
49154,87612E10,TGT,20561,2022-11-03,159.800000,73550027.40,-0.002497
49154,87612E10,TGT,20561,2022-11-04,159.630000,73471782.69,-0.001064
49154,87612E10,TGT,20561,2022-11-07,159.870000,73582245.81,0.001503
49154,87612E10,TGT,20561,2022-11-08,161.620000,74387706.06,0.010946
49154,87612E10,TGT,20561,2022-11-09,152.990000,70415636.37,-0.053397
49154,87612E10,TGT,20561,2022-11-10,164.380000,75658031.94,0.074449
49154,87612E10,TGT,20561,2022-11-11,173.320000,79772783.16,0.054386
49154,87612E10,TGT,20561,2022-11-14,173.260000,79745167.38,-0.000346
49154,87612E10,TGT,20561,2022-11-15,178.980000,82377871.74,0.039247
49154,87612E10,TGT,20561,2022-11-16,155.470000,71557088.61,-0.131355
49154,87612E10,TGT,20561,2022-11-17,162.010000,74567208.63,0.042066
49154,87612E10,TGT,20561,2022-11-18,162.880000,74967637.44,0.005370
49154,87612E10,TGT,20561,2022-11-21,158.020000,72730759.26,-0.029838
49154,87612E10,TGT,20561,2022-11-22,157.860000,72657117.18,-0.001013
49154,87612E10,TGT,20561,2022-11-23,163.410000,75211576.83,0.035158
49154,87612E10,TGT,20561,2022-11-25,163.380000,75197768.94,-0.000184
49154,87612E10,TGT,20561,2022-11-28,165.370000,76113692.31,0.012180
49154,87612E10,TGT,20561,2022-11-29,166.370000,76573955.31,0.006047
49154,87612E10,TGT,20561,2022-11-30,167.070000,76903991.70,0.004207
49154,87612E10,TGT,20561,2022-12-01,165.030000,75964959.30,-0.012210
49154,87612E10,TGT,20561,2022-12-02,164.160000,75564489.60,-0.005272
49154,87612E10,TGT,20561,2022-12-05,154.930000,71315828.30,-0.056226
49154,87612E10,TGT,20561,2022-12-06,155.050000,71371065.50,0.000775
49154,87612E10,TGT,20561,2022-12-07,153.760000,70777265.60,-0.008320
49154,87612E10,TGT,20561,2022-12-08,154.210000,70984405.10,0.002927
49154,87612E10,TGT,20561,2022-12-09,152.280000,70096006.80,-0.012515
49154,87612E10,TGT,20561,2022-12-12,150.030000,69060309.30,-0.014775
49154,87612E10,TGT,20561,2022-12-13,150.870000,69446969.70,0.005599
49154,87612E10,TGT,20561,2022-12-14,152.510000,70201878.10,0.010870
49154,87612E10,TGT,20561,2022-12-15,147.600000,67941756.00,-0.032195
49154,87612E10,TGT,20561,2022-12-16,146.450000,67412399.50,-0.007791
49154,87612E10,TGT,20561,2022-12-19,144.650000,66583841.50,-0.012291
49154,87612E10,TGT,20561,2022-12-20,143.250000,65939407.50,-0.009679
49154,87612E10,TGT,20561,2022-12-21,142.300000,65502113.00,-0.006632
49154,87612E10,TGT,20561,2022-12-22,141.350000,65064818.50,-0.006676
49154,87612E10,TGT,20561,2022-12-23,143.150000,65893376.50,0.012734
49154,87612E10,TGT,20561,2022-12-27,145.550000,66998120.50,0.016766
49154,87612E10,TGT,20561,2022-12-28,145.800000,67113198.00,0.001718
49154,87612E10,TGT,20561,2022-12-29,148.370000,68296194.70,0.017627
49154,87612E10,TGT,20561,2022-12-30,149.040000,68604602.40,0.004516
49154,87612E10,TGT,20561,2023-01-03,151.730000,69842836.30,0.018049
49154,87612E10,TGT,20561,2023-01-04,152.720000,70298543.20,0.006525
49154,87612E10,TGT,20561,2023-01-05,154.260000,71007420.60,0.010084
49154,87612E10,TGT,20561,2023-01-06,160.150000,73718646.50,0.038182
49154,87612E10,TGT,20561,2023-01-09,156.350000,71969468.50,-0.023728
49154,87612E10,TGT,20561,2023-01-10,155.970000,71794550.70,-0.002430
49154,87612E10,TGT,20561,2023-01-11,158.970000,73175480.70,0.019234
49154,87612E10,TGT,20561,2023-01-12,159.750000,73534522.50,0.004907
49154,87612E10,TGT,20561,2023-01-13,164.600000,75767026.00,0.030360
49154,87612E10,TGT,20561,2023-01-17,162.100000,74616251.00,-0.015188
49154,87612E10,TGT,20561,2023-01-18,160.830000,74031657.30,-0.007835
49154,87612E10,TGT,20561,2023-01-19,159.100000,73235321.00,-0.010757
49154,87612E10,TGT,20561,2023-01-20,162.210000,74666885.10,0.019547
49154,87612E10,TGT,20561,2023-01-23,164.630000,75780835.30,0.014919
49154,87612E10,TGT,20561,2023-01-24,163.550000,75283700.50,-0.006560
49154,87612E10,TGT,20561,2023-01-25,164.210000,75587505.10,0.004035
49154,87612E10,TGT,20561,2023-01-26,167.030000,76885579.30,0.017173
49154,87612E10,TGT,20561,2023-01-27,168.510000,77566838.10,0.008861
49154,87612E10,TGT,20561,2023-01-30,168.680000,77645090.80,0.001009
49154,87612E10,TGT,20561,2023-01-31,172.140000,79237763.40,0.020512
49154,87612E10,TGT,20561,2023-02-01,177.080000,81511694.80,0.028698
49154,87612E10,TGT,20561,2023-02-02,181.020000,83325316.20,0.022250
49154,87612E10,TGT,20561,2023-02-03,176.760000,81364395.60,-0.023533
49154,87612E10,TGT,20561,2023-02-06,173.840000,80020290.40,-0.016520
49154,87612E10,TGT,20561,2023-02-07,174.760000,80443775.60,0.005292
49154,87612E10,TGT,20561,2023-02-08,171.790000,79076654.90,-0.016995
49154,87612E10,TGT,20561,2023-02-09,171.370000,78883324.70,-0.002445
49154,87612E10,TGT,20561,2023-02-10,170.020000,78261906.20,-0.007878
49154,87612E10,TGT,20561,2023-02-13,173.320000,79780929.20,0.019409
49154,87612E10,TGT,20561,2023-02-14,171.170000,78791262.70,-0.006174
49154,87612E10,TGT,20561,2023-02-15,176.020000,81023766.20,0.028334
49154,87612E10,TGT,20561,2023-02-16,174.540000,80342507.40,-0.008408
49154,87612E10,TGT,20561,2023-02-17,173.220000,79734898.20,-0.007563
49154,87612E10,TGT,20561,2023-02-21,166.220000,76512728.20,-0.040411
49154,87612E10,TGT,20561,2023-02-22,165.720000,76282573.20,-0.003008
49154,87612E10,TGT,20561,2023-02-23,165.500000,76181305.00,-0.001328
49154,87612E10,TGT,20561,2023-02-24,166.960000,76853357.60,0.008822
49154,87612E10,TGT,20561,2023-02-27,166.810000,76784311.10,-0.000898
49154,87612E10,TGT,20561,2023-02-28,168.500000,77562235.00,0.010131
49154,87612E10,TGT,20561,2023-03-01,162.400000,74754344.00,-0.036202
49154,87612E10,TGT,20561,2023-03-02,165.940000,76383841.40,0.021798
49154,87612E10,TGT,20561,2023-03-03,166.000000,76411460.00,0.000362
49154,87612E10,TGT,20561,2023-03-06,165.200000,76043212.00,-0.004819
49154,87612E10,TGT,20561,2023-03-07,162.820000,74947674.20,-0.014407
49154,87612E10,TGT,20561,2023-03-08,163.510000,75265288.10,0.004238
49154,87612E10,TGT,20561,2023-03-09,160.640000,73944198.40,-0.017552
49154,87612E10,TGT,20561,2023-03-10,158.180000,72811835.80,-0.015314
49154,87612E10,TGT,20561,2023-03-13,157.920000,72692155.20,-0.001644
49154,87612E10,TGT,20561,2023-03-14,158.370000,72899294.70,0.002850
49154,87612E10,TGT,20561,2023-03-15,159.130000,73249130.30,0.004799
49154,87612E10,TGT,20561,2023-03-16,163.050000,75053545.50,0.024634
49154,87612E10,TGT,20561,2023-03-17,159.360000,73355001.60,-0.022631
49154,87612E10,TGT,20561,2023-03-20,163.240000,75141004.40,0.024347
49154,87612E10,TGT,20561,2023-03-21,162.710000,74897040.10,-0.003247
49154,87612E10,TGT,20561,2023-03-22,157.470000,72485015.70,-0.032205
49154,87612E10,TGT,20561,2023-03-23,156.120000,71863597.20,-0.008573
49154,87612E10,TGT,20561,2023-03-24,156.220000,71909628.20,0.000641
49154,87612E10,TGT,20561,2023-03-27,159.380000,73364207.80,0.020228
49154,87612E10,TGT,20561,2023-03-28,159.770000,73543728.70,0.002447
49154,87612E10,TGT,20561,2023-03-29,158.110000,72779614.10,-0.010390
49154,87612E10,TGT,20561,2023-03-30,160.270000,73773883.70,0.013661
49154,87612E10,TGT,20561,2023-03-31,165.630000,76250089.32,0.033444
49154,87612E10,TGT,20561,2023-04-03,166.060000,76448045.84,0.002596
49154,87612E10,TGT,20561,2023-04-04,166.050000,76443442.20,-0.000060
49154,87612E10,TGT,20561,2023-04-05,165.240000,76070547.36,-0.004878
49154,87612E10,TGT,20561,2023-04-06,165.580000,76227071.12,0.002058
49154,87612E10,TGT,20561,2023-04-10,169.000000,77801516.00,0.020655
49154,87612E10,TGT,20561,2023-04-11,169.580000,78068527.12,0.003432
49154,87612E10,TGT,20561,2023-04-12,163.510000,75274117.64,-0.035794
49154,87612E10,TGT,20561,2023-04-13,163.270000,75163630.28,-0.001468
49154,87612E10,TGT,20561,2023-04-14,161.000000,74118604.00,-0.013903
49154,87612E10,TGT,20561,2023-04-17,162.700000,74901222.80,0.010559
49154,87612E10,TGT,20561,2023-04-18,162.400000,74763113.60,-0.001844
49154,87612E10,TGT,20561,2023-04-19,162.510000,74813753.64,0.000677
49154,87612E10,TGT,20561,2023-04-20,160.280000,73787141.92,-0.013722
49154,87612E10,TGT,20561,2023-04-21,162.180000,74661833.52,0.011854
49154,87612E10,TGT,20561,2023-04-24,163.940000,75472074.16,0.010852
49154,87612E10,TGT,20561,2023-04-25,157.610000,72557970.04,-0.038612
49154,87612E10,TGT,20561,2023-04-26,155.450000,71563583.80,-0.013705
49154,87612E10,TGT,20561,2023-04-27,158.150000,72806566.60,0.017369
49154,87612E10,TGT,20561,2023-04-28,157.750000,72622421.00,-0.002529
49154,87612E10,TGT,20561,2023-05-01,157.120000,72332391.68,-0.003994
49154,87612E10,TGT,20561,2023-05-02,155.720000,71687882.08,-0.008910
49154,87612E10,TGT,20561,2023-05-03,154.570000,71158463.48,-0.007385
49154,87612E10,TGT,20561,2023-05-04,152.530000,70219320.92,-0.013198
49154,87612E10,TGT,20561,2023-05-05,156.300000,71954893.20,0.024716
49154,87612E10,TGT,20561,2023-05-08,156.500000,72046966.00,0.001280
49154,87612E10,TGT,20561,2023-05-09,157.420000,72470500.88,0.005879
49154,87612E10,TGT,20561,2023-05-10,157.730000,72613213.72,0.001969
49154,87612E10,TGT,20561,2023-05-11,158.870000,73138028.68,0.007228
49154,87612E10,TGT,20561,2023-05-12,157.990000,72732908.36,-0.005539
49154,87612E10,TGT,20561,2023-05-15,160.570000,73920647.48,0.016330
49154,87612E10,TGT,20561,2023-05-16,156.910000,72235715.24,-0.016068
49154,87612E10,TGT,20561,2023-05-17,160.960000,74100189.44,0.025811
49154,87612E10,TGT,20561,2023-05-18,154.180000,70978921.52,-0.042122
49154,87612E10,TGT,20561,2023-05-19,152.280000,70104229.92,-0.012323
49154,87612E10,TGT,20561,2023-05-22,151.910000,69933895.24,-0.002430
49154,87612E10,TGT,20561,2023-05-23,147.160000,67747166.24,-0.031269
49154,87612E10,TGT,20561,2023-05-24,143.100000,65878088.40,-0.027589
49154,87612E10,TGT,20561,2023-05-25,140.750000,64796233.00,-0.016422
49154,87612E10,TGT,20561,2023-05-26,138.930000,63958370.52,-0.012931
49154,87612E10,TGT,20561,2023-05-30,133.840000,61615117.76,-0.036637
49154,87612E10,TGT,20561,2023-05-31,130.930000,60432050.80,-0.021742
49154,87612E10,TGT,20561,2023-06-01,131.160000,60538209.60,0.001757
49154,87612E10,TGT,20561,2023-06-02,133.220000,61489023.20,0.015706
49154,87612E10,TGT,20561,2023-06-05,130.600000,60279736.00,-0.019667
49154,87612E10,TGT,20561,2023-06-06,132.700000,61249012.00,0.016080
49154,87612E10,TGT,20561,2023-06-07,131.750000,60810530.00,-0.007159
49154,87612E10,TGT,20561,2023-06-08,131.270000,60588981.20,-0.003643
49154,87612E10,TGT,20561,2023-06-09,126.990000,58613504.40,-0.032605
49154,87612E10,TGT,20561,2023-06-12,126.480000,58378108.80,-0.004016
49154,87612E10,TGT,20561,2023-06-13,128.720000,59412003.20,0.017710
49154,87612E10,TGT,20561,2023-06-14,133.230000,61493638.80,0.035037
49154,87612E10,TGT,20561,2023-06-15,137.840000,63621430.40,0.034602
49154,87612E10,TGT,20561,2023-06-16,133.810000,61761343.60,-0.029237
49154,87612E10,TGT,20561,2023-06-20,132.720000,61258243.20,-0.008146
49154,87612E10,TGT,20561,2023-06-21,133.220000,61489023.20,0.003767
49154,87612E10,TGT,20561,2023-06-22,132.390000,61105928.40,-0.006230
49154,87612E10,TGT,20561,2023-06-23,131.830000,60847454.80,-0.004230
49154,87612E10,TGT,20561,2023-06-26,134.500000,62079820.00,0.020253
49154,87612E10,TGT,20561,2023-06-27,132.510000,61161315.60,-0.014796
49154,87612E10,TGT,20561,2023-06-28,132.470000,61142853.20,-0.000302
49154,87612E10,TGT,20561,2023-06-29,132.910000,61345939.60,0.003322
49154,87612E10,TGT,20561,2023-06-30,131.900000,60879764.00,-0.007599
49154,87612E10,TGT,20561,2023-07-03,134.860000,62245981.60,0.022441
49154,87612E10,TGT,20561,2023-07-05,132.550000,61179778.00,-0.017129
49154,87612E10,TGT,20561,2023-07-06,130.840000,60390510.40,-0.012901
49154,87612E10,TGT,20561,2023-07-07,130.050000,60025878.00,-0.006038
49154,87612E10,TGT,20561,2023-07-10,131.740000,60805914.40,0.012995
49154,87612E10,TGT,20561,2023-07-11,133.390000,61567488.40,0.012525
49154,87612E10,TGT,20561,2023-07-12,132.910000,61345939.60,-0.003598
49154,87612E10,TGT,20561,2023-07-13,132.820000,61304399.20,-0.000677
49154,87612E10,TGT,20561,2023-07-14,130.920000,60427435.20,-0.014305
49154,87612E10,TGT,20561,2023-07-17,130.010000,60007415.60,-0.006951
49154,87612E10,TGT,20561,2023-07-18,130.810000,60376663.60,0.006153
49154,87612E10,TGT,20561,2023-07-19,132.700000,61249012.00,0.014448
49154,87612E10,TGT,20561,2023-07-20,134.640000,62144438.40,0.014619
49154,87612E10,TGT,20561,2023-07-21,134.080000,61885964.80,-0.004159
49154,87612E10,TGT,20561,2023-07-24,135.410000,62499839.60,0.009919
49154,87612E10,TGT,20561,2023-07-25,133.600000,61664416.00,-0.013367
49154,87612E10,TGT,20561,2023-07-26,134.470000,62065973.20,0.006512
49154,87612E10,TGT,20561,2023-07-27,134.500000,62079820.00,0.000223
49154,87612E10,TGT,20561,2023-07-28,135.000000,62310600.00,0.003717
49154,87612E10,TGT,20561,2023-07-31,136.470000,62989093.20,0.010889
49154,87612E10,TGT,20561,2023-08-01,132.990000,61382864.40,-0.025500
49154,87612E10,TGT,20561,2023-08-02,133.540000,61636722.40,0.004136
49154,87612E10,TGT,20561,2023-08-03,132.730000,61262858.80,-0.006066
49154,87612E10,TGT,20561,2023-08-04,132.530000,61170546.80,-0.001507
49154,87612E10,TGT,20561,2023-08-07,131.940000,60898226.40,-0.004452
49154,87612E10,TGT,20561,2023-08-08,130.980000,60455128.80,-0.007276
49154,87612E10,TGT,20561,2023-08-09,130.600000,60279736.00,-0.002901
49154,87612E10,TGT,20561,2023-08-10,130.920000,60427435.20,0.002450
49154,87612E10,TGT,20561,2023-08-11,131.050000,60487438.00,0.000993
49154,87612E10,TGT,20561,2023-08-14,129.420000,59735095.20,-0.012438
49154,87612E10,TGT,20561,2023-08-15,125.050000,57718078.00,-0.025267
49154,87612E10,TGT,20561,2023-08-16,128.750000,59425850.00,0.029588
49154,87612E10,TGT,20561,2023-08-17,130.110000,60053571.60,0.010563
49154,87612E10,TGT,20561,2023-08-18,131.210000,60561287.60,0.008454
49154,87612E10,TGT,20561,2023-08-21,127.790000,58982752.40,-0.026065
49154,87612E10,TGT,20561,2023-08-22,124.940000,57667306.40,-0.022302
49154,87612E10,TGT,20561,2023-08-23,123.210000,56868807.60,-0.013847
49154,87612E10,TGT,20561,2023-08-24,124.100000,57279596.00,0.007223
49154,87612E10,TGT,20561,2023-08-25,121.790000,56213392.40,-0.018614
49154,87612E10,TGT,20561,2023-08-28,123.430000,56970350.80,0.013466
49154,87612E10,TGT,20561,2023-08-29,126.160000,58230409.60,0.022118
49154,87612E10,TGT,20561,2023-08-30,126.950000,58595042.00,0.006262
49154,87612E10,TGT,20561,2023-08-31,126.550000,58416112.75,-0.003151
49154,87612E10,TGT,20561,2023-09-01,125.520000,57940659.60,-0.008139
49154,87612E10,TGT,20561,2023-09-05,125.190000,57788329.95,-0.002629
49154,87612E10,TGT,20561,2023-09-06,123.710000,57105154.55,-0.011822
49154,87612E10,TGT,20561,2023-09-07,124.460000,57451358.30,0.006063
49154,87612E10,TGT,20561,2023-09-08,123.690000,57095922.45,-0.006187
49154,87612E10,TGT,20561,2023-09-11,122.670000,56625085.35,-0.008246
49154,87612E10,TGT,20561,2023-09-12,122.400000,56500452.00,-0.002201
49154,87612E10,TGT,20561,2023-09-13,122.930000,56745102.65,0.004330
49154,87612E10,TGT,20561,2023-09-14,124.770000,57594455.85,0.014968
49154,87612E10,TGT,20561,2023-09-15,123.050000,56800495.25,-0.013785
49154,87612E10,TGT,20561,2023-09-18,119.340000,55087940.70,-0.030150
49154,87612E10,TGT,20561,2023-09-19,120.170000,55471072.85,0.006955
49154,87612E10,TGT,20561,2023-09-20,120.410000,55581858.05,0.001997
49154,87612E10,TGT,20561,2023-09-21,117.320000,54155498.60,-0.025662
49154,87612E10,TGT,20561,2023-09-22,112.600000,51976723.00,-0.040232
49154,87612E10,TGT,20561,2023-09-25,112.260000,51819777.30,-0.003020
49154,87612E10,TGT,20561,2023-09-26,109.480000,50536515.40,-0.024764
49154,87612E10,TGT,20561,2023-09-27,109.740000,50656532.70,0.002375
49154,87612E10,TGT,20561,2023-09-28,109.560000,50573443.80,-0.001640
49154,87612E10,TGT,20561,2023-09-29,110.570000,51039664.85,0.009219
49154,87612E10,TGT,20561,2023-10-02,106.690000,49248637.45,-0.035091
49154,87612E10,TGT,20561,2023-10-03,107.160000,49465591.80,0.004405
49154,87612E10,TGT,20561,2023-10-04,106.620000,49216325.10,-0.005039
49154,87612E10,TGT,20561,2023-10-05,105.150000,48537765.75,-0.013787
49154,87612E10,TGT,20561,2023-10-06,105.010000,48473141.05,-0.001331
49154,87612E10,TGT,20561,2023-10-09,105.760000,48819344.80,0.007142
49154,87612E10,TGT,20561,2023-10-10,109.630000,50605756.15,0.036592
49154,87612E10,TGT,20561,2023-10-11,108.990000,50310328.95,-0.005838
49154,87612E10,TGT,20561,2023-10-12,110.800000,51145834.00,0.016607
49154,87612E10,TGT,20561,2023-10-13,111.980000,51690527.90,0.010650
49154,87612E10,TGT,20561,2023-10-16,111.390000,51418180.95,-0.005269
49154,87612E10,TGT,20561,2023-10-17,112.560000,51958258.80,0.010504
49154,87612E10,TGT,20561,2023-10-18,110.210000,50873487.05,-0.020878
49154,87612E10,TGT,20561,2023-10-19,108.360000,50019517.80,-0.016786
49154,87612E10,TGT,20561,2023-10-20,108.830000,50236472.15,0.004337
49154,87612E10,TGT,20561,2023-10-23,107.420000,49585609.10,-0.012956
49154,87612E10,TGT,20561,2023-10-24,108.680000,50167231.40,0.011730
49154,87612E10,TGT,20561,2023-10-25,110.360000,50942727.80,0.015458
49154,87612E10,TGT,20561,2023-10-26,110.870000,51178146.35,0.004621
49154,87612E10,TGT,20561,2023-10-27,107.230000,49497904.15,-0.032831
49154,87612E10,TGT,20561,2023-10-30,108.670000,50162615.35,0.013429
49154,87612E10,TGT,20561,2023-10-31,110.790000,51141217.95,0.019509
49154,87612E10,TGT,20561,2023-11-01,109.540000,50564211.70,-0.011283
49154,87612E10,TGT,20561,2023-11-02,111.070000,51270467.35,0.013968
49154,87612E10,TGT,20561,2023-11-03,112.850000,52092124.25,0.016026
49154,87612E10,TGT,20561,2023-11-06,111.050000,51261235.25,-0.015950
49154,87612E10,TGT,20561,2023-11-07,111.350000,51399716.75,0.002701
49154,87612E10,TGT,20561,2023-11-08,109.850000,50707309.25,-0.013471
49154,87612E10,TGT,20561,2023-11-09,106.790000,49294797.95,-0.027856
49154,87612E10,TGT,20561,2023-11-10,108.330000,50005669.65,0.014421
49154,87612E10,TGT,20561,2023-11-13,107.300000,49530216.50,-0.009508
49154,87612E10,TGT,20561,2023-11-14,110.790000,51141217.95,0.042777
49154,87612E10,TGT,20561,2023-11-15,130.460000,60220988.30,0.177543
49154,87612E10,TGT,20561,2023-11-16,129.940000,59980953.70,-0.003986
49154,87612E10,TGT,20561,2023-11-17,129.890000,59957873.45,-0.000385
49154,87612E10,TGT,20561,2023-11-20,129.650000,59847088.25,-0.001848
49154,87612E10,TGT,20561,2023-11-21,130.800000,60377934.00,0.008870
49154,87612E10,TGT,20561,2023-11-22,130.500000,60239452.50,-0.002294
49154,87612E10,TGT,20561,2023-11-24,131.460000,60682593.30,0.007356
49154,87612E10,TGT,20561,2023-11-27,131.330000,60622584.65,-0.000989
49154,87612E10,TGT,20561,2023-11-28,131.670000,60779530.35,0.002589
49154,87612E10,TGT,20561,2023-11-29,131.320000,60617968.60,-0.002658
49154,87612E10,TGT,20561,2023-11-30,133.810000,61774992.22,0.018961
49154,87612E10,TGT,20561,2023-12-01,134.780000,62222804.36,0.007249
49154,87612E10,TGT,20561,2023-12-04,133.710000,61728826.02,-0.007939
49154,87612E10,TGT,20561,2023-12-05,132.880000,61345646.56,-0.006207
49154,87612E10,TGT,20561,2023-12-06,133.380000,61576477.56,0.003763
49154,87612E10,TGT,20561,2023-12-07,135.190000,62412085.78,0.013570
49154,87612E10,TGT,20561,2023-12-08,135.190000,62412085.78,0.000000
49154,87612E10,TGT,20561,2023-12-11,136.760000,63136895.12,0.011613
49154,87612E10,TGT,20561,2023-12-12,135.660000,62629066.92,-0.008043
49154,87612E10,TGT,20561,2023-12-13,138.380000,63884787.56,0.020050
49154,87612E10,TGT,20561,2023-12-14,141.140000,65158974.68,0.019945
49154,87612E10,TGT,20561,2023-12-15,138.370000,63880170.94,-0.019626
49154,87612E10,TGT,20561,2023-12-18,137.720000,63580090.64,-0.004698
49154,87612E10,TGT,20561,2023-12-19,139.580000,64438781.96,0.013506
49154,87612E10,TGT,20561,2023-12-20,136.900000,63201527.80,-0.019200
49154,87612E10,TGT,20561,2023-12-21,139.370000,64341832.94,0.018042
49154,87612E10,TGT,20561,2023-12-22,140.200000,64725012.40,0.005955
49154,87612E10,TGT,20561,2023-12-26,141.030000,65108191.86,0.005920
49154,87612E10,TGT,20561,2023-12-27,142.380000,65731435.56,0.009572
49154,87612E10,TGT,20561,2023-12-28,142.540000,65805301.48,0.001124
49154,87612E10,TGT,20561,2023-12-29,142.420000,65749902.04,-0.000842
49154,87612E10,TGT,20561,2024-01-02,143.100000,66063832.20,0.004775
49154,87612E10,TGT,20561,2024-01-03,138.670000,64018669.54,-0.030957
49154,87612E10,TGT,20561,2024-01-04,140.250000,64748095.50,0.011394
49154,87612E10,TGT,20561,2024-01-05,140.750000,64978926.50,0.003565
49154,87612E10,TGT,20561,2024-01-08,141.730000,65431355.26,0.006963
49154,87612E10,TGT,20561,2024-01-09,143.770000,66373145.74,0.014394
49154,87612E10,TGT,20561,2024-01-10,144.090000,66520877.58,0.002226
49154,87612E10,TGT,20561,2024-01-11,142.020000,65565237.24,-0.014366
49154,87612E10,TGT,20561,2024-01-12,140.910000,65052792.42,-0.007816
49154,87612E10,TGT,20561,2024-01-16,141.070000,65126658.34,0.001135
49154,87612E10,TGT,20561,2024-01-17,138.740000,64050985.88,-0.016517
49154,87612E10,TGT,20561,2024-01-18,137.400000,63432358.80,-0.009658
49154,87612E10,TGT,20561,2024-01-19,138.140000,63773988.68,0.005386
49154,87612E10,TGT,20561,2024-01-22,140.360000,64798878.32,0.016071
49154,87612E10,TGT,20561,2024-01-23,140.880000,65038942.56,0.003705
49154,87612E10,TGT,20561,2024-01-24,139.200000,64263350.40,-0.011925
49154,87612E10,TGT,20561,2024-01-25,142.180000,65639103.16,0.021408
49154,87612E10,TGT,20561,2024-01-26,142.530000,65800684.86,0.002462
49154,87612E10,TGT,20561,2024-01-29,141.520000,65334406.24,-0.007086
49154,87612E10,TGT,20561,2024-01-30,140.520000,64872744.24,-0.007066
49154,87612E10,TGT,20561,2024-01-31,139.080000,64207950.96,-0.010248
49154,87612E10,TGT,20561,2024-02-01,144.420000,66673226.04,0.038395
49154,87612E10,TGT,20561,2024-02-02,145.490000,67167204.38,0.007409
49154,87612E10,TGT,20561,2024-02-05,142.330000,65708352.46,-0.021720
49154,87612E10,TGT,20561,2024-02-06,144.430000,66677842.66,0.014754
49154,87612E10,TGT,20561,2024-02-07,146.730000,67739665.26,0.015925
49154,87612E10,TGT,20561,2024-02-08,147.400000,68048978.80,0.004566
49154,87612E10,TGT,20561,2024-02-09,146.530000,67647332.86,-0.005902
49154,87612E10,TGT,20561,2024-02-12,149.400000,68972302.80,0.019586
49154,87612E10,TGT,20561,2024-02-13,146.110000,67453434.82,-0.022021
49154,87612E10,TGT,20561,2024-02-14,145.030000,66954839.86,-0.007392
49154,87612E10,TGT,20561,2024-02-15,146.330000,67555000.46,0.008964
49154,87612E10,TGT,20561,2024-02-16,149.610000,69069251.82,0.022415
49154,87612E10,TGT,20561,2024-02-20,149.890000,69198517.18,0.009224
49154,87612E10,TGT,20561,2024-02-21,148.790000,68690688.98,-0.007339
49154,87612E10,TGT,20561,2024-02-22,150.340000,69406265.08,0.010417
49154,87612E10,TGT,20561,2024-02-23,151.480000,69932559.76,0.007583
49154,87612E10,TGT,20561,2024-02-26,150.150000,69318549.30,-0.008780
49154,87612E10,TGT,20561,2024-02-27,151.990000,70168007.38,0.012254
49154,87612E10,TGT,20561,2024-02-28,151.440000,69914093.28,-0.003619
49154,87612E10,TGT,20561,2024-02-29,152.920000,70597353.04,0.009773
49154,87612E10,TGT,20561,2024-03-01,155.290000,71691491.98,0.015498
49154,87612E10,TGT,20561,2024-03-04,150.490000,69475514.38,-0.030910
49154,87612E10,TGT,20561,2024-03-05,168.580000,77826979.96,0.120207
49154,87612E10,TGT,20561,2024-03-06,173.540000,80116823.48,0.029422
49154,87612E10,TGT,20561,2024-03-07,171.540000,79193499.48,-0.011525
49154,87612E10,TGT,20561,2024-03-08,169.720000,78353274.64,-0.010610
49154,87612E10,TGT,20561,2024-03-11,168.070000,77591532.34,-0.009722
49154,87612E10,TGT,20561,2024-03-12,167.570000,77360701.34,-0.002975
49154,87612E10,TGT,20561,2024-03-13,166.670000,76945205.54,-0.005371
49154,87612E10,TGT,20561,2024-03-14,164.310000,75855683.22,-0.014160
49154,87612E10,TGT,20561,2024-03-15,164.220000,75814133.64,-0.000548
49154,87612E10,TGT,20561,2024-03-18,167.590000,77369934.58,0.020521
49154,87612E10,TGT,20561,2024-03-19,168.210000,77656165.02,0.003700
49154,87612E10,TGT,20561,2024-03-20,170.460000,78694904.52,0.013376
49154,87612E10,TGT,20561,2024-03-21,170.170000,78561022.54,-0.001701
49154,87612E10,TGT,20561,2024-03-22,168.630000,77850063.06,-0.009050
49154,87612E10,TGT,20561,2024-03-25,172.660000,79710560.92,0.023898
49154,87612E10,TGT,20561,2024-03-26,172.640000,79701327.68,-0.000116
49154,87612E10,TGT,20561,2024-03-27,174.670000,80638501.54,0.011759
49154,87612E10,TGT,20561,2024-03-28,177.210000,81816084.90,0.014542
49154,87612E10,TGT,20561,2024-04-01,177.820000,82097715.80,0.003442
49154,87612E10,TGT,20561,2024-04-02,176.240000,81368245.60,-0.008885
49154,87612E10,TGT,20561,2024-04-03,175.490000,81021978.10,-0.004256
49154,87612E10,TGT,20561,2024-04-04,172.220000,79512251.80,-0.018634
49154,87612E10,TGT,20561,2024-04-05,171.770000,79304491.30,-0.002613
49154,87612E10,TGT,20561,2024-04-08,169.700000,78348793.00,-0.012051
49154,87612E10,TGT,20561,2024-04-09,171.630000,79239854.70,0.011373
49154,87612E10,TGT,20561,2024-04-10,171.620000,79235237.80,-0.000058
49154,87612E10,TGT,20561,2024-04-11,171.330000,79101347.70,-0.001690
49154,87612E10,TGT,20561,2024-04-12,166.120000,76695942.80,-0.030409
49154,87612E10,TGT,20561,2024-04-15,165.010000,76183466.90,-0.006682
49154,87612E10,TGT,20561,2024-04-16,163.320000,75403210.80,-0.010242
49154,87612E10,TGT,20561,2024-04-17,164.470000,75934154.30,0.007041
49154,87612E10,TGT,20561,2024-04-18,166.580000,76908320.20,0.012829
49154,87612E10,TGT,20561,2024-04-19,168.300000,77702427.00,0.010325
49154,87612E10,TGT,20561,2024-04-22,167.110000,77153015.90,-0.007071
49154,87612E10,TGT,20561,2024-04-23,166.510000,76876001.90,-0.003590
49154,87612E10,TGT,20561,2024-04-24,165.340000,76335824.60,-0.007027
49154,87612E10,TGT,20561,2024-04-25,164.440000,75920303.60,-0.005443
49154,87612E10,TGT,20561,2024-04-26,164.740000,76058810.60,0.001824
49154,87612E10,TGT,20561,2024-04-29,163.730000,75592503.70,-0.006131
49154,87612E10,TGT,20561,2024-04-30,160.980000,74474499.36,-0.016796
49154,87612E10,TGT,20561,2024-05-01,156.430000,72369523.76,-0.028264
49154,87612E10,TGT,20561,2024-05-02,158.120000,73151371.84,0.010804
49154,87612E10,TGT,20561,2024-05-03,158.040000,73114361.28,-0.000506
49154,87612E10,TGT,20561,2024-05-06,158.350000,73257777.20,0.001962
49154,87612E10,TGT,20561,2024-05-07,160.410000,74210799.12,0.013009
49154,87612E10,TGT,20561,2024-05-08,159.590000,73831440.88,-0.005112
49154,87612E10,TGT,20561,2024-05-09,164.320000,76019690.24,0.029638
49154,87612E10,TGT,20561,2024-05-10,163.130000,75469158.16,-0.007242
49154,87612E10,TGT,20561,2024-05-13,160.900000,74437488.80,-0.013670
49154,87612E10,TGT,20561,2024-05-14,158.960000,73539982.72,-0.005221
49154,87612E10,TGT,20561,2024-05-15,157.510000,72869166.32,-0.009122
49154,87612E10,TGT,20561,2024-05-16,160.650000,74321830.80,0.019935
49154,87612E10,TGT,20561,2024-05-17,160.130000,74081262.16,-0.003237
49154,87612E10,TGT,20561,2024-05-20,156.710000,72499060.72,-0.021358
49154,87612E10,TGT,20561,2024-05-21,155.780000,72068812.96,-0.005935
49154,87612E10,TGT,20561,2024-05-22,143.270000,66281286.64,-0.080306
49154,87612E10,TGT,20561,2024-05-23,144.410000,66808687.12,0.007957
49154,87612E10,TGT,20561,2024-05-24,145.230000,67188045.36,0.005678
49154,87612E10,TGT,20561,2024-05-28,147.100000,68053167.20,0.012876
49154,87612E10,TGT,20561,2024-05-29,147.740000,68349251.68,0.004351
49154,87612E10,TGT,20561,2024-05-30,149.870000,69334657.84,0.014417
49154,87612E10,TGT,20561,2024-05-31,156.160000,72245237.76,0.041970
49154,87612E10,TGT,20561,2024-06-03,153.030000,70797187.08,-0.020044
49154,87612E10,TGT,20561,2024-06-04,150.550000,69649849.80,-0.016206
49154,87612E10,TGT,20561,2024-06-05,147.350000,68169414.60,-0.021255
49154,87612E10,TGT,20561,2024-06-06,145.130000,67142362.68,-0.015066
49154,87612E10,TGT,20561,2024-06-07,146.000000,67544856.00,0.005995
49154,87612E10,TGT,20561,2024-06-10,148.520000,68710698.72,0.017260
49154,87612E10,TGT,20561,2024-06-11,146.190000,67632756.84,-0.015688
49154,87612E10,TGT,20561,2024-06-12,146.780000,67905712.08,0.004036
49154,87612E10,TGT,20561,2024-06-13,144.680000,66934176.48,-0.014307
49154,87612E10,TGT,20561,2024-06-14,141.160000,65305697.76,-0.024330
49154,87612E10,TGT,20561,2024-06-17,144.970000,67068340.92,0.026991
49154,87612E10,TGT,20561,2024-06-18,142.540000,65944135.44,-0.016762
49154,87612E10,TGT,20561,2024-06-20,143.380000,66332749.68,0.005893
49154,87612E10,TGT,20561,2024-06-21,146.130000,67604998.68,0.019180
49154,87612E10,TGT,20561,2024-06-24,149.690000,69251982.84,0.024362
49154,87612E10,TGT,20561,2024-06-25,146.770000,67901085.72,-0.019507
49154,87612E10,TGT,20561,2024-06-26,147.170000,68086140.12,0.002725
49154,87612E10,TGT,20561,2024-06-27,146.720000,67877953.92,-0.003058
49154,87612E10,TGT,20561,2024-06-28,148.040000,68488781.48,0.008997
49154,87612E10,TGT,20561,2024-07-01,145.740000,67424716.38,-0.015536
49154,87612E10,TGT,20561,2024-07-02,145.390000,67262793.43,-0.002402
49154,87612E10,TGT,20561,2024-07-03,144.800000,66989837.60,-0.004058
49154,87612E10,TGT,20561,2024-07-05,145.650000,67383079.05,0.005870
49154,87612E10,TGT,20561,2024-07-08,148.720000,68803374.64,0.021078
49154,87612E10,TGT,20561,2024-07-09,147.600000,68285221.20,-0.007531
49154,87612E10,TGT,20561,2024-07-10,146.110000,67595892.07,-0.010095
49154,87612E10,TGT,20561,2024-07-11,151.400000,70043241.80,0.036206
49154,87612E10,TGT,20561,2024-07-12,152.850000,70714065.45,0.009577
49154,87612E10,TGT,20561,2024-07-15,151.300000,69996978.10,-0.010141
49154,87612E10,TGT,20561,2024-07-16,155.010000,71713361.37,0.024521
49154,87612E10,TGT,20561,2024-07-17,155.930000,72138987.41,0.005935
49154,87612E10,TGT,20561,2024-07-18,152.090000,70362461.33,-0.024626
49154,87612E10,TGT,20561,2024-07-19,149.730000,69270638.01,-0.015517
49154,87612E10,TGT,20561,2024-07-22,151.020000,69867439.74,0.008616
49154,87612E10,TGT,20561,2024-07-23,150.270000,69520461.99,-0.004966
49154,87612E10,TGT,20561,2024-07-24,146.450000,67753188.65,-0.025421
49154,87612E10,TGT,20561,2024-07-25,146.290000,67679166.73,-0.001093
49154,87612E10,TGT,20561,2024-07-26,149.000000,68932913.00,0.018525
49154,87612E10,TGT,20561,2024-07-29,146.820000,67924364.34,-0.014631
49154,87612E10,TGT,20561,2024-07-30,147.950000,68447144.15,0.007696
49154,87612E10,TGT,20561,2024-07-31,150.410000,69585231.17,0.016627
49154,87612E10,TGT,20561,2024-08-01,147.020000,68016891.74,-0.022538
49154,87612E10,TGT,20561,2024-08-02,139.170000,64385191.29,-0.053394
49154,87612E10,TGT,20561,2024-08-05,133.870000,61933215.19,-0.038083
49154,87612E10,TGT,20561,2024-08-06,133.850000,61923962.45,-0.000149
49154,87612E10,TGT,20561,2024-08-07,133.470000,61748160.39,-0.002839
49154,87612E10,TGT,20561,2024-08-08,133.970000,61979478.89,0.003746
49154,87612E10,TGT,20561,2024-08-09,135.500000,62687313.50,0.011420
49154,87612E10,TGT,20561,2024-08-12,135.020000,62465247.74,-0.003542
49154,87612E10,TGT,20561,2024-08-13,136.660000,63223972.42,0.012146
49154,87612E10,TGT,20561,2024-08-14,135.760000,62807599.12,-0.006586
49154,87612E10,TGT,20561,2024-08-15,141.660000,65537157.42,0.043459
49154,87612E10,TGT,20561,2024-08-16,144.040000,66638233.48,0.016801
49154,87612E10,TGT,20561,2024-08-19,144.630000,66911189.31,0.004096
49154,87612E10,TGT,20561,2024-08-20,144.330000,66772398.21,-0.002074
49154,87612E10,TGT,20561,2024-08-21,159.250000,73674942.25,0.111134
49154,87612E10,TGT,20561,2024-08-22,156.820000,72550734.34,-0.015259
49154,87612E10,TGT,20561,2024-08-23,158.500000,73327964.50,0.010713
49154,87612E10,TGT,20561,2024-08-26,158.900000,73513019.30,0.002524
49154,87612E10,TGT,20561,2024-08-27,158.680000,73411239.16,-0.001385
49154,87612E10,TGT,20561,2024-08-28,156.860000,72569239.82,-0.011470
49154,87612E10,TGT,20561,2024-08-29,153.420000,70977768.54,-0.021930
49154,87612E10,TGT,20561,2024-08-30,153.620000,70910992.00,0.001304
49154,87612E10,TGT,20561,2024-09-03,151.800000,70070880.00,-0.011847
49154,87612E10,TGT,20561,2024-09-04,152.480000,70384768.00,0.004480
49154,87612E10,TGT,20561,2024-09-05,151.900000,70117040.00,-0.003804
49154,87612E10,TGT,20561,2024-09-06,151.280000,69830848.00,-0.004082
49154,87612E10,TGT,20561,2024-09-09,150.590000,69512344.00,-0.004561
49154,87612E10,TGT,20561,2024-09-10,148.010000,68321416.00,-0.017133
49154,87612E10,TGT,20561,2024-09-11,147.290000,67989064.00,-0.004865
49154,87612E10,TGT,20561,2024-09-12,148.440000,68519904.00,0.007808
49154,87612E10,TGT,20561,2024-09-13,151.360000,69867776.00,0.019671
49154,87612E10,TGT,20561,2024-09-16,152.840000,70550944.00,0.009778
49154,87612E10,TGT,20561,2024-09-17,151.960000,70144736.00,-0.005758
49154,87612E10,TGT,20561,2024-09-18,153.600000,70901760.00,0.010792
49154,87612E10,TGT,20561,2024-09-19,156.490000,72235784.00,0.018815
49154,87612E10,TGT,20561,2024-09-20,154.750000,71432600.00,-0.011119
49154,87612E10,TGT,20561,2024-09-23,155.290000,71681864.00,0.003489
49154,87612E10,TGT,20561,2024-09-24,156.180000,72092688.00,0.005731
49154,87612E10,TGT,20561,2024-09-25,155.070000,71580312.00,-0.007107
49154,87612E10,TGT,20561,2024-09-26,155.980000,72000368.00,0.005868
49154,87612E10,TGT,20561,2024-09-27,155.180000,71631088.00,-0.005129
49154,87612E10,TGT,20561,2024-09-30,155.860000,71800805.50,0.004382
49154,87612E10,TGT,20561,2024-10-01,152.200000,70114735.00,-0.023483
49154,87612E10,TGT,20561,2024-10-02,150.400000,69285520.00,-0.011827
49154,87612E10,TGT,20561,2024-10-03,149.600000,68916980.00,-0.005319
49154,87612E10,TGT,20561,2024-10-04,152.880000,70427994.00,0.021925
49154,87612E10,TGT,20561,2024-10-07,149.000000,68640575.00,-0.025379
49154,87612E10,TGT,20561,2024-10-08,151.320000,69709341.00,0.015570
49154,87612E10,TGT,20561,2024-10-09,154.330000,71095972.75,0.019892
49154,87612E10,TGT,20561,2024-10-10,155.970000,71851479.75,0.010627
49154,87612E10,TGT,20561,2024-10-11,158.460000,72998560.50,0.015965
49154,87612E10,TGT,20561,2024-10-14,157.970000,72772829.75,-0.003092
49154,87612E10,TGT,20561,2024-10-15,160.690000,74025865.75,0.017218
49154,87612E10,TGT,20561,2024-10-16,158.870000,73187437.25,-0.011326
49154,87612E10,TGT,20561,2024-10-17,155.890000,71814625.75,-0.018757
49154,87612E10,TGT,20561,2024-10-18,156.840000,72252267.00,0.006094
49154,87612E10,TGT,20561,2024-10-21,150.910000,69520464.25,-0.037809
49154,87612E10,TGT,20561,2024-10-22,149.190000,68728103.25,-0.011398
49154,87612E10,TGT,20561,2024-10-23,148.050000,68202933.75,-0.007641
49154,87612E10,TGT,20561,2024-10-24,150.180000,69184171.50,0.014387
49154,87612E10,TGT,20561,2024-10-25,151.160000,69635633.00,0.006526
49154,87612E10,TGT,20561,2024-10-28,149.300000,68778777.50,-0.012305
49154,87612E10,TGT,20561,2024-10-29,147.930000,68147652.75,-0.009176
49154,87612E10,TGT,20561,2024-10-30,148.520000,68419451.00,0.003988
49154,87612E10,TGT,20561,2024-10-31,150.040000,69119677.00,0.010234
49154,87612E10,TGT,20561,2024-11-01,150.840000,69488217.00,0.005332
49154,87612E10,TGT,20561,2024-11-04,149.990000,69096643.25,-0.005635
49154,87612E10,TGT,20561,2024-11-05,150.990000,69557318.25,0.006667
49154,87612E10,TGT,20561,2024-11-06,147.290000,67852820.75,-0.024505
49154,87612E10,TGT,20561,2024-11-07,150.910000,69520464.25,0.024577
49154,87612E10,TGT,20561,2024-11-08,149.780000,68999901.50,-0.007488
49154,87612E10,TGT,20561,2024-11-11,153.280000,70612264.00,0.023368
49154,87612E10,TGT,20561,2024-11-12,155.650000,71704063.75,0.015462
49154,87612E10,TGT,20561,2024-11-13,154.990000,71400018.25,-0.004240
49154,87612E10,TGT,20561,2024-11-14,153.470000,70699792.25,-0.009807
49154,87612E10,TGT,20561,2024-11-15,152.130000,70082487.75,-0.008731
49154,87612E10,TGT,20561,2024-11-18,156.560000,72123278.00,0.029120
49154,87612E10,TGT,20561,2024-11-19,156.000000,71865300.00,-0.003577
49154,87612E10,TGT,20561,2024-11-20,121.720000,56073361.00,-0.212564
49154,87612E10,TGT,20561,2024-11-21,121.590000,56013473.25,-0.001068
49154,87612E10,TGT,20561,2024-11-22,125.010000,57588981.75,0.028127
49154,87612E10,TGT,20561,2024-11-25,130.530000,60131907.75,0.044156
49154,87612E10,TGT,20561,2024-11-26,126.550000,58298421.25,-0.030491
49154,87612E10,TGT,20561,2024-11-27,130.090000,59929210.75,0.027973
49154,87612E10,TGT,20561,2024-11-29,132.310000,60626029.72,0.017065
49154,87612E10,TGT,20561,2024-12-02,130.720000,59897472.64,-0.012017
49154,87612E10,TGT,20561,2024-12-03,131.450000,60231967.40,0.005584
49154,87612E10,TGT,20561,2024-12-04,130.070000,59599634.84,-0.010498
49154,87612E10,TGT,20561,2024-12-05,129.170000,59187244.04,-0.006919
49154,87612E10,TGT,20561,2024-12-06,132.390000,60662686.68,0.024928
49154,87612E10,TGT,20561,2024-12-09,135.290000,61991501.48,0.021905
49154,87612E10,TGT,20561,2024-12-10,135.050000,61881530.60,-0.001774
49154,87612E10,TGT,20561,2024-12-11,135.980000,62307667.76,0.006886
49154,87612E10,TGT,20561,2024-12-12,135.290000,61991501.48,-0.005074
49154,87612E10,TGT,20561,2024-12-13,134.520000,61638678.24,-0.005691
49154,87612E10,TGT,20561,2024-12-16,132.450000,60690179.40,-0.015388
49154,87612E10,TGT,20561,2024-12-17,131.600000,60300699.20,-0.006418
49154,87612E10,TGT,20561,2024-12-18,130.700000,59888308.40,-0.006839
49154,87612E10,TGT,20561,2024-12-19,130.430000,59764591.16,-0.002066
49154,87612E10,TGT,20561,2024-12-20,131.480000,60245713.76,0.008050
49154,87612E10,TGT,20561,2024-12-23,131.920000,60447327.04,0.003347
49154,87612E10,TGT,20561,2024-12-24,132.400000,60667268.80,0.003639
49154,87612E10,TGT,20561,2024-12-26,136.390000,62495534.68,0.030136
49154,87612E10,TGT,20561,2024-12-27,135.500000,62087726.00,-0.006525
49154,87612E10,TGT,20561,2024-12-30,135.050000,61881530.60,-0.003321
49154,87612E10,TGT,20561,2024-12-31,135.180000,61941098.16,0.000963
49154,87612E10,TGT,20561,2025-01-02,137.190000,62862104.28,0.014869
49154,87612E10,TGT,20561,2025-01-03,135.790000,62220607.48,-0.010205
49154,87612E10,TGT,20561,2025-01-06,139.290000,63824349.48,0.025775
49154,87612E10,TGT,20561,2025-01-07,139.250000,63806021.00,-0.000287
49154,87612E10,TGT,20561,2025-01-08,138.220000,63334062.64,-0.007397
49154,87612E10,TGT,20561,2025-01-10,141.620000,64891983.44,0.024598
49154,87612E10,TGT,20561,2025-01-13,138.770000,63586079.24,-0.020124
49154,87612E10,TGT,20561,2025-01-14,136.470000,62532191.64,-0.016574
49154,87612E10,TGT,20561,2025-01-15,134.530000,61643260.36,-0.014216
49154,87612E10,TGT,20561,2025-01-16,133.250000,61056749.00,-0.009515
49154,87612E10,TGT,20561,2025-01-17,133.610000,61221705.32,0.002702
49154,87612E10,TGT,20561,2025-01-21,137.340000,62930836.08,0.027917
49154,87612E10,TGT,20561,2025-01-22,135.770000,62211443.24,-0.011431
49154,87612E10,TGT,20561,2025-01-23,137.250000,62889597.00,0.010901
49154,87612E10,TGT,20561,2025-01-24,137.890000,63182852.68,0.004663
49154,87612E10,TGT,20561,2025-01-27,142.500000,65295210.00,0.033432
49154,87612E10,TGT,20561,2025-01-28,141.060000,64635384.72,-0.010105
49154,87612E10,TGT,20561,2025-01-29,140.090000,64190919.08,-0.006877
49154,87612E10,TGT,20561,2025-01-30,140.440000,64351293.28,0.002498
49154,87612E10,TGT,20561,2025-01-31,137.910000,63192016.92,-0.018015
49154,87612E10,TGT,20561,2025-02-03,134.160000,61473721.92,-0.027192
49154,87612E10,TGT,20561,2025-02-04,135.600000,62133547.20,0.010733
49154,87612E10,TGT,20561,2025-02-05,135.210000,61954844.52,-0.002876
49154,87612E10,TGT,20561,2025-02-06,134.680000,61711992.16,-0.003920
49154,87612E10,TGT,20561,2025-02-07,131.350000,60186146.20,-0.024725
49154,87612E10,TGT,20561,2025-02-10,131.280000,60154071.36,-0.000533
49154,87612E10,TGT,20561,2025-02-11,132.450000,60690179.40,0.008912
49154,87612E10,TGT,20561,2025-02-12,127.500000,58422030.00,-0.028917
49154,87612E10,TGT,20561,2025-02-13,128.580000,58916898.96,0.008471
49154,87612E10,TGT,20561,2025-02-14,127.880000,58596150.56,-0.005444
49154,87612E10,TGT,20561,2025-02-18,130.110000,59617963.32,0.017438
49154,87612E10,TGT,20561,2025-02-19,130.750000,59911219.00,0.004919
49154,87612E10,TGT,20561,2025-02-20,128.130000,58710703.56,-0.020038
49154,87612E10,TGT,20561,2025-02-21,124.270000,56942005.24,-0.030126
49154,87612E10,TGT,20561,2025-02-24,125.770000,57629323.24,0.012070
49154,87612E10,TGT,20561,2025-02-25,127.390000,58371626.68,0.012881
49154,87612E10,TGT,20561,2025-02-26,124.040000,56836616.48,-0.026297
49154,87612E10,TGT,20561,2025-02-27,122.500000,56130970.00,-0.012415
49154,87612E10,TGT,20561,2025-02-28,124.240000,56928258.88,0.014204
49154,87612E10,TGT,20561,2025-03-03,120.760000,55333681.12,-0.028010
49154,87612E10,TGT,20561,2025-03-04,117.140000,53674953.68,-0.029977
49154,87612E10,TGT,20561,2025-03-05,116.560000,53409190.72,-0.004951
49154,87612E10,TGT,20561,2025-03-06,114.050000,52259078.60,-0.021534
49154,87612E10,TGT,20561,2025-03-07,115.080000,52731036.96,0.009031
49154,87612E10,TGT,20561,2025-03-10,113.850000,52167436.20,-0.010688
49154,87612E10,TGT,20561,2025-03-11,112.760000,51667985.12,-0.009574
49154,87612E10,TGT,20561,2025-03-12,107.280000,49156983.36,-0.048599
49154,87612E10,TGT,20561,2025-03-13,104.500000,47883154.00,-0.025913
49154,87612E10,TGT,20561,2025-03-14,104.700000,47974796.40,0.001914
49154,87612E10,TGT,20561,2025-03-17,105.670000,48419262.04,0.009265
49154,87612E10,TGT,20561,2025-03-18,104.590000,47924393.08,-0.010220
49154,87612E10,TGT,20561,2025-03-19,104.940000,48084767.28,0.003346
49154,87612E10,TGT,20561,2025-03-20,104.200000,47745690.40,-0.007052
49154,87612E10,TGT,20561,2025-03-21,104.060000,47681540.72,-0.001344
49154,87612E10,TGT,20561,2025-03-24,108.350000,49647270.20,0.041226
49154,87612E10,TGT,20561,2025-03-25,105.400000,48295544.80,-0.027227
49154,87612E10,TGT,20561,2025-03-26,106.090000,48611711.08,0.006546
49154,87612E10,TGT,20561,2025-03-27,106.510000,48804160.12,0.003959
49154,87612E10,TGT,20561,2025-03-28,103.650000,47493673.80,-0.026852
49154,87612E10,TGT,20561,2025-03-31,104.360000,47543911.36,0.006850
49154,87612E10,TGT,20561,2025-04-01,104.430000,47575801.68,0.000671
49154,87612E10,TGT,20561,2025-04-02,105.770000,48186273.52,0.012832
49154,87612E10,TGT,20561,2025-04-03,94.280000,42951705.28,-0.108632
49154,87612E10,TGT,20561,2025-04-04,95.720000,43607734.72,0.015274
49154,87612E10,TGT,20561,2025-04-07,94.380000,42997262.88,-0.013999
49154,87612E10,TGT,20561,2025-04-08,88.760000,40436925.76,-0.059547
49154,87612E10,TGT,20561,2025-04-09,97.690000,44505219.44,0.100608
49154,87612E10,TGT,20561,2025-04-10,92.710000,42236450.96,-0.050978
49154,87612E10,TGT,20561,2025-04-11,92.780000,42268341.28,0.000755
49154,87612E10,TGT,20561,2025-04-14,94.650000,43120268.40,0.020155
49154,87612E10,TGT,20561,2025-04-15,92.080000,41949438.08,-0.027153
49154,87612E10,TGT,20561,2025-04-16,90.460000,41211404.96,-0.017593
49154,87612E10,TGT,20561,2025-04-17,93.110000,42418681.36,0.029295
49154,87612E10,TGT,20561,2025-04-21,93.780000,42723917.28,0.007196
49154,87612E10,TGT,20561,2025-04-22,94.100000,42869701.60,0.003412
49154,87612E10,TGT,20561,2025-04-23,92.150000,41981328.40,-0.020723
49154,87612E10,TGT,20561,2025-04-24,95.310000,43420948.56,0.034292
49154,87612E10,TGT,20561,2025-04-25,96.580000,43999530.08,0.013325
49154,87612E10,TGT,20561,2025-04-28,96.370000,43903859.12,-0.002174
49154,87612E10,TGT,20561,2025-04-29,96.910000,44149870.16,0.005603
49154,87612E10,TGT,20561,2025-04-30,96.700000,43936612.00,-0.002167
49154,87612E10,TGT,20561,2025-05-01,95.970000,43604929.20,-0.007549
49154,87612E10,TGT,20561,2025-05-02,97.370000,44241033.20,0.014588
49154,87612E10,TGT,20561,2025-05-05,94.020000,42718927.20,-0.034405
49154,87612E10,TGT,20561,2025-05-06,93.650000,42550814.00,-0.003935
49154,87612E10,TGT,20561,2025-05-07,95.490000,43386836.40,0.019648
49154,87612E10,TGT,20561,2025-05-08,96.930000,44041114.80,0.015080
49154,87612E10,TGT,20561,2025-05-09,96.400000,43800304.00,-0.005468
49154,87612E10,TGT,20561,2025-05-12,101.080000,45926708.80,0.048548
49154,87612E10,TGT,20561,2025-05-13,99.090000,45022532.40,-0.019687
49154,87612E10,TGT,20561,2025-05-14,95.260000,43282333.60,-0.027349
49154,87612E10,TGT,20561,2025-05-15,97.070000,44104725.20,0.019001
49154,87612E10,TGT,20561,2025-05-16,98.580000,44790808.80,0.015556
49154,87612E10,TGT,20561,2025-05-19,97.990000,44522736.40,-0.005985
49154,87612E10,TGT,20561,2025-05-20,98.120000,44581803.20,0.001327
49154,87612E10,TGT,20561,2025-05-21,93.010000,42260023.60,-0.052079
49154,87612E10,TGT,20561,2025-05-22,95.060000,43191461.60,0.022041
49154,87612E10,TGT,20561,2025-05-23,94.290000,42841604.40,-0.008100
49154,87612E10,TGT,20561,2025-05-27,96.990000,44068376.40,0.028635
49154,87612E10,TGT,20561,2025-05-28,95.940000,43591298.40,-0.010826
49154,87612E10,TGT,20561,2025-05-29,94.870000,43105133.20,-0.011153
49154,87612E10,TGT,20561,2025-05-30,94.010000,42714853.65,-0.009065
49154,87612E10,TGT,20561,2025-06-02,93.320000,42401341.80,-0.007340
49154,87612E10,TGT,20561,2025-06-03,95.780000,43519079.70,0.026361
49154,87612E10,TGT,20561,2025-06-04,93.940000,42683048.10,-0.019211
49154,87612E10,TGT,20561,2025-06-05,93.520000,42492214.80,-0.004471
49154,87612E10,TGT,20561,2025-06-06,97.320000,44218801.80,0.040633
49154,87612E10,TGT,20561,2025-06-09,97.350000,44232432.75,0.000308
49154,87612E10,TGT,20561,2025-06-10,100.770000,45786361.05,0.035131
49154,87612E10,TGT,20561,2025-06-11,98.110000,44577750.15,-0.026397
49154,87612E10,TGT,20561,2025-06-12,99.290000,45113900.85,0.012027
49154,87612E10,TGT,20561,2025-06-13,95.370000,43332790.05,-0.039480
49154,87612E10,TGT,20561,2025-06-16,97.370000,44241520.05,0.020971
49154,87612E10,TGT,20561,2025-06-17,95.020000,43173762.30,-0.024135
49154,87612E10,TGT,20561,2025-06-18,95.120000,43219198.80,0.001052
49154,87612E10,TGT,20561,2025-06-20,95.540000,43410032.10,0.004415
49154,87612E10,TGT,20561,2025-06-23,96.530000,43859853.45,0.010362
49154,87612E10,TGT,20561,2025-06-24,97.530000,44314218.45,0.010359
49154,87612E10,TGT,20561,2025-06-25,96.700000,43937095.50,-0.008510
49154,87612E10,TGT,20561,2025-06-26,97.600000,44346024.00,0.009307
49154,87612E10,TGT,20561,2025-06-27,99.230000,45086638.95,0.016701
49154,87612E10,TGT,20561,2025-06-30,98.650000,44823205.90,-0.005845
49154,87612E10,TGT,20561,2025-07-01,103.850000,47185909.10,0.052712
49154,87612E10,TGT,20561,2025-07-02,105.450000,47912894.70,0.015407
49154,87612E10,TGT,20561,2025-07-03,104.060000,47281325.96,-0.013182
49154,87612E10,TGT,20561,2025-07-07,101.600000,46163585.60,-0.023640
49154,87612E10,TGT,20561,2025-07-08,102.010000,46349875.66,0.004035
49154,87612E10,TGT,20561,2025-07-09,102.430000,46540709.38,0.004117
49154,87612E10,TGT,20561,2025-07-10,104.740000,47590294.84,0.022552
49154,87612E10,TGT,20561,2025-07-11,104.240000,47363111.84,-0.004774
49154,87612E10,TGT,20561,2025-07-14,104.870000,47649362.42,0.006044
49154,87612E10,TGT,20561,2025-07-15,102.210000,46440748.86,-0.025365
49154,87612E10,TGT,20561,2025-07-16,101.340000,46045450.44,-0.008512
49154,87612E10,TGT,20561,2025-07-17,103.650000,47095035.90,0.022795
49154,87612E10,TGT,20561,2025-07-18,103.460000,47008706.36,-0.001833
49154,87612E10,TGT,20561,2025-07-21,101.710000,46213565.86,-0.016915
49154,87612E10,TGT,20561,2025-07-22,106.540000,48408153.64,0.047488
49154,87612E10,TGT,20561,2025-07-23,107.430000,48812539.38,0.008354
49154,87612E10,TGT,20561,2025-07-24,105.820000,48081010.12,-0.014987
49154,87612E10,TGT,20561,2025-07-25,106.050000,48185514.30,0.002174
49154,87612E10,TGT,20561,2025-07-28,106.430000,48358173.38,0.003583
49154,87612E10,TGT,20561,2025-07-29,104.180000,47335849.88,-0.021141
49154,87612E10,TGT,20561,2025-07-30,103.140000,46863309.24,-0.009983
49154,87612E10,TGT,20561,2025-07-31,100.500000,45663783.00,-0.025596
49154,87612E10,TGT,20561,2025-08-01,99.770000,45332095.82,-0.007264
49154,87612E10,TGT,20561,2025-08-04,99.790000,45341183.14,0.000200
49154,87612E10,TGT,20561,2025-08-05,102.430000,46540709.38,0.026456
49154,87612E10,TGT,20561,2025-08-06,105.390000,47885632.74,0.028898
49154,87612E10,TGT,20561,2025-08-07,105.670000,48012855.22,0.002657
49154,87612E10,TGT,20561,2025-08-08,105.400000,47890176.40,-0.002555
49154,87612E10,TGT,20561,2025-08-11,104.010000,47258607.66,-0.013188
49154,87612E10,TGT,20561,2025-08-12,106.260000,48280931.16,0.021633
49154,87612E10,TGT,20561,2025-08-13,105.360000,47872001.76,0.002259
49154,87612E10,TGT,20561,2025-08-14,104.250000,47367655.50,-0.010535
49154,87612E10,TGT,20561,2025-08-15,103.020000,46808785.32,-0.011799
49154,87612E10,TGT,20561,2025-08-18,104.950000,47685711.70,0.018734
49154,87612E10,TGT,20561,2025-08-19,105.360000,47872001.76,0.003907
49154,87612E10,TGT,20561,2025-08-20,98.690000,44841380.54,-0.063307
49154,87612E10,TGT,20561,2025-08-21,97.060000,44100763.96,-0.016516
49154,87612E10,TGT,20561,2025-08-22,99.240000,45091281.84,0.022460
49154,87612E10,TGT,20561,2025-08-25,97.130000,44132569.58,-0.021262
49154,87612E10,TGT,20561,2025-08-26,96.110000,43669116.26,-0.010501
49154,87612E10,TGT,20561,2025-08-27,97.960000,44509693.36,0.019249
49154,87612E10,TGT,20561,2025-08-28,96.810000,43987172.46,-0.011739
49154,87612E10,TGT,20561,2025-08-29,95.980000,43610048.68,-0.008573
49154,87612E10,TGT,20561,2025-09-02,92.440000,42001593.04,-0.036883
49154,87612E10,TGT,20561,2025-09-03,92.350000,41960700.10,-0.000974
49154,87612E10,TGT,20561,2025-09-04,92.710000,42124271.86,0.003898
49154,87612E10,TGT,20561,2025-09-05,93.170000,42333280.22,0.004962
49154,87612E10,TGT,20561,2025-09-08,91.500000,41574489.00,-0.017924
49154,87612E10,TGT,20561,2025-09-09,90.910000,41306413.06,-0.006448
49154,87612E10,TGT,20561,2025-09-10,90.780000,41247345.48,-0.001430
49154,87612E10,TGT,20561,2025-09-11,91.520000,41583576.32,0.008152
49154,87612E10,TGT,20561,2025-09-12,89.960000,40874765.36,-0.017045
49154,87612E10,TGT,20561,2025-09-15,88.560000,40238652.96,-0.015562
49154,87612E10,TGT,20561,2025-09-16,89.720000,40765717.52,0.013098
49154,87612E10,TGT,20561,2025-09-17,88.930000,40406768.38,-0.008805
49154,87612E10,TGT,20561,2025-09-18,89.420000,40629407.72,0.005510
49154,87612E10,TGT,20561,2025-09-19,88.130000,40043275.58,-0.014426
49154,87612E10,TGT,20561,2025-09-22,86.560000,39329920.96,-0.017815
49154,87612E10,TGT,20561,2025-09-23,87.050000,39552560.30,0.005661
49154,87612E10,TGT,20561,2025-09-24,88.310000,40125061.46,0.014474
49154,87612E10,TGT,20561,2025-09-25,87.140000,39593453.24,-0.013249
49154,87612E10,TGT,20561,2025-09-26,87.850000,39916053.10,0.008148
49154,87612E10,TGT,20561,2025-09-29,88.830000,40361331.78,0.011155
49154,87612E10,TGT,20561,2025-09-30,89.700000,40759590.30,0.009794
49154,87612E10,TGT,20561,2025-10-01,89.140000,40505126.86,-0.006243
49154,87612E10,TGT,20561,2025-10-02,89.510000,40673254.49,0.004151
49154,87612E10,TGT,20561,2025-10-03,89.030000,40455142.97,-0.005363
49154,87612E10,TGT,20561,2025-10-06,88.960000,40423335.04,-0.000786
49154,87612E10,TGT,20561,2025-10-07,89.270000,40564198.73,0.003485
49154,87612E10,TGT,20561,2025-10-08,90.380000,41068581.62,0.012434
49154,87612E10,TGT,20561,2025-10-09,89.100000,40486950.90,-0.014162
49154,87612E10,TGT,20561,2025-10-10,85.530000,38864746.47,-0.040067
49154,87612E10,TGT,20561,2025-10-13,87.340000,39687208.66,0.021162
49154,87612E10,TGT,20561,2025-10-14,88.960000,40423335.04,0.018548
49154,87612E10,TGT,20561,2025-10-15,90.910000,41309413.09,0.021920
49154,87612E10,TGT,20561,2025-10-16,90.070000,40927717.93,-0.009240
49154,87612E10,TGT,20561,2025-10-17,90.840000,41277605.16,0.008549
49154,87612E10,TGT,20561,2025-10-20,91.530000,41591140.47,0.007596
49154,87612E10,TGT,20561,2025-10-21,94.400000,42895265.60,0.031356
49154,87612E10,TGT,20561,2025-10-22,94.020000,42722593.98,-0.004025
49154,87612E10,TGT,20561,2025-10-23,94.250000,42827105.75,0.002446
49154,87612E10,TGT,20561,2025-10-24,94.260000,42831649.74,0.000106
49154,87612E10,TGT,20561,2025-10-27,97.770000,44426590.23,0.037237
49154,87612E10,TGT,20561,2025-10-28,97.110000,44126686.89,-0.006751
49154,87612E10,TGT,20561,2025-10-29,94.120000,42768033.88,-0.030790
49154,87612E10,TGT,20561,2025-10-30,92.920000,42222755.08,-0.012750
49154,87612E10,TGT,20561,2025-10-31,92.720000,42131875.28,-0.002152
49154,87612E10,TGT,20561,2025-11-03,91.450000,41554788.55,-0.013697
49154,87612E10,TGT,20561,2025-11-04,89.980000,40886822.02,-0.016074
49154,87612E10,TGT,20561,2025-11-05,91.940000,41777444.06,0.021783
49154,87612E10,TGT,20561,2025-11-06,89.150000,40509670.85,-0.030346
49154,87612E10,TGT,20561,2025-11-07,91.240000,41459364.76,0.023444
49154,87612E10,TGT,20561,2025-11-10,90.730000,41227621.27,-0.005590
49154,87612E10,TGT,20561,2025-11-11,91.580000,41613860.42,0.009368
49154,87612E10,TGT,20561,2025-11-12,91.910000,41763812.09,0.016052
49154,87612E10,TGT,20561,2025-11-13,90.620000,41177637.38,-0.014035
49154,87612E10,TGT,20561,2025-11-14,89.900000,40850470.10,-0.007945
49154,87612E10,TGT,20561,2025-11-17,88.480000,40205223.52,-0.015795
49154,87612E10,TGT,20561,2025-11-18,88.530000,40227943.47,0.000565
49154,87612E10,TGT,20561,2025-11-19,86.080000,39114665.92,-0.027674
49154,87612E10,TGT,20561,2025-11-20,83.680000,38024108.32,-0.027881
49154,87612E10,TGT,20561,2025-11-21,87.620000,39814440.38,0.047084
49154,87612E10,TGT,20561,2025-11-24,84.540000,38414891.46,-0.035152
49154,87612E10,TGT,20561,2025-11-25,86.580000,39341865.42,0.024131
49154,87612E10,TGT,20561,2025-11-26,89.800000,40805030.20,0.037191
49154,87612E10,TGT,20561,2025-11-28,90.620000,41033279.72,0.009131
49154,87612E10,TGT,20561,2025-12-01,91.360000,41368356.16,0.008166
49154,87612E10,TGT,20561,2025-12-02,90.470000,40965358.82,-0.009742
49154,87612E10,TGT,20561,2025-12-03,90.920000,41169121.52,0.004974
49154,87612E10,TGT,20561,2025-12-04,91.590000,41472501.54,0.007369
49154,87612E10,TGT,20561,2025-12-05,92.190000,41744185.14,0.006551
49154,87612E10,TGT,20561,2025-12-08,93.060000,42138126.36,0.009437
49154,87612E10,TGT,20561,2025-12-09,93.620000,42391697.72,0.006018
49154,87612E10,TGT,20561,2025-12-10,94.620000,42844503.72,0.010681
49154,87612E10,TGT,20561,2025-12-11,96.970000,43908597.82,0.024836
49154,87612E10,TGT,20561,2025-12-12,97.090000,43962934.54,0.001237
49154,87612E10,TGT,20561,2025-12-15,97.560000,44175753.36,0.004841
49154,87612E10,TGT,20561,2025-12-16,97.670000,44225562.02,0.001128
49154,87612E10,TGT,20561,2025-12-17,98.600000,44646671.60,0.009522
49154,87612E10,TGT,20561,2025-12-18,99.050000,44850434.30,0.004564
49154,87612E10,TGT,20561,2025-12-19,98.010000,44379516.06,-0.010500
49154,87612E10,TGT,20561,2025-12-22,95.200000,43107131.20,-0.028671
49154,87612E10,TGT,20561,2025-12-23,94.300000,42699605.80,-0.009454
49154,87612E10,TGT,20561,2025-12-24,96.530000,43709363.18,0.023648
49154,87612E10,TGT,20561,2025-12-26,99.550000,45076837.30,0.031286
49154,87612E10,TGT,20561,2025-12-29,98.100000,44420268.60,-0.014566
49154,87612E10,TGT,20561,2025-12-30,97.430000,44116888.58,-0.006830
49154,87612E10,TGT,20561,2025-12-31,97.750000,44261786.50,0.003284
55976,93114210,WMT,21880,2020-01-02,118.940000,337453594.50,0.000841
55976,93114210,WMT,21880,2020-01-03,117.890000,334474560.75,-0.008828
55976,93114210,WMT,21880,2020-01-06,117.650000,333793638.75,-0.002036
55976,93114210,WMT,21880,2020-01-07,116.560000,330701118.00,-0.009265
55976,93114210,WMT,21880,2020-01-08,116.160000,329566248.00,-0.003432
55976,93114210,WMT,21880,2020-01-09,117.360000,332970858.00,0.010331
55976,93114210,WMT,21880,2020-01-10,116.380000,330190426.50,-0.008350
55976,93114210,WMT,21880,2020-01-13,115.880000,328771839.00,-0.004296
55976,93114210,WMT,21880,2020-01-14,116.180000,329622991.50,0.002589
55976,93114210,WMT,21880,2020-01-15,115.280000,327069534.00,-0.007747
55976,93114210,WMT,21880,2020-01-16,115.900000,328828582.50,0.005378
55976,93114210,WMT,21880,2020-01-17,114.960000,326161638.00,-0.008110
55976,93114210,WMT,21880,2020-01-21,115.590000,327949058.25,0.005480
55976,93114210,WMT,21880,2020-01-22,116.100000,329396017.50,0.004412
55976,93114210,WMT,21880,2020-01-23,115.810000,328573236.75,-0.002498
55976,93114210,WMT,21880,2020-01-24,114.370000,324487704.75,-0.012434
55976,93114210,WMT,21880,2020-01-27,115.860000,328715095.50,0.013028
55976,93114210,WMT,21880,2020-01-28,116.600000,330814605.00,0.006387
55976,93114210,WMT,21880,2020-01-29,115.890000,328800210.75,-0.006089
55976,93114210,WMT,21880,2020-01-30,116.580000,330757861.50,0.005954
55976,93114210,WMT,21880,2020-01-31,114.490000,324828165.75,-0.017928
55976,93114210,WMT,21880,2020-02-03,114.270000,324203987.25,-0.001922
55976,93114210,WMT,21880,2020-02-04,115.270000,327041162.25,0.008751
55976,93114210,WMT,21880,2020-02-05,116.810000,331410411.75,0.013360
55976,93114210,WMT,21880,2020-02-06,116.310000,329991824.25,-0.004280
55976,93114210,WMT,21880,2020-02-07,116.450000,330389028.75,0.001204
55976,93114210,WMT,21880,2020-02-10,115.250000,326984418.75,-0.010305
55976,93114210,WMT,21880,2020-02-11,115.400000,327409995.00,0.001302
55976,93114210,WMT,21880,2020-02-12,115.850000,328686723.75,0.003899
55976,93114210,WMT,21880,2020-02-13,117.440000,333197832.00,0.013725
55976,93114210,WMT,21880,2020-02-14,117.890000,334474560.75,0.003832
55976,93114210,WMT,21880,2020-02-18,119.630000,339411245.25,0.014760
55976,93114210,WMT,21880,2020-02-19,117.680000,333878754.00,-0.016300
55976,93114210,WMT,21880,2020-02-20,117.690000,333907125.75,0.000085
55976,93114210,WMT,21880,2020-02-21,118.580000,336432211.50,0.007562
55976,93114210,WMT,21880,2020-02-24,116.320000,330020196.00,-0.019059
55976,93114210,WMT,21880,2020-02-25,114.390000,324544448.25,-0.016592
55976,93114210,WMT,21880,2020-02-26,113.780000,322813771.50,-0.005333
55976,93114210,WMT,21880,2020-02-27,110.400000,313224120.00,-0.029706
55976,93114210,WMT,21880,2020-02-28,107.680000,305507004.00,-0.024638
55976,93114210,WMT,21880,2020-03-02,115.880000,328771839.00,0.076152
55976,93114210,WMT,21880,2020-03-03,112.910000,320345429.25,-0.025630
55976,93114210,WMT,21880,2020-03-04,116.770000,331296924.75,0.034187
55976,93114210,WMT,21880,2020-03-05,115.920000,328885326.00,-0.007279
55976,93114210,WMT,21880,2020-03-06,117.230000,332602025.25,0.011301
55976,93114210,WMT,21880,2020-03-09,117.160000,332403423.00,-0.000597
55976,93114210,WMT,21880,2020-03-10,119.790000,339865193.25,0.022448
55976,93114210,WMT,21880,2020-03-11,114.430000,324657935.25,-0.044745
55976,93114210,WMT,21880,2020-03-12,104.050000,295208058.75,-0.090710
55976,93114210,WMT,21880,2020-03-13,114.100000,323721667.50,0.096588
55976,93114210,WMT,21880,2020-03-16,106.760000,302896803.00,-0.064330
55976,93114210,WMT,21880,2020-03-17,119.260000,338361490.50,0.117085
55976,93114210,WMT,21880,2020-03-18,122.580000,347780911.50,0.027838
55976,93114210,WMT,21880,2020-03-19,119.450000,338900553.75,-0.021129
55976,93114210,WMT,21880,2020-03-20,113.970000,323352834.75,-0.045877
55976,93114210,WMT,21880,2020-03-23,114.280000,324232359.00,0.002720
55976,93114210,WMT,21880,2020-03-24,115.030000,326360240.25,0.006563
55976,93114210,WMT,21880,2020-03-25,109.400000,310386945.00,-0.048944
55976,93114210,WMT,21880,2020-03-26,109.820000,311578558.50,0.003839
55976,93114210,WMT,21880,2020-03-27,109.580000,310897636.50,-0.002185
55976,93114210,WMT,21880,2020-03-30,115.190000,326814188.25,0.051195
55976,93114210,WMT,21880,2020-03-31,113.620000,321803312.74,-0.013630
55976,93114210,WMT,21880,2020-04-01,114.140000,323276096.78,0.004577
55976,93114210,WMT,21880,2020-04-02,118.650000,336049666.05,0.039513
55976,93114210,WMT,21880,2020-04-03,119.480000,338400455.96,0.006995
55976,93114210,WMT,21880,2020-04-06,126.070000,357065161.39,0.055156
55976,93114210,WMT,21880,2020-04-07,121.990000,345509471.23,-0.032363
55976,93114210,WMT,21880,2020-04-08,121.840000,345084629.68,-0.001230
55976,93114210,WMT,21880,2020-04-09,121.800000,344971338.60,-0.000328
55976,93114210,WMT,21880,2020-04-13,125.300000,354884308.10,0.028736
55976,93114210,WMT,21880,2020-04-14,129.000000,365363733.00,0.029529
55976,93114210,WMT,21880,2020-04-15,128.760000,364683986.52,-0.001860
55976,93114210,WMT,21880,2020-04-16,132.330000,374795215.41,0.027726
55976,93114210,WMT,21880,2020-04-17,132.120000,374200437.24,-0.001587
55976,93114210,WMT,21880,2020-04-20,129.850000,367771168.45,-0.017181
55976,93114210,WMT,21880,2020-04-21,129.210000,365958511.17,-0.004929
55976,93114210,WMT,21880,2020-04-22,131.590000,372699330.43,0.018420
55976,93114210,WMT,21880,2020-04-23,128.530000,364032562.81,-0.023254
55976,93114210,WMT,21880,2020-04-24,129.440000,366609934.88,0.007080
55976,93114210,WMT,21880,2020-04-27,128.300000,363381139.10,-0.008807
55976,93114210,WMT,21880,2020-04-28,128.000000,362531456.00,-0.002338
55976,93114210,WMT,21880,2020-04-29,123.600000,350069437.20,-0.034375
55976,93114210,WMT,21880,2020-04-30,121.550000,344436478.10,-0.016586
55976,93114210,WMT,21880,2020-05-01,122.920000,348318649.84,0.011271
55976,93114210,WMT,21880,2020-05-04,123.700000,350528937.40,0.006346
55976,93114210,WMT,21880,2020-05-05,124.730000,353447650.46,0.008327
55976,93114210,WMT,21880,2020-05-06,123.300000,349395456.60,-0.011465
55976,93114210,WMT,21880,2020-05-07,121.890000,345399936.78,-0.007056
55976,93114210,WMT,21880,2020-05-08,122.940000,348375323.88,0.008614
55976,93114210,WMT,21880,2020-05-11,123.670000,350443926.34,0.005938
55976,93114210,WMT,21880,2020-05-12,123.780000,350755633.56,0.000889
55976,93114210,WMT,21880,2020-05-13,123.710000,350557274.42,-0.000566
55976,93114210,WMT,21880,2020-05-14,123.420000,349735500.84,-0.002344
55976,93114210,WMT,21880,2020-05-15,125.940000,356876429.88,0.020418
55976,93114210,WMT,21880,2020-05-18,127.660000,361750397.32,0.013657
55976,93114210,WMT,21880,2020-05-19,124.950000,354071064.90,-0.021228
55976,93114210,WMT,21880,2020-05-20,125.450000,355487915.90,0.004002
55976,93114210,WMT,21880,2020-05-21,124.990000,354184412.98,-0.003667
55976,93114210,WMT,21880,2020-05-22,124.330000,352314169.66,-0.005280
55976,93114210,WMT,21880,2020-05-26,123.860000,350982329.72,-0.003780
55976,93114210,WMT,21880,2020-05-27,122.480000,347071820.96,-0.011142
55976,93114210,WMT,21880,2020-05-28,123.690000,350500600.38,0.009879
55976,93114210,WMT,21880,2020-05-29,124.060000,351549070.12,0.002991
55976,93114210,WMT,21880,2020-06-01,123.960000,351265699.92,-0.000806
55976,93114210,WMT,21880,2020-06-02,123.940000,351209025.88,-0.000161
55976,93114210,WMT,21880,2020-06-03,123.470000,349877185.94,-0.003792
55976,93114210,WMT,21880,2020-06-04,122.110000,346023351.22,-0.011015
55976,93114210,WMT,21880,2020-06-05,121.560000,344464815.12,-0.004504
55976,93114210,WMT,21880,2020-06-08,121.240000,343558030.48,-0.002632
55976,93114210,WMT,21880,2020-06-09,121.350000,343869737.70,0.000907
55976,93114210,WMT,21880,2020-06-10,121.160000,343331334.32,-0.001566
55976,93114210,WMT,21880,2020-06-11,120.090000,340299273.18,-0.008831
55976,93114210,WMT,21880,2020-06-12,117.740000,333640073.48,-0.019569
55976,93114210,WMT,21880,2020-06-15,118.080000,334603532.16,0.002888
55976,93114210,WMT,21880,2020-06-16,119.650000,339052444.30,0.013296
55976,93114210,WMT,21880,2020-06-17,119.030000,337295549.06,-0.005182
55976,93114210,WMT,21880,2020-06-18,117.990000,334348498.98,-0.008737
55976,93114210,WMT,21880,2020-06-19,119.850000,339619184.70,0.015764
55976,93114210,WMT,21880,2020-06-22,121.680000,344804859.36,0.015269
55976,93114210,WMT,21880,2020-06-23,121.070000,343076301.14,-0.005013
55976,93114210,WMT,21880,2020-06-24,120.300000,340894350.60,-0.006360
55976,93114210,WMT,21880,2020-06-25,119.710000,339222466.42,-0.004904
55976,93114210,WMT,21880,2020-06-26,118.320000,335283620.64,-0.011611
55976,93114210,WMT,21880,2020-06-29,119.060000,337380560.12,0.006254
55976,93114210,WMT,21880,2020-06-30,119.780000,339211330.34,0.006047
55976,93114210,WMT,21880,2020-07-01,119.690000,338956454.57,-0.000751
55976,93114210,WMT,21880,2020-07-02,119.210000,337597117.13,-0.004010
55976,93114210,WMT,21880,2020-07-06,118.890000,336690892.17,-0.002684
55976,93114210,WMT,21880,2020-07-07,126.950000,359516433.35,0.067794
55976,93114210,WMT,21880,2020-07-08,124.440000,352408231.32,-0.019772
55976,93114210,WMT,21880,2020-07-09,127.750000,361781995.75,0.026599
55976,93114210,WMT,21880,2020-07-10,130.680000,370079618.04,0.022935
55976,93114210,WMT,21880,2020-07-13,129.520000,366794552.56,-0.008877
55976,93114210,WMT,21880,2020-07-14,132.010000,373846115.53,0.019225
55976,93114210,WMT,21880,2020-07-15,132.000000,373817796.00,-0.000076
55976,93114210,WMT,21880,2020-07-16,132.200000,374384186.60,0.001515
55976,93114210,WMT,21880,2020-07-17,131.740000,373081488.22,-0.003480
55976,93114210,WMT,21880,2020-07-20,131.470000,372316860.91,-0.002049
55976,93114210,WMT,21880,2020-07-21,132.330000,374752340.49,0.006541
55976,93114210,WMT,21880,2020-07-22,132.660000,375686884.98,0.002494
55976,93114210,WMT,21880,2020-07-23,131.640000,372798292.92,-0.007689
55976,93114210,WMT,21880,2020-07-24,131.240000,371665511.72,-0.003039
55976,93114210,WMT,21880,2020-07-27,131.210000,371580553.13,-0.000229
55976,93114210,WMT,21880,2020-07-28,131.760000,373138127.28,0.004192
55976,93114210,WMT,21880,2020-07-29,130.690000,370107937.57,-0.008121
55976,93114210,WMT,21880,2020-07-30,130.120000,368493724.36,-0.004361
55976,93114210,WMT,21880,2020-07-31,129.400000,366454718.20,-0.005533
55976,93114210,WMT,21880,2020-08-03,129.300000,366171522.90,-0.000773
55976,93114210,WMT,21880,2020-08-04,131.640000,372798292.92,0.018097
55976,93114210,WMT,21880,2020-08-05,129.810000,367615818.93,-0.013902
55976,93114210,WMT,21880,2020-08-06,129.350000,366313120.55,-0.003544
55976,93114210,WMT,21880,2020-08-07,129.970000,368068931.41,0.004793
55976,93114210,WMT,21880,2020-08-10,131.880000,373477961.64,0.014696
55976,93114210,WMT,21880,2020-08-11,130.200000,368720280.60,-0.012739
55976,93114210,WMT,21880,2020-08-12,131.890000,373506281.17,0.012980
55976,93114210,WMT,21880,2020-08-13,131.850000,373393003.05,0.003791
55976,93114210,WMT,21880,2020-08-14,132.600000,375516967.80,0.005688
55976,93114210,WMT,21880,2020-08-17,135.600000,384012826.80,0.022624
55976,93114210,WMT,21880,2020-08-18,134.710000,381492388.63,-0.006563
55976,93114210,WMT,21880,2020-08-19,132.410000,374978896.73,-0.017074
55976,93114210,WMT,21880,2020-08-20,130.570000,369768103.21,-0.013896
55976,93114210,WMT,21880,2020-08-21,131.630000,372769973.39,0.008118
55976,93114210,WMT,21880,2020-08-24,131.330000,371920387.49,-0.002279
55976,93114210,WMT,21880,2020-08-25,130.630000,369938020.39,-0.005330
55976,93114210,WMT,21880,2020-08-26,130.700000,370136257.10,0.000536
55976,93114210,WMT,21880,2020-08-27,136.630000,386929738.39,0.045371
55976,93114210,WMT,21880,2020-08-28,140.300000,397323005.90,0.026861
55976,93114210,WMT,21880,2020-08-31,138.850000,393216674.05,-0.010335
55976,93114210,WMT,21880,2020-09-01,147.590000,417967943.27,0.062946
55976,93114210,WMT,21880,2020-09-02,147.680000,418222819.04,0.000610
55976,93114210,WMT,21880,2020-09-03,144.540000,409330486.62,-0.021262
55976,93114210,WMT,21880,2020-09-04,142.830000,404487846.99,-0.011831
55976,93114210,WMT,21880,2020-09-08,138.450000,392083892.85,-0.030666
55976,93114210,WMT,21880,2020-09-09,139.890000,396161905.17,0.010401
55976,93114210,WMT,21880,2020-09-10,136.810000,387439489.93,-0.022017
55976,93114210,WMT,21880,2020-09-11,136.700000,387127975.10,-0.000804
55976,93114210,WMT,21880,2020-09-14,137.320000,388883785.96,0.004535
55976,93114210,WMT,21880,2020-09-15,137.360000,388997064.08,0.000291
55976,93114210,WMT,21880,2020-09-16,136.260000,385881915.78,-0.008008
55976,93114210,WMT,21880,2020-09-17,136.690000,387099655.57,0.003156
55976,93114210,WMT,21880,2020-09-18,135.290000,383134921.37,-0.010242
55976,93114210,WMT,21880,2020-09-21,137.070000,388175797.71,0.013157
55976,93114210,WMT,21880,2020-09-22,138.310000,391687419.43,0.009046
55976,93114210,WMT,21880,2020-09-23,135.990000,385117288.47,-0.016774
55976,93114210,WMT,21880,2020-09-24,136.700000,387127975.10,0.005221
55976,93114210,WMT,21880,2020-09-25,137.270000,388742188.31,0.004170
55976,93114210,WMT,21880,2020-09-28,137.250000,388685549.25,-0.000146
55976,93114210,WMT,21880,2020-09-29,137.140000,388374034.42,-0.000801
55976,93114210,WMT,21880,2020-09-30,139.910000,396470382.23,0.020198
55976,93114210,WMT,21880,2020-10-01,143.080000,405453379.24,0.022657
55976,93114210,WMT,21880,2020-10-02,140.500000,398142296.50,-0.018032
55976,93114210,WMT,21880,2020-10-05,141.800000,401826175.40,0.009253
55976,93114210,WMT,21880,2020-10-06,140.630000,398510684.39,-0.008251
55976,93114210,WMT,21880,2020-10-07,140.890000,399247460.17,0.001849
55976,93114210,WMT,21880,2020-10-08,141.360000,400579324.08,0.003336
55976,93114210,WMT,21880,2020-10-09,142.780000,404603253.34,0.010045
55976,93114210,WMT,21880,2020-10-12,144.250000,408768870.25,0.010296
55976,93114210,WMT,21880,2020-10-13,146.230000,414379701.19,0.013726
55976,93114210,WMT,21880,2020-10-14,143.940000,407890406.82,-0.015660
55976,93114210,WMT,21880,2020-10-15,144.530000,409562321.09,0.004099
55976,93114210,WMT,21880,2020-10-16,144.710000,410072396.63,0.001245
55976,93114210,WMT,21880,2020-10-19,142.950000,405084991.35,-0.012162
55976,93114210,WMT,21880,2020-10-20,143.900000,407777056.70,0.006646
55976,93114210,WMT,21880,2020-10-21,144.400000,409193933.20,0.003475
55976,93114210,WMT,21880,2020-10-22,143.550000,406785243.15,-0.005886
55976,93114210,WMT,21880,2020-10-23,143.850000,407635369.05,0.002090
55976,93114210,WMT,21880,2020-10-26,142.160000,402846326.48,-0.011748
55976,93114210,WMT,21880,2020-10-27,142.870000,404858291.11,0.004994
55976,93114210,WMT,21880,2020-10-28,140.040000,396838770.12,-0.019808
55976,93114210,WMT,21880,2020-10-29,139.920000,396498719.76,-0.000857
55976,93114210,WMT,21880,2020-10-30,138.750000,393183228.75,-0.008362
55976,93114210,WMT,21880,2020-11-02,140.400000,397858921.20,0.011892
55976,93114210,WMT,21880,2020-11-03,142.780000,404603253.34,0.016952
55976,93114210,WMT,21880,2020-11-04,141.960000,402279575.88,-0.005743
55976,93114210,WMT,21880,2020-11-05,143.470000,406558542.91,0.010637
55976,93114210,WMT,21880,2020-11-06,145.770000,413076174.81,0.016031
55976,93114210,WMT,21880,2020-11-09,143.540000,406756905.62,-0.015298
55976,93114210,WMT,21880,2020-11-10,145.560000,412481086.68,0.014073
55976,93114210,WMT,21880,2020-11-11,147.980000,419338768.94,0.016625
55976,93114210,WMT,21880,2020-11-12,148.230000,420047207.19,0.001689
55976,93114210,WMT,21880,2020-11-13,150.540000,426593176.62,0.015584
55976,93114210,WMT,21880,2020-11-16,152.440000,431977307.32,0.012621
55976,93114210,WMT,21880,2020-11-17,149.370000,423277685.61,-0.020139
55976,93114210,WMT,21880,2020-11-18,149.090000,422484234.77,-0.001875
55976,93114210,WMT,21880,2020-11-19,152.120000,431070506.36,0.020323
55976,93114210,WMT,21880,2020-11-20,150.240000,425743050.72,-0.012359
55976,93114210,WMT,21880,2020-11-23,150.930000,427698340.29,0.004593
55976,93114210,WMT,21880,2020-11-24,151.360000,428916854.08,0.002849
55976,93114210,WMT,21880,2020-11-25,151.830000,430248717.99,0.003105
55976,93114210,WMT,21880,2020-11-27,151.600000,429596954.80,-0.001515
55976,93114210,WMT,21880,2020-11-30,152.790000,432969120.87,0.007850
55976,93114210,WMT,21880,2020-12-01,152.640000,432544057.92,-0.000982
55976,93114210,WMT,21880,2020-12-02,150.520000,426536501.56,-0.013889
55976,93114210,WMT,21880,2020-12-03,149.300000,423079322.90,-0.008105
55976,93114210,WMT,21880,2020-12-04,148.910000,421974159.23,-0.002612
55976,93114210,WMT,21880,2020-12-07,148.110000,419707156.83,-0.005372
55976,93114210,WMT,21880,2020-12-08,149.450000,423504385.85,0.009047
55976,93114210,WMT,21880,2020-12-09,148.270000,420160557.31,-0.007896
55976,93114210,WMT,21880,2020-12-10,147.040000,416675041.12,-0.004654
55976,93114210,WMT,21880,2020-12-11,147.000000,416561691.00,-0.000272
55976,93114210,WMT,21880,2020-12-14,145.650000,412736124.45,-0.009184
55976,93114210,WMT,21880,2020-12-15,145.580000,412537761.74,-0.000481
55976,93114210,WMT,21880,2020-12-16,145.430000,412112698.79,-0.001030
55976,93114210,WMT,21880,2020-12-17,146.100000,414011313.30,0.004607
55976,93114210,WMT,21880,2020-12-18,145.950000,413586250.35,-0.001027
55976,93114210,WMT,21880,2020-12-21,145.970000,413642925.41,0.000137
55976,93114210,WMT,21880,2020-12-22,144.200000,408627182.60,-0.012126
55976,93114210,WMT,21880,2020-12-23,143.220000,405850104.66,-0.006796
55976,93114210,WMT,21880,2020-12-24,143.500000,406643555.50,0.001955
55976,93114210,WMT,21880,2020-12-28,145.220000,411517610.66,0.011986
55976,93114210,WMT,21880,2020-12-29,144.300000,408910557.90,-0.006335
55976,93114210,WMT,21880,2020-12-30,144.180000,408570507.54,-0.000832
55976,93114210,WMT,21880,2020-12-31,144.150000,407841576.90,-0.000208
55976,93114210,WMT,21880,2021-01-04,146.530000,414575277.58,0.016511
55976,93114210,WMT,21880,2021-01-05,145.750000,412368434.50,-0.005323
55976,93114210,WMT,21880,2021-01-06,146.660000,414943084.76,0.006244
55976,93114210,WMT,21880,2021-01-07,146.650000,414914791.90,-0.000068
55976,93114210,WMT,21880,2021-01-08,146.630000,414858206.18,-0.000136
55976,93114210,WMT,21880,2021-01-11,147.290000,416725534.94,0.004501
55976,93114210,WMT,21880,2021-01-12,148.970000,421478735.42,0.011406
55976,93114210,WMT,21880,2021-01-13,147.450000,417178220.70,-0.010203
55976,93114210,WMT,21880,2021-01-14,146.970000,415820163.42,-0.003255
55976,93114210,WMT,21880,2021-01-15,144.640000,409227927.04,-0.015854
55976,93114210,WMT,21880,2021-01-19,143.390000,405691319.54,-0.008642
55976,93114210,WMT,21880,2021-01-20,145.510000,411689405.86,0.014785
55976,93114210,WMT,21880,2021-01-21,144.850000,409822077.10,-0.004536
55976,93114210,WMT,21880,2021-01-22,146.330000,414009420.38,0.010217
55976,93114210,WMT,21880,2021-01-25,146.200000,413641613.20,-0.000888
55976,93114210,WMT,21880,2021-01-26,147.510000,417347977.86,0.008960
55976,93114210,WMT,21880,2021-01-27,143.840000,406964498.24,-0.024880
55976,93114210,WMT,21880,2021-01-28,143.750000,406709862.50,-0.000626
55976,93114210,WMT,21880,2021-01-29,140.490000,397486390.14,-0.022678
55976,93114210,WMT,21880,2021-02-01,139.270000,394034661.22,-0.008684
55976,93114210,WMT,21880,2021-02-02,140.770000,398278590.22,0.010770
55976,93114210,WMT,21880,2021-02-03,141.200000,399495183.20,0.003055
55976,93114210,WMT,21880,2021-02-04,142.530000,403258133.58,0.009419
55976,93114210,WMT,21880,2021-02-05,144.360000,408435726.96,0.012839
55976,93114210,WMT,21880,2021-02-08,145.030000,410331348.58,0.004641
55976,93114210,WMT,21880,2021-02-09,145.830000,412594777.38,0.005516
55976,93114210,WMT,21880,2021-02-10,144.130000,407784991.18,-0.011657
55976,93114210,WMT,21880,2021-02-11,144.020000,407473769.72,-0.000763
55976,93114210,WMT,21880,2021-02-12,144.470000,408746948.42,0.003125
55976,93114210,WMT,21880,2021-02-16,145.660000,412113798.76,0.008237
55976,93114210,WMT,21880,2021-02-17,147.200000,416470899.20,0.010573
55976,93114210,WMT,21880,2021-02-18,137.660000,389479510.76,-0.064810
55976,93114210,WMT,21880,2021-02-19,138.340000,391403425.24,0.004940
55976,93114210,WMT,21880,2021-02-22,137.690000,389564389.34,-0.004699
55976,93114210,WMT,21880,2021-02-23,135.470000,383283374.42,-0.016123
55976,93114210,WMT,21880,2021-02-24,133.210000,376889188.06,-0.016683
55976,93114210,WMT,21880,2021-02-25,131.950000,373324287.70,-0.009459
55976,93114210,WMT,21880,2021-02-26,129.920000,367580837.12,-0.015385
55976,93114210,WMT,21880,2021-03-01,131.370000,371683301.82,0.011161
55976,93114210,WMT,21880,2021-03-02,130.110000,368118401.46,-0.009591
55976,93114210,WMT,21880,2021-03-03,127.590000,360988600.74,-0.019368
55976,93114210,WMT,21880,2021-03-04,127.530000,360818843.58,-0.000470
55976,93114210,WMT,21880,2021-03-05,129.120000,365317408.32,0.012468
55976,93114210,WMT,21880,2021-03-08,127.880000,361809093.68,-0.009603
55976,93114210,WMT,21880,2021-03-09,128.890000,364666672.54,0.007898
55976,93114210,WMT,21880,2021-03-10,132.180000,373975023.48,0.025526
55976,93114210,WMT,21880,2021-03-11,132.130000,373833559.18,-0.000378
55976,93114210,WMT,21880,2021-03-12,134.120000,379463838.32,0.015061
55976,93114210,WMT,21880,2021-03-15,133.430000,377511630.98,-0.005145
55976,93114210,WMT,21880,2021-03-16,133.390000,377398459.54,-0.000300
55976,93114210,WMT,21880,2021-03-17,132.280000,374257952.08,-0.008321
55976,93114210,WMT,21880,2021-03-18,130.010000,367835472.86,-0.013003
55976,93114210,WMT,21880,2021-03-19,131.740000,372730137.64,0.013307
55976,93114210,WMT,21880,2021-03-22,132.370000,374512587.82,0.004782
55976,93114210,WMT,21880,2021-03-23,133.940000,378954566.84,0.011861
55976,93114210,WMT,21880,2021-03-24,133.110000,376606259.46,-0.006197
55976,93114210,WMT,21880,2021-03-25,134.010000,379152616.86,0.006761
55976,93114210,WMT,21880,2021-03-26,135.130000,382321417.18,0.008358
55976,93114210,WMT,21880,2021-03-29,136.670000,386678517.62,0.011396
55976,93114210,WMT,21880,2021-03-30,135.740000,384047281.64,-0.006805
55976,93114210,WMT,21880,2021-03-31,135.830000,382642889.76,0.000663
55976,93114210,WMT,21880,2021-04-01,135.620000,382051304.64,-0.001546
55976,93114210,WMT,21880,2021-04-05,139.430000,392784348.96,0.028093
55976,93114210,WMT,21880,2021-04-06,140.100000,394671787.20,0.004805
55976,93114210,WMT,21880,2021-04-07,139.800000,393826665.60,-0.002141
55976,93114210,WMT,21880,2021-04-08,139.710000,393573129.12,-0.000644
55976,93114210,WMT,21880,2021-04-09,139.780000,393770324.16,0.000501
55976,93114210,WMT,21880,2021-04-12,139.800000,393826665.60,0.000143
55976,93114210,WMT,21880,2021-04-13,139.370000,392615324.64,-0.003076
55976,93114210,WMT,21880,2021-04-14,139.320000,392474471.04,-0.000359
55976,93114210,WMT,21880,2021-04-15,140.160000,394840811.52,0.006029
55976,93114210,WMT,21880,2021-04-16,140.610000,396108493.92,0.003211
55976,93114210,WMT,21880,2021-04-19,139.710000,393573129.12,-0.006401
55976,93114210,WMT,21880,2021-04-20,140.790000,396615566.88,0.007730
55976,93114210,WMT,21880,2021-04-21,141.200000,397770566.40,0.002912
55976,93114210,WMT,21880,2021-04-22,139.670000,393460446.24,-0.010836
55976,93114210,WMT,21880,2021-04-23,139.900000,394108372.80,0.001647
55976,93114210,WMT,21880,2021-04-26,137.910000,388502399.52,-0.014224
55976,93114210,WMT,21880,2021-04-27,138.380000,389826423.36,0.003408
55976,93114210,WMT,21880,2021-04-28,137.890000,388446058.08,-0.003541
55976,93114210,WMT,21880,2021-04-29,139.630000,393347763.36,0.012619
55976,93114210,WMT,21880,2021-04-30,139.910000,393634266.62,0.002005
55976,93114210,WMT,21880,2021-05-03,142.120000,399852061.84,0.015796
55976,93114210,WMT,21880,2021-05-04,140.720000,395913187.04,-0.009851
55976,93114210,WMT,21880,2021-05-05,140.600000,395575569.20,-0.000853
55976,93114210,WMT,21880,2021-05-06,141.050000,396841636.10,0.007112
55976,93114210,WMT,21880,2021-05-07,140.200000,394450176.40,-0.006026
55976,93114210,WMT,21880,2021-05-10,140.820000,396194535.24,0.004422
55976,93114210,WMT,21880,2021-05-11,139.550000,392621413.10,-0.009019
55976,93114210,WMT,21880,2021-05-12,135.940000,382464743.08,-0.025869
55976,93114210,WMT,21880,2021-05-13,138.240000,388935751.68,0.016919
55976,93114210,WMT,21880,2021-05-14,139.520000,392537008.64,0.009259
55976,93114210,WMT,21880,2021-05-17,138.890000,390764514.98,-0.004515
55976,93114210,WMT,21880,2021-05-18,141.910000,399261230.62,0.021744
55976,93114210,WMT,21880,2021-05-19,141.920000,399289365.44,0.000070
55976,93114210,WMT,21880,2021-05-20,142.420000,400696106.44,0.003523
55976,93114210,WMT,21880,2021-05-21,141.750000,398811073.50,-0.004704
55976,93114210,WMT,21880,2021-05-24,141.760000,398839208.32,0.000071
55976,93114210,WMT,21880,2021-05-25,142.340000,400471027.88,0.004091
55976,93114210,WMT,21880,2021-05-26,142.170000,399992735.94,-0.001194
55976,93114210,WMT,21880,2021-05-27,141.690000,398642264.58,-0.003376
55976,93114210,WMT,21880,2021-05-28,142.030000,399598848.46,0.002400
55976,93114210,WMT,21880,2021-06-01,141.660000,398557860.12,-0.002605
55976,93114210,WMT,21880,2021-06-02,141.350000,397685680.70,-0.002188
55976,93114210,WMT,21880,2021-06-03,141.600000,398389051.20,0.001769
55976,93114210,WMT,21880,2021-06-04,141.850000,399092421.70,0.001766
55976,93114210,WMT,21880,2021-06-07,140.900000,396419613.80,-0.006697
55976,93114210,WMT,21880,2021-06-08,139.830000,393409188.06,-0.007594
55976,93114210,WMT,21880,2021-06-09,139.080000,391299076.56,-0.005364
55976,93114210,WMT,21880,2021-06-10,139.880000,393549862.16,0.005752
55976,93114210,WMT,21880,2021-06-11,140.750000,395997591.50,0.006220
55976,93114210,WMT,21880,2021-06-14,140.560000,395463029.92,-0.001350
55976,93114210,WMT,21880,2021-06-15,140.000000,393887480.00,-0.003984
55976,93114210,WMT,21880,2021-06-16,137.150000,385869056.30,-0.020357
55976,93114210,WMT,21880,2021-06-17,137.720000,387472741.04,0.004156
55976,93114210,WMT,21880,2021-06-18,135.170000,380298361.94,-0.018516
55976,93114210,WMT,21880,2021-06-21,136.400000,383758944.80,0.009100
55976,93114210,WMT,21880,2021-06-22,137.030000,385531438.46,0.004619
55976,93114210,WMT,21880,2021-06-23,135.960000,382521012.72,-0.007809
55976,93114210,WMT,21880,2021-06-24,136.910000,385193820.62,0.006987
55976,93114210,WMT,21880,2021-06-25,138.530000,389751661.46,0.011833
55976,93114210,WMT,21880,2021-06-28,138.100000,388541864.20,-0.003104
55976,93114210,WMT,21880,2021-06-29,137.300000,386291078.60,-0.005793
55976,93114210,WMT,21880,2021-06-30,141.020000,395158628.92,0.027094
55976,93114210,WMT,21880,2021-07-01,139.320000,390394980.72,-0.012055
55976,93114210,WMT,21880,2021-07-02,140.110000,392608676.06,0.005670
55976,93114210,WMT,21880,2021-07-06,139.940000,392132311.24,-0.001213
55976,93114210,WMT,21880,2021-07-07,139.710000,391487817.66,-0.001644
55976,93114210,WMT,21880,2021-07-08,139.590000,391151560.14,-0.000859
55976,93114210,WMT,21880,2021-07-09,140.300000,393141083.80,0.005086
55976,93114210,WMT,21880,2021-07-12,140.050000,392440547.30,-0.001782
55976,93114210,WMT,21880,2021-07-13,140.580000,393925684.68,0.003784
55976,93114210,WMT,21880,2021-07-14,141.550000,396643766.30,0.006900
55976,93114210,WMT,21880,2021-07-15,141.660000,396952002.36,0.000777
55976,93114210,WMT,21880,2021-07-16,141.560000,396671787.76,-0.000706
55976,93114210,WMT,21880,2021-07-19,141.230000,395747079.58,-0.002331
55976,93114210,WMT,21880,2021-07-20,141.870000,397540453.02,0.004532
55976,93114210,WMT,21880,2021-07-21,141.170000,395578950.82,-0.004934
55976,93114210,WMT,21880,2021-07-22,141.270000,395859165.42,0.000708
55976,93114210,WMT,21880,2021-07-23,142.430000,399109654.78,0.008211
55976,93114210,WMT,21880,2021-07-26,142.630000,399670083.98,0.001404
55976,93114210,WMT,21880,2021-07-27,142.640000,399698105.44,0.000070
55976,93114210,WMT,21880,2021-07-28,142.060000,398072860.76,-0.004066
55976,93114210,WMT,21880,2021-07-29,142.240000,398577247.04,0.001267
55976,93114210,WMT,21880,2021-07-30,142.550000,399445912.30,0.002179
55976,93114210,WMT,21880,2021-08-02,142.220000,398521204.12,-0.002315
55976,93114210,WMT,21880,2021-08-03,143.820000,403004637.72,0.011250
55976,93114210,WMT,21880,2021-08-04,142.840000,400258534.64,-0.006814
55976,93114210,WMT,21880,2021-08-05,145.490000,407684221.54,0.018552
55976,93114210,WMT,21880,2021-08-06,145.230000,406955663.58,-0.001787
55976,93114210,WMT,21880,2021-08-09,145.580000,407936414.68,0.002410
55976,93114210,WMT,21880,2021-08-10,148.680000,416623067.28,0.021294
55976,93114210,WMT,21880,2021-08-11,150.010000,420349921.46,0.008945
55976,93114210,WMT,21880,2021-08-12,149.060000,417687882.76,-0.002666
55976,93114210,WMT,21880,2021-08-13,149.530000,419004891.38,0.003153
55976,93114210,WMT,21880,2021-08-16,150.750000,422423509.50,0.008159
55976,93114210,WMT,21880,2021-08-17,150.700000,422283402.20,-0.000332
55976,93114210,WMT,21880,2021-08-18,149.100000,417799968.60,-0.010617
55976,93114210,WMT,21880,2021-08-19,150.110000,420630136.06,0.006774
55976,93114210,WMT,21880,2021-08-20,151.450000,424385011.70,0.008927
55976,93114210,WMT,21880,2021-08-23,150.450000,421582865.70,-0.006603
55976,93114210,WMT,21880,2021-08-24,148.900000,417239539.40,-0.010302
55976,93114210,WMT,21880,2021-08-25,148.960000,417407668.16,0.000403
55976,93114210,WMT,21880,2021-08-26,147.350000,412896213.10,-0.010808
55976,93114210,WMT,21880,2021-08-27,146.520000,410570431.92,-0.005633
55976,93114210,WMT,21880,2021-08-30,147.700000,413876964.20,0.008054
55976,93114210,WMT,21880,2021-08-31,148.100000,414997822.60,0.002708
55976,93114210,WMT,21880,2021-09-01,147.780000,414101135.88,-0.002161
55976,93114210,WMT,21880,2021-09-02,148.560000,416286809.76,0.005278
55976,93114210,WMT,21880,2021-09-03,149.250000,418220290.50,0.004645
55976,93114210,WMT,21880,2021-09-07,147.270000,412672041.42,-0.013266
55976,93114210,WMT,21880,2021-09-08,147.460000,413204449.16,0.001290
55976,93114210,WMT,21880,2021-09-09,146.420000,410290217.32,-0.007053
55976,93114210,WMT,21880,2021-09-10,145.890000,408805079.94,-0.003620
55976,93114210,WMT,21880,2021-09-13,145.060000,406479298.76,-0.005689
55976,93114210,WMT,21880,2021-09-14,144.300000,404349667.80,-0.005239
55976,93114210,WMT,21880,2021-09-15,144.550000,405050204.30,0.001733
55976,93114210,WMT,21880,2021-09-16,145.030000,406395234.38,0.003321
55976,93114210,WMT,21880,2021-09-17,144.730000,405554590.58,-0.002069
55976,93114210,WMT,21880,2021-09-20,142.740000,399978320.04,-0.013750
55976,93114210,WMT,21880,2021-09-21,143.020000,400762920.92,0.001962
55976,93114210,WMT,21880,2021-09-22,142.690000,399838212.74,-0.002307
55976,93114210,WMT,21880,2021-09-23,142.770000,400062384.42,0.000561
55976,93114210,WMT,21880,2021-09-24,143.170000,401183242.82,0.002802
55976,93114210,WMT,21880,2021-09-27,142.250000,398605268.50,-0.006426
55976,93114210,WMT,21880,2021-09-28,140.500000,393701513.00,-0.012302
55976,93114210,WMT,21880,2021-09-29,140.440000,393533384.24,-0.000427
55976,93114210,WMT,21880,2021-09-30,139.380000,388660851.24,-0.007548
55976,93114210,WMT,21880,2021-10-01,137.050000,382163650.90,-0.016717
55976,93114210,WMT,21880,2021-10-04,135.730000,378482833.54,-0.009632
55976,93114210,WMT,21880,2021-10-05,136.620000,380964596.76,0.006557
55976,93114210,WMT,21880,2021-10-06,137.620000,383753094.76,0.007320
55976,93114210,WMT,21880,2021-10-07,139.240000,388270461.52,0.011772
55976,93114210,WMT,21880,2021-10-08,139.660000,389441630.68,0.003016
55976,93114210,WMT,21880,2021-10-11,139.530000,389079125.94,-0.000931
55976,93114210,WMT,21880,2021-10-12,139.380000,388660851.24,-0.001075
55976,93114210,WMT,21880,2021-10-13,138.370000,385844468.26,-0.007246
55976,93114210,WMT,21880,2021-10-14,139.870000,390027215.26,0.010841
55976,93114210,WMT,21880,2021-10-15,140.550000,391923393.90,0.004862
55976,93114210,WMT,21880,2021-10-18,141.680000,395074396.64,0.008040
55976,93114210,WMT,21880,2021-10-19,144.690000,403467775.62,0.021245
55976,93114210,WMT,21880,2021-10-20,146.000000,407120708.00,0.009054
55976,93114210,WMT,21880,2021-10-21,146.810000,409379391.38,0.005548
55976,93114210,WMT,21880,2021-10-22,148.340000,413645793.32,0.010422
55976,93114210,WMT,21880,2021-10-25,150.060000,418442009.88,0.011595
55976,93114210,WMT,21880,2021-10-26,148.750000,414789077.50,-0.008730
55976,93114210,WMT,21880,2021-10-27,147.530000,411387109.94,-0.008202
55976,93114210,WMT,21880,2021-10-28,148.450000,413952528.10,0.006236
55976,93114210,WMT,21880,2021-10-29,149.420000,416657371.16,0.006534
55976,93114210,WMT,21880,2021-11-01,149.790000,417689115.42,0.002476
55976,93114210,WMT,21880,2021-11-02,149.720000,417493920.56,-0.000467
55976,93114210,WMT,21880,2021-11-03,150.180000,418776629.64,0.003072
55976,93114210,WMT,21880,2021-11-04,151.280000,421843977.44,0.007325
55976,93114210,WMT,21880,2021-11-05,150.230000,418916054.54,-0.006941
55976,93114210,WMT,21880,2021-11-08,149.270000,416239096.46,-0.006390
55976,93114210,WMT,21880,2021-11-09,149.790000,417689115.42,0.003484
55976,93114210,WMT,21880,2021-11-10,148.440000,413924643.12,-0.009013
55976,93114210,WMT,21880,2021-11-11,148.500000,414091953.00,0.000404
55976,93114210,WMT,21880,2021-11-12,147.760000,412028464.48,-0.004983
55976,93114210,WMT,21880,2021-11-15,146.910000,409658241.18,-0.005753
55976,93114210,WMT,21880,2021-11-16,143.170000,399229258.66,-0.025458
55976,93114210,WMT,21880,2021-11-17,141.940000,395799406.12,-0.008591
55976,93114210,WMT,21880,2021-11-18,143.160000,399201373.68,0.008595
55976,93114210,WMT,21880,2021-11-19,142.390000,397054230.22,-0.005379
55976,93114210,WMT,21880,2021-11-22,144.780000,403718740.44,0.016785
55976,93114210,WMT,21880,2021-11-23,145.810000,406590893.38,0.007114
55976,93114210,WMT,21880,2021-11-24,146.540000,408626496.92,0.005007
55976,93114210,WMT,21880,2021-11-26,144.900000,404053360.20,-0.011191
55976,93114210,WMT,21880,2021-11-29,142.630000,397723469.74,-0.015666
55976,93114210,WMT,21880,2021-11-30,140.630000,392146473.74,-0.014022
55976,93114210,WMT,21880,2021-12-01,137.140000,382414615.72,-0.024817
55976,93114210,WMT,21880,2021-12-02,135.470000,377757824.06,-0.012177
55976,93114210,WMT,21880,2021-12-03,137.510000,383446359.98,0.015059
55976,93114210,WMT,21880,2021-12-06,139.000000,387601222.00,0.010836
55976,93114210,WMT,21880,2021-12-07,138.550000,386346397.90,-0.003237
55976,93114210,WMT,21880,2021-12-08,137.150000,382442500.70,-0.010105
55976,93114210,WMT,21880,2021-12-09,138.500000,386206973.00,0.013853
55976,93114210,WMT,21880,2021-12-10,141.030000,393261872.94,0.018267
55976,93114210,WMT,21880,2021-12-13,143.570000,400344657.86,0.018010
55976,93114210,WMT,21880,2021-12-14,144.940000,404164900.12,0.009542
55976,93114210,WMT,21880,2021-12-15,145.770000,406479353.46,0.005727
55976,93114210,WMT,21880,2021-12-16,143.340000,399703303.32,-0.016670
55976,93114210,WMT,21880,2021-12-17,138.750000,386904097.50,-0.032022
55976,93114210,WMT,21880,2021-12-20,139.200000,388158921.60,0.003243
55976,93114210,WMT,21880,2021-12-21,139.620000,389330090.76,0.003017
55976,93114210,WMT,21880,2021-12-22,139.800000,389832020.40,0.001289
55976,93114210,WMT,21880,2021-12-23,139.490000,388967586.02,-0.002217
55976,93114210,WMT,21880,2021-12-27,140.760000,392508978.48,0.009105
55976,93114210,WMT,21880,2021-12-28,142.780000,398141744.44,0.014351
55976,93114210,WMT,21880,2021-12-29,142.710000,397946549.58,-0.000490
55976,93114210,WMT,21880,2021-12-30,143.170000,399229258.66,0.003223
55976,93114210,WMT,21880,2021-12-31,144.690000,401352407.82,0.010617
55976,93114210,WMT,21880,2022-01-03,144.650000,401241452.70,-0.000276
55976,93114210,WMT,21880,2022-01-04,142.000000,393890676.00,-0.018320
55976,93114210,WMT,21880,2022-01-05,143.920000,399216521.76,0.013521
55976,93114210,WMT,21880,2022-01-06,143.520000,398106970.56,-0.002779
55976,93114210,WMT,21880,2022-01-07,144.890000,401907183.42,0.009546
55976,93114210,WMT,21880,2022-01-10,144.610000,401130497.58,-0.001933
55976,93114210,WMT,21880,2022-01-11,144.200000,399993207.60,-0.002835
55976,93114210,WMT,21880,2022-01-12,143.440000,397885060.32,-0.005270
55976,93114210,WMT,21880,2022-01-13,145.470000,403516032.66,0.014152
55976,93114210,WMT,21880,2022-01-14,145.060000,402378742.68,-0.002818
55976,93114210,WMT,21880,2022-01-18,142.520000,395333092.56,-0.017510
55976,93114210,WMT,21880,2022-01-19,143.940000,399271999.32,0.009964
55976,93114210,WMT,21880,2022-01-20,141.220000,391727051.16,-0.018897
55976,93114210,WMT,21880,2022-01-21,140.190000,388869956.82,-0.007294
55976,93114210,WMT,21880,2022-01-24,140.200000,388897695.60,0.000071
55976,93114210,WMT,21880,2022-01-25,137.150000,380437367.70,-0.021755
55976,93114210,WMT,21880,2022-01-26,135.750000,376553938.50,-0.010208
55976,93114210,WMT,21880,2022-01-27,135.840000,376803587.52,0.000663
55976,93114210,WMT,21880,2022-01-28,137.520000,381463702.56,0.012367
55976,93114210,WMT,21880,2022-01-31,139.810000,387815883.18,0.016652
55976,93114210,WMT,21880,2022-02-01,140.910000,390867148.98,0.007868
55976,93114210,WMT,21880,2022-02-02,140.850000,390700716.30,-0.000426
55976,93114210,WMT,21880,2022-02-03,140.990000,391089059.22,0.000994
55976,93114210,WMT,21880,2022-02-04,139.330000,386484421.74,-0.011774
55976,93114210,WMT,21880,2022-02-07,137.960000,382684208.88,-0.009833
55976,93114210,WMT,21880,2022-02-08,137.990000,382767425.22,0.000217
55976,93114210,WMT,21880,2022-02-09,137.690000,381935261.82,-0.002174
55976,93114210,WMT,21880,2022-02-10,136.080000,377469318.24,-0.011693
55976,93114210,WMT,21880,2022-02-11,135.330000,375388909.74,-0.005511
55976,93114210,WMT,21880,2022-02-14,133.950000,371560958.10,-0.010197
55976,93114210,WMT,21880,2022-02-15,134.370000,372725986.86,0.003135
55976,93114210,WMT,21880,2022-02-16,133.530000,370395929.34,-0.006251
55976,93114210,WMT,21880,2022-02-17,138.880000,385236176.64,0.040066
55976,93114210,WMT,21880,2022-02-18,137.990000,382767425.22,-0.006408
55976,93114210,WMT,21880,2022-02-22,136.450000,378495653.10,-0.011160
55976,93114210,WMT,21880,2022-02-23,135.050000,374612223.90,-0.010260
55976,93114210,WMT,21880,2022-02-24,134.530000,373169807.34,-0.003850
55976,93114210,WMT,21880,2022-02-25,136.380000,378301481.64,0.013752
55976,93114210,WMT,21880,2022-02-28,135.160000,374917350.48,-0.008946
55976,93114210,WMT,21880,2022-03-01,135.990000,377219669.22,0.006141
55976,93114210,WMT,21880,2022-03-02,136.160000,377691228.48,0.001250
55976,93114210,WMT,21880,2022-03-03,139.290000,386373466.62,0.022988
55976,93114210,WMT,21880,2022-03-04,142.820000,396165255.96,0.025343
55976,93114210,WMT,21880,2022-03-07,141.670000,392975296.26,-0.008052
55976,93114210,WMT,21880,2022-03-08,138.740000,384847833.72,-0.020682
55976,93114210,WMT,21880,2022-03-09,139.460000,386845025.88,0.005190
55976,93114210,WMT,21880,2022-03-10,142.630000,395638219.14,0.022731
55976,93114210,WMT,21880,2022-03-11,142.070000,394084847.46,-0.003926
55976,93114210,WMT,21880,2022-03-14,144.050000,399577125.90,0.013937
55976,93114210,WMT,21880,2022-03-15,145.780000,404375934.84,0.012010
55976,93114210,WMT,21880,2022-03-16,145.350000,403183167.30,-0.002950
55976,93114210,WMT,21880,2022-03-17,145.010000,402240048.78,0.001514
55976,93114210,WMT,21880,2022-03-18,145.440000,403432816.32,0.002965
55976,93114210,WMT,21880,2022-03-21,144.230000,400076423.94,-0.008320
55976,93114210,WMT,21880,2022-03-22,143.800000,398883656.40,-0.002981
55976,93114210,WMT,21880,2022-03-23,141.950000,393751982.10,-0.012865
55976,93114210,WMT,21880,2022-03-24,142.830000,396192994.74,0.006199
55976,93114210,WMT,21880,2022-03-25,143.450000,397912799.10,0.004341
55976,93114210,WMT,21880,2022-03-28,146.000000,404986188.00,0.017776
55976,93114210,WMT,21880,2022-03-29,147.230000,408398057.94,0.008425
55976,93114210,WMT,21880,2022-03-30,149.870000,415721095.86,0.017931
55976,93114210,WMT,21880,2022-03-31,148.920000,409795077.60,-0.006339
55976,93114210,WMT,21880,2022-04-01,151.010000,415546297.80,0.014034
55976,93114210,WMT,21880,2022-04-04,151.040000,415628851.20,0.000199
55976,93114210,WMT,21880,2022-04-05,151.470000,416812116.60,0.002847
55976,93114210,WMT,21880,2022-04-06,154.990000,426498382.20,0.023239
55976,93114210,WMT,21880,2022-04-07,156.540000,430763641.20,0.010001
55976,93114210,WMT,21880,2022-04-08,157.410000,433157689.80,0.005558
55976,93114210,WMT,21880,2022-04-11,154.290000,424572136.20,-0.019821
55976,93114210,WMT,21880,2022-04-12,153.230000,421655249.40,-0.006870
55976,93114210,WMT,21880,2022-04-13,157.220000,432634851.60,0.026039
55976,93114210,WMT,21880,2022-04-14,157.080000,432249602.40,-0.000890
55976,93114210,WMT,21880,2022-04-18,155.880000,428947466.40,-0.007639
55976,93114210,WMT,21880,2022-04-19,157.650000,433818117.00,0.011355
55976,93114210,WMT,21880,2022-04-20,159.630000,439266641.40,0.012559
55976,93114210,WMT,21880,2022-04-21,159.870000,439927068.60,0.001503
55976,93114210,WMT,21880,2022-04-22,156.860000,431644210.80,-0.018828
55976,93114210,WMT,21880,2022-04-25,156.940000,431864353.20,0.000510
55976,93114210,WMT,21880,2022-04-26,155.300000,427351434.00,-0.010450
55976,93114210,WMT,21880,2022-04-27,154.240000,424434547.20,-0.006825
55976,93114210,WMT,21880,2022-04-28,156.210000,429855553.80,0.012772
55976,93114210,WMT,21880,2022-04-29,152.990000,420994822.20,-0.020613
55976,93114210,WMT,21880,2022-05-02,151.980000,418215524.40,-0.006602
55976,93114210,WMT,21880,2022-05-03,152.510000,419673967.80,0.003487
55976,93114210,WMT,21880,2022-05-04,154.620000,425480223.60,0.013835
55976,93114210,WMT,21880,2022-05-05,152.740000,420306877.20,-0.008537
55976,93114210,WMT,21880,2022-05-06,149.560000,411556216.80,-0.020820
55976,93114210,WMT,21880,2022-05-09,151.310000,416371831.80,0.011701
55976,93114210,WMT,21880,2022-05-10,149.180000,410510540.40,-0.014077
55976,93114210,WMT,21880,2022-05-11,147.620000,406217763.60,-0.010457
55976,93114210,WMT,21880,2022-05-12,147.480000,405832514.40,-0.000948
55976,93114210,WMT,21880,2022-05-13,148.050000,407401029.00,0.003865
55976,93114210,WMT,21880,2022-05-16,148.210000,407841313.80,0.001081
55976,93114210,WMT,21880,2022-05-17,131.350000,361446303.00,-0.113758
55976,93114210,WMT,21880,2022-05-18,122.430000,336900425.40,-0.067910
55976,93114210,WMT,21880,2022-05-19,119.070000,327654444.60,-0.027444
55976,93114210,WMT,21880,2022-05-20,119.200000,328012176.00,0.001092
55976,93114210,WMT,21880,2022-05-23,122.600000,337368228.00,0.028523
55976,93114210,WMT,21880,2022-05-24,124.130000,341578451.40,0.012480
55976,93114210,WMT,21880,2022-05-25,123.370000,339487098.60,-0.006123
55976,93114210,WMT,21880,2022-05-26,126.000000,346724280.00,0.021318
55976,93114210,WMT,21880,2022-05-27,128.480000,353548694.40,0.019683
55976,93114210,WMT,21880,2022-05-31,128.630000,354090348.66,0.001167
55976,93114210,WMT,21880,2022-06-01,125.450000,345336501.90,-0.024722
55976,93114210,WMT,21880,2022-06-02,127.510000,351007232.82,0.016421
55976,93114210,WMT,21880,2022-06-03,125.320000,344978640.24,-0.017175
55976,93114210,WMT,21880,2022-06-06,124.870000,343739888.34,-0.003591
55976,93114210,WMT,21880,2022-06-07,123.370000,339610715.34,-0.012012
55976,93114210,WMT,21880,2022-06-08,122.300000,336665238.60,-0.008673
55976,93114210,WMT,21880,2022-06-09,121.020000,333141677.64,-0.010466
55976,93114210,WMT,21880,2022-06-10,121.700000,335013569.40,0.005619
55976,93114210,WMT,21880,2022-06-13,119.410000,328709698.62,-0.018817
55976,93114210,WMT,21880,2022-06-14,119.460000,328847337.72,0.000419
55976,93114210,WMT,21880,2022-06-15,119.380000,328627115.16,-0.000670
55976,93114210,WMT,21880,2022-06-16,120.620000,332040564.84,0.010387
55976,93114210,WMT,21880,2022-06-17,118.290000,325626582.78,-0.019317
55976,93114210,WMT,21880,2022-06-21,122.170000,336307376.94,0.032801
55976,93114210,WMT,21880,2022-06-22,120.690000,332233259.58,-0.012114
55976,93114210,WMT,21880,2022-06-23,123.620000,340298910.84,0.024277
55976,93114210,WMT,21880,2022-06-24,123.720000,340574189.04,0.000809
55976,93114210,WMT,21880,2022-06-27,124.120000,341675301.84,0.003233
55976,93114210,WMT,21880,2022-06-28,122.370000,336857933.34,-0.014099
55976,93114210,WMT,21880,2022-06-29,121.920000,335619181.44,-0.003677
55976,93114210,WMT,21880,2022-06-30,121.580000,333269017.00,-0.002789
55976,93114210,WMT,21880,2022-07-01,122.630000,336147224.50,0.008636
55976,93114210,WMT,21880,2022-07-05,124.250000,340587887.50,0.013210
55976,93114210,WMT,21880,2022-07-06,125.130000,343000099.50,0.007082
55976,93114210,WMT,21880,2022-07-07,125.320000,343520918.00,0.001518
55976,93114210,WMT,21880,2022-07-08,125.400000,343740210.00,0.000638
55976,93114210,WMT,21880,2022-07-11,125.450000,343877267.50,0.000399
55976,93114210,WMT,21880,2022-07-12,125.070000,342835630.50,-0.003029
55976,93114210,WMT,21880,2022-07-13,125.370000,343657975.50,0.002399
55976,93114210,WMT,21880,2022-07-14,127.820000,350373793.00,0.019542
55976,93114210,WMT,21880,2022-07-15,129.070000,353800230.50,0.009779
55976,93114210,WMT,21880,2022-07-18,128.770000,352977885.50,-0.002324
55976,93114210,WMT,21880,2022-07-19,129.560000,355143394.00,0.006135
55976,93114210,WMT,21880,2022-07-20,130.640000,358103836.00,0.008336
55976,93114210,WMT,21880,2022-07-21,132.550000,363339432.50,0.014620
55976,93114210,WMT,21880,2022-07-22,132.210000,362407441.50,-0.002565
55976,93114210,WMT,21880,2022-07-25,132.020000,361886623.00,-0.001437
55976,93114210,WMT,21880,2022-07-26,121.980000,334365477.00,-0.076049
55976,93114210,WMT,21880,2022-07-27,126.590000,347002178.50,0.037793
55976,93114210,WMT,21880,2022-07-28,129.750000,355664212.50,0.024962
55976,93114210,WMT,21880,2022-07-29,132.050000,361968857.50,0.017726
55976,93114210,WMT,21880,2022-08-01,132.540000,363312021.00,0.003711
55976,93114210,WMT,21880,2022-08-02,132.680000,363695782.00,0.001056
55976,93114210,WMT,21880,2022-08-03,130.500000,357720075.00,-0.016431
55976,93114210,WMT,21880,2022-08-04,125.570000,344206205.50,-0.037778
55976,93114210,WMT,21880,2022-08-05,126.580000,346974767.00,0.008043
55976,93114210,WMT,21880,2022-08-08,127.610000,349798151.50,0.008137
55976,93114210,WMT,21880,2022-08-09,128.870000,353252000.50,0.009874
55976,93114210,WMT,21880,2022-08-10,129.140000,353992111.00,0.002095
55976,93114210,WMT,21880,2022-08-11,129.820000,355856093.00,0.009602
55976,93114210,WMT,21880,2022-08-12,132.220000,362434853.00,0.018487
55976,93114210,WMT,21880,2022-08-15,132.600000,363476490.00,0.002874
55976,93114210,WMT,21880,2022-08-16,139.370000,382034075.50,0.051056
55976,93114210,WMT,21880,2022-08-17,139.520000,382445248.00,0.001076
55976,93114210,WMT,21880,2022-08-18,139.070000,381211730.50,-0.003225
55976,93114210,WMT,21880,2022-08-19,137.020000,375592373.00,-0.014741
55976,93114210,WMT,21880,2022-08-22,134.570000,368876555.50,-0.017881
55976,93114210,WMT,21880,2022-08-23,134.000000,367314100.00,-0.004236
55976,93114210,WMT,21880,2022-08-24,134.970000,369973015.50,0.007239
55976,93114210,WMT,21880,2022-08-25,135.870000,372440050.50,0.006668
55976,93114210,WMT,21880,2022-08-26,131.600000,360735340.00,-0.031427
55976,93114210,WMT,21880,2022-08-29,132.880000,364244012.00,0.009726
55976,93114210,WMT,21880,2022-08-30,132.480000,363147552.00,-0.003010
55976,93114210,WMT,21880,2022-08-31,132.550000,363339432.50,0.000528
55976,93114210,WMT,21880,2022-09-01,134.480000,368629852.00,0.014561
55976,93114210,WMT,21880,2022-09-02,133.000000,364572950.00,-0.011005
55976,93114210,WMT,21880,2022-09-06,132.340000,362763791.00,-0.004962
55976,93114210,WMT,21880,2022-09-07,135.740000,372083701.00,0.025691
55976,93114210,WMT,21880,2022-09-08,136.430000,373975094.50,0.005083
55976,93114210,WMT,21880,2022-09-09,136.840000,375098966.00,0.003005
55976,93114210,WMT,21880,2022-09-12,138.070000,378470580.50,0.008989
55976,93114210,WMT,21880,2022-09-13,135.220000,370658303.00,-0.020642
55976,93114210,WMT,21880,2022-09-14,134.920000,369835958.00,-0.002219
55976,93114210,WMT,21880,2022-09-15,133.470000,365861290.50,-0.010747
55976,93114210,WMT,21880,2022-09-16,133.190000,365093768.50,-0.002098
55976,93114210,WMT,21880,2022-09-19,134.330000,368218679.50,0.008559
55976,93114210,WMT,21880,2022-09-20,133.550000,366080582.50,-0.005807
55976,93114210,WMT,21880,2022-09-21,134.770000,369424785.50,0.009135
55976,93114210,WMT,21880,2022-09-22,133.390000,365641998.50,-0.010240
55976,93114210,WMT,21880,2022-09-23,130.060000,356513969.00,-0.024964
55976,93114210,WMT,21880,2022-09-26,131.310000,359940406.50,0.009611
55976,93114210,WMT,21880,2022-09-27,130.950000,358953592.50,-0.002742
55976,93114210,WMT,21880,2022-09-28,133.110000,364874476.50,0.016495
55976,93114210,WMT,21880,2022-09-29,132.250000,362517087.50,-0.006461
55976,93114210,WMT,21880,2022-09-30,129.700000,352036668.60,-0.019282
55976,93114210,WMT,21880,2022-10-03,132.530000,359717962.14,0.021820
55976,93114210,WMT,21880,2022-10-04,134.250000,364386451.50,0.012978
55976,93114210,WMT,21880,2022-10-05,132.920000,360776514.96,-0.009907
55976,93114210,WMT,21880,2022-10-06,131.680000,357410859.84,-0.009329
55976,93114210,WMT,21880,2022-10-07,128.560000,348942437.28,-0.023694
55976,93114210,WMT,21880,2022-10-10,129.320000,351005258.16,0.005912
55976,93114210,WMT,21880,2022-10-11,132.670000,360097955.46,0.025905
55976,93114210,WMT,21880,2022-10-12,131.170000,356026598.46,-0.011306
55976,93114210,WMT,21880,2022-10-13,132.280000,359039402.64,0.008462
55976,93114210,WMT,21880,2022-10-14,130.430000,354018062.34,-0.013985
55976,93114210,WMT,21880,2022-10-17,131.370000,356569446.06,0.007207
55976,93114210,WMT,21880,2022-10-18,134.140000,364087885.32,0.021085
55976,93114210,WMT,21880,2022-10-19,133.760000,363056474.88,-0.002833
55976,93114210,WMT,21880,2022-10-20,134.090000,363952173.42,0.002467
55976,93114210,WMT,21880,2022-10-21,136.800000,371307758.40,0.020210
55976,93114210,WMT,21880,2022-10-24,139.410000,378391919.58,0.019079
55976,93114210,WMT,21880,2022-10-25,140.070000,380183316.66,0.004734
55976,93114210,WMT,21880,2022-10-26,141.140000,383087551.32,0.007639
55976,93114210,WMT,21880,2022-10-27,140.730000,381974713.74,-0.002905
55976,93114210,WMT,21880,2022-10-28,142.510000,386806057.38,0.012648
55976,93114210,WMT,21880,2022-10-31,142.330000,386317494.54,-0.001263
55976,93114210,WMT,21880,2022-11-01,141.690000,384580382.22,-0.004497
55976,93114210,WMT,21880,2022-11-02,140.750000,382028998.50,-0.006634
55976,93114210,WMT,21880,2022-11-03,140.720000,381947571.36,-0.000213
55976,93114210,WMT,21880,2022-11-04,140.970000,382626130.86,0.001777
55976,93114210,WMT,21880,2022-11-07,142.450000,386643203.10,0.010499
55976,93114210,WMT,21880,2022-11-08,142.790000,387566044.02,0.002387
55976,93114210,WMT,21880,2022-11-09,139.470000,378554773.86,-0.023251
55976,93114210,WMT,21880,2022-11-10,142.360000,386398921.68,0.020721
55976,93114210,WMT,21880,2022-11-11,142.580000,386996054.04,0.001545
55976,93114210,WMT,21880,2022-11-14,138.390000,375623396.82,-0.029387
55976,93114210,WMT,21880,2022-11-15,147.440000,400187250.72,0.065395
55976,93114210,WMT,21880,2022-11-16,148.500000,403064343.00,0.007189
55976,93114210,WMT,21880,2022-11-17,148.000000,401707224.00,-0.003367
55976,93114210,WMT,21880,2022-11-18,150.230000,407759974.74,0.015068
55976,93114210,WMT,21880,2022-11-21,151.150000,410257073.70,0.006124
55976,93114210,WMT,21880,2022-11-22,151.690000,411722762.22,0.003573
55976,93114210,WMT,21880,2022-11-23,152.420000,413704155.96,0.004812
55976,93114210,WMT,21880,2022-11-25,153.070000,415468410.66,0.004265
55976,93114210,WMT,21880,2022-11-28,153.510000,416662675.38,0.002875
55976,93114210,WMT,21880,2022-11-29,152.970000,415196986.86,-0.003518
55976,93114210,WMT,21880,2022-11-30,152.420000,413704155.96,-0.003595
55976,93114210,WMT,21880,2022-12-01,153.370000,416282682.06,0.006233
55976,93114210,WMT,21880,2022-12-02,153.220000,415875546.36,-0.000978
55976,93114210,WMT,21880,2022-12-05,151.650000,411614192.70,-0.010247
55976,93114210,WMT,21880,2022-12-06,149.890000,406837133.82,-0.011606
55976,93114210,WMT,21880,2022-12-07,149.110000,404720028.18,-0.005204
55976,93114210,WMT,21880,2022-12-08,148.780000,403824329.64,0.001542
55976,93114210,WMT,21880,2022-12-09,145.310000,394405923.78,-0.023323
55976,93114210,WMT,21880,2022-12-12,148.020000,401761508.76,0.018650
55976,93114210,WMT,21880,2022-12-13,147.490000,400322962.62,-0.003581
55976,93114210,WMT,21880,2022-12-14,146.670000,398097287.46,-0.005560
55976,93114210,WMT,21880,2022-12-15,145.360000,394541635.68,-0.008932
55976,93114210,WMT,21880,2022-12-16,142.750000,387457474.50,-0.017955
55976,93114210,WMT,21880,2022-12-19,142.800000,387593186.40,0.000350
55976,93114210,WMT,21880,2022-12-20,144.050000,390985983.90,0.008754
55976,93114210,WMT,21880,2022-12-21,145.180000,394053072.84,0.007844
55976,93114210,WMT,21880,2022-12-22,143.480000,389438868.24,-0.011710
55976,93114210,WMT,21880,2022-12-23,143.770000,390225997.26,0.002021
55976,93114210,WMT,21880,2022-12-27,143.810000,390334566.78,0.000278
55976,93114210,WMT,21880,2022-12-28,141.290000,383494687.02,-0.017523
55976,93114210,WMT,21880,2022-12-29,142.150000,385828931.70,0.006087
55976,93114210,WMT,21880,2022-12-30,141.790000,382379272.00,-0.002533
55976,93114210,WMT,21880,2023-01-03,143.600000,387260480.00,0.012765
55976,93114210,WMT,21880,2023-01-04,143.760000,387691968.00,0.001114
55976,93114210,WMT,21880,2023-01-05,143.270000,386370536.00,-0.003408
55976,93114210,WMT,21880,2023-01-06,146.780000,395836304.00,0.024499
55976,93114210,WMT,21880,2023-01-09,144.950000,390901160.00,-0.012468
55976,93114210,WMT,21880,2023-01-10,144.860000,390658448.00,-0.000621
55976,93114210,WMT,21880,2023-01-11,146.130000,394083384.00,0.008767
55976,93114210,WMT,21880,2023-01-12,144.810000,390523608.00,-0.009033
55976,93114210,WMT,21880,2023-01-13,145.290000,391818072.00,0.003315
55976,93114210,WMT,21880,2023-01-17,144.410000,389444888.00,-0.006057
55976,93114210,WMT,21880,2023-01-18,140.840000,379817312.00,-0.024721
55976,93114210,WMT,21880,2023-01-19,138.830000,374396744.00,-0.014272
55976,93114210,WMT,21880,2023-01-20,140.540000,379008272.00,0.012317
55976,93114210,WMT,21880,2023-01-23,142.640000,384671552.00,0.014942
55976,93114210,WMT,21880,2023-01-24,143.020000,385696336.00,0.002664
55976,93114210,WMT,21880,2023-01-25,142.340000,383862512.00,-0.004755
55976,93114210,WMT,21880,2023-01-26,142.210000,383511928.00,-0.000913
55976,93114210,WMT,21880,2023-01-27,143.300000,386451440.00,0.007665
55976,93114210,WMT,21880,2023-01-30,142.150000,383350120.00,-0.008025
55976,93114210,WMT,21880,2023-01-31,143.870000,387988616.00,0.012100
55976,93114210,WMT,21880,2023-02-01,144.670000,390146056.00,0.005561
55976,93114210,WMT,21880,2023-02-02,143.620000,387314416.00,-0.007258
55976,93114210,WMT,21880,2023-02-03,141.710000,382163528.00,-0.013299
55976,93114210,WMT,21880,2023-02-06,140.680000,379385824.00,-0.007268
55976,93114210,WMT,21880,2023-02-07,140.980000,380194864.00,0.002132
55976,93114210,WMT,21880,2023-02-08,140.220000,378145296.00,-0.005391
55976,93114210,WMT,21880,2023-02-09,141.520000,381651136.00,0.009271
55976,93114210,WMT,21880,2023-02-10,143.720000,387584096.00,0.015546
55976,93114210,WMT,21880,2023-02-13,145.910000,393490088.00,0.015238
55976,93114210,WMT,21880,2023-02-14,145.490000,392357432.00,-0.002878
55976,93114210,WMT,21880,2023-02-15,146.570000,395269976.00,0.007423
55976,93114210,WMT,21880,2023-02-16,144.270000,389067336.00,-0.015692
55976,93114210,WMT,21880,2023-02-17,146.440000,394919392.00,0.015041
55976,93114210,WMT,21880,2023-02-21,147.330000,397319544.00,0.006078
55976,93114210,WMT,21880,2023-02-22,144.240000,388986432.00,-0.020973
55976,93114210,WMT,21880,2023-02-23,142.090000,383188312.00,-0.014906
55976,93114210,WMT,21880,2023-02-24,142.470000,384213096.00,0.002674
55976,93114210,WMT,21880,2023-02-27,141.440000,381435392.00,-0.007230
55976,93114210,WMT,21880,2023-02-28,142.130000,383296184.00,0.004878
55976,93114210,WMT,21880,2023-03-01,140.150000,377956520.00,-0.013931
55976,93114210,WMT,21880,2023-03-02,140.500000,378900400.00,0.002497
55976,93114210,WMT,21880,2023-03-03,140.670000,379358856.00,0.001210
55976,93114210,WMT,21880,2023-03-06,140.650000,379304920.00,-0.000142
55976,93114210,WMT,21880,2023-03-07,139.250000,375529400.00,-0.009954
55976,93114210,WMT,21880,2023-03-08,138.100000,372428080.00,-0.008259
55976,93114210,WMT,21880,2023-03-09,137.170000,369920056.00,-0.006734
55976,93114210,WMT,21880,2023-03-10,136.970000,369380696.00,-0.001458
55976,93114210,WMT,21880,2023-03-13,137.370000,370459416.00,0.002920
55976,93114210,WMT,21880,2023-03-14,138.100000,372428080.00,0.005314
55976,93114210,WMT,21880,2023-03-15,139.640000,376581152.00,0.011151
55976,93114210,WMT,21880,2023-03-16,138.280000,372913504.00,-0.005657
55976,93114210,WMT,21880,2023-03-17,139.400000,375933920.00,0.008100
55976,93114210,WMT,21880,2023-03-20,140.900000,379979120.00,0.010760
55976,93114210,WMT,21880,2023-03-21,140.420000,378684656.00,-0.003407
55976,93114210,WMT,21880,2023-03-22,139.520000,376257536.00,-0.006409
55976,93114210,WMT,21880,2023-03-23,140.650000,379304920.00,0.008099
55976,93114210,WMT,21880,2023-03-24,141.800000,382406240.00,0.008176
55976,93114210,WMT,21880,2023-03-27,144.170000,388797656.00,0.016714
55976,93114210,WMT,21880,2023-03-28,143.610000,387287448.00,-0.003884
55976,93114210,WMT,21880,2023-03-29,144.230000,388959464.00,0.004317
55976,93114210,WMT,21880,2023-03-30,145.670000,392842856.00,0.009984
55976,93114210,WMT,21880,2023-03-31,147.450000,397474477.20,0.012219
55976,93114210,WMT,21880,2023-04-03,148.690000,400817090.64,0.008410
55976,93114210,WMT,21880,2023-04-04,147.230000,396881432.88,-0.009819
55976,93114210,WMT,21880,2023-04-05,149.670000,403458833.52,0.016573
55976,93114210,WMT,21880,2023-04-06,150.800000,406504924.80,0.007550
55976,93114210,WMT,21880,2023-04-10,150.510000,405723184.56,-0.001923
55976,93114210,WMT,21880,2023-04-11,150.070000,404537095.92,-0.002923
55976,93114210,WMT,21880,2023-04-12,149.340000,402569267.04,-0.004864
55976,93114210,WMT,21880,2023-04-13,149.490000,402973615.44,0.001004
55976,93114210,WMT,21880,2023-04-14,148.480000,400251002.88,-0.006756
55976,93114210,WMT,21880,2023-04-17,149.520000,403054485.12,0.007004
55976,93114210,WMT,21880,2023-04-18,149.850000,403944051.60,0.002207
55976,93114210,WMT,21880,2023-04-19,150.010000,404375356.56,0.001068
55976,93114210,WMT,21880,2023-04-20,150.970000,406963186.32,0.006400
55976,93114210,WMT,21880,2023-04-21,151.730000,409011884.88,0.005034
55976,93114210,WMT,21880,2023-04-24,152.760000,411788410.56,0.006788
55976,93114210,WMT,21880,2023-04-25,151.570000,408580579.92,-0.007790
55976,93114210,WMT,21880,2023-04-26,150.910000,406801446.96,-0.004354
55976,93114210,WMT,21880,2023-04-27,151.380000,408068405.28,0.003114
55976,93114210,WMT,21880,2023-04-28,150.970000,406963186.32,-0.002708
55976,93114210,WMT,21880,2023-05-01,151.590000,408634493.04,0.004107
55976,93114210,WMT,21880,2023-05-02,151.180000,407529274.08,-0.002705
55976,93114210,WMT,21880,2023-05-03,150.620000,406019706.72,-0.003704
55976,93114210,WMT,21880,2023-05-04,150.470000,405615358.32,0.002788
55976,93114210,WMT,21880,2023-05-05,151.770000,409119711.12,0.008640
55976,93114210,WMT,21880,2023-05-08,152.720000,411680584.32,0.006259
55976,93114210,WMT,21880,2023-05-09,152.980000,412381454.88,0.001702
55976,93114210,WMT,21880,2023-05-10,152.550000,411222322.80,-0.002811
55976,93114210,WMT,21880,2023-05-11,153.120000,412758846.72,0.003736
55976,93114210,WMT,21880,2023-05-12,153.070000,412624063.92,-0.000327
55976,93114210,WMT,21880,2023-05-15,151.880000,409416233.28,-0.007774
55976,93114210,WMT,21880,2023-05-16,149.780000,403755355.68,-0.013827
55976,93114210,WMT,21880,2023-05-17,149.530000,403081441.68,-0.001669
55976,93114210,WMT,21880,2023-05-18,151.470000,408311014.32,0.012974
55976,93114210,WMT,21880,2023-05-19,149.910000,404105790.96,-0.010299
55976,93114210,WMT,21880,2023-05-22,148.590000,400547525.04,-0.008805
55976,93114210,WMT,21880,2023-05-23,148.310000,399792741.36,-0.001884
55976,93114210,WMT,21880,2023-05-24,147.630000,397959695.28,-0.004585
55976,93114210,WMT,21880,2023-05-25,146.160000,393997080.96,-0.009957
55976,93114210,WMT,21880,2023-05-26,146.420000,394697951.52,0.001779
55976,93114210,WMT,21880,2023-05-30,146.060000,393727515.36,-0.002459
55976,93114210,WMT,21880,2023-05-31,146.870000,395910996.72,0.005546
55976,93114210,WMT,21880,2023-06-01,147.410000,397366650.96,0.003677
55976,93114210,WMT,21880,2023-06-02,148.820000,401167525.92,0.009565
55976,93114210,WMT,21880,2023-06-05,149.800000,403809268.80,0.006585
55976,93114210,WMT,21880,2023-06-06,149.780000,403755355.68,-0.000134
55976,93114210,WMT,21880,2023-06-07,150.000000,404348400.00,0.001469
55976,93114210,WMT,21880,2023-06-08,152.170000,410197973.52,0.014467
55976,93114210,WMT,21880,2023-06-09,153.090000,412677977.04,0.006046
55976,93114210,WMT,21880,2023-06-12,154.100000,415400589.60,0.006597
55976,93114210,WMT,21880,2023-06-13,155.300000,418635376.80,0.007787
55976,93114210,WMT,21880,2023-06-14,156.870000,422867556.72,0.010109
55976,93114210,WMT,21880,2023-06-15,157.730000,425185820.88,0.005482
55976,93114210,WMT,21880,2023-06-16,155.530000,419255377.68,-0.013948
55976,93114210,WMT,21880,2023-06-20,154.160000,415562328.96,-0.008809
55976,93114210,WMT,21880,2023-06-21,154.460000,416371025.76,0.001946
55976,93114210,WMT,21880,2023-06-22,155.750000,419848422.00,0.008352
55976,93114210,WMT,21880,2023-06-23,155.460000,419066681.76,-0.001862
55976,93114210,WMT,21880,2023-06-26,155.050000,417961462.80,-0.002637
55976,93114210,WMT,21880,2023-06-27,154.490000,416451895.44,-0.003612
55976,93114210,WMT,21880,2023-06-28,155.330000,418716246.48,0.005437
55976,93114210,WMT,21880,2023-06-29,154.280000,415885807.68,-0.006760
55976,93114210,WMT,21880,2023-06-30,157.180000,423259805.30,0.018797
55976,93114210,WMT,21880,2023-07-03,158.200000,426006497.00,0.006489
55976,93114210,WMT,21880,2023-07-05,158.110000,425764141.85,-0.000569
55976,93114210,WMT,21880,2023-07-06,157.110000,423071306.85,-0.006325
55976,93114210,WMT,21880,2023-07-07,153.490000,413323244.15,-0.023041
55976,93114210,WMT,21880,2023-07-10,154.880000,417066284.80,0.009056
55976,93114210,WMT,21880,2023-07-11,154.650000,416446932.75,-0.001485
55976,93114210,WMT,21880,2023-07-12,155.040000,417497138.40,0.002522
55976,93114210,WMT,21880,2023-07-13,154.130000,415046658.55,-0.005869
55976,93114210,WMT,21880,2023-07-14,154.660000,416473861.10,0.003439
55976,93114210,WMT,21880,2023-07-17,154.850000,416985499.75,0.001229
55976,93114210,WMT,21880,2023-07-18,154.570000,416231505.95,-0.001808
55976,93114210,WMT,21880,2023-07-19,154.620000,416366147.70,0.000323
55976,93114210,WMT,21880,2023-07-20,157.480000,424067655.80,0.018497
55976,93114210,WMT,21880,2023-07-21,158.370000,426464278.95,0.005652
55976,93114210,WMT,21880,2023-07-24,159.300000,428968615.50,0.005872
55976,93114210,WMT,21880,2023-07-25,159.170000,428618546.95,-0.000816
55976,93114210,WMT,21880,2023-07-26,159.740000,430153462.90,0.003581
55976,93114210,WMT,21880,2023-07-27,159.160000,428591618.60,-0.003631
55976,93114210,WMT,21880,2023-07-28,159.910000,430611244.85,0.004712
55976,93114210,WMT,21880,2023-07-31,159.860000,430476603.10,-0.000313
55976,93114210,WMT,21880,2023-08-01,159.110000,428456976.85,-0.004692
55976,93114210,WMT,21880,2023-08-02,159.220000,428753188.70,0.000691
55976,93114210,WMT,21880,2023-08-03,159.260000,428860902.10,0.000251
55976,93114210,WMT,21880,2023-08-04,158.340000,426383493.90,-0.005777
55976,93114210,WMT,21880,2023-08-07,160.490000,432173089.15,0.013578
55976,93114210,WMT,21880,2023-08-08,160.650000,432603942.75,0.000997
55976,93114210,WMT,21880,2023-08-09,160.910000,433304079.85,0.001618
55976,93114210,WMT,21880,2023-08-10,160.260000,431553737.10,-0.000497
55976,93114210,WMT,21880,2023-08-11,161.200000,434085002.00,0.005865
55976,93114210,WMT,21880,2023-08-14,160.000000,430853600.00,-0.007444
55976,93114210,WMT,21880,2023-08-15,159.180000,428645475.30,-0.005125
55976,93114210,WMT,21880,2023-08-16,159.260000,428860902.10,0.000503
55976,93114210,WMT,21880,2023-08-17,155.690000,419247481.15,-0.022416
55976,93114210,WMT,21880,2023-08-18,157.930000,425279431.55,0.014388
55976,93114210,WMT,21880,2023-08-21,157.510000,424148440.85,-0.002659
55976,93114210,WMT,21880,2023-08-22,157.010000,422802023.35,-0.003174
55976,93114210,WMT,21880,2023-08-23,158.100000,425737213.50,0.006942
55976,93114210,WMT,21880,2023-08-24,156.890000,422478883.15,-0.007653
55976,93114210,WMT,21880,2023-08-25,157.820000,424983219.70,0.005928
55976,93114210,WMT,21880,2023-08-28,158.720000,427406771.20,0.005703
55976,93114210,WMT,21880,2023-08-29,160.050000,430988241.75,0.008380
55976,93114210,WMT,21880,2023-08-30,161.200000,434085002.00,0.007185
55976,93114210,WMT,21880,2023-08-31,162.610000,437881899.35,0.008747
55976,93114210,WMT,21880,2023-09-01,161.570000,435081350.95,-0.006396
55976,93114210,WMT,21880,2023-09-05,160.270000,431580665.45,-0.008046
55976,93114210,WMT,21880,2023-09-06,161.470000,434812067.45,0.007487
55976,93114210,WMT,21880,2023-09-07,163.470000,440197737.45,0.012386
55976,93114210,WMT,21880,2023-09-08,163.770000,441005587.95,0.001835
55976,93114210,WMT,21880,2023-09-11,164.340000,442540503.90,0.003480
55976,93114210,WMT,21880,2023-09-12,164.520000,443025214.20,0.001095
55976,93114210,WMT,21880,2023-09-13,164.560000,443132927.60,0.000243
55976,93114210,WMT,21880,2023-09-14,165.250000,444990983.75,0.004193
55976,93114210,WMT,21880,2023-09-15,164.640000,443348354.40,-0.003691
55976,93114210,WMT,21880,2023-09-18,163.420000,440063095.70,-0.007410
55976,93114210,WMT,21880,2023-09-19,163.380000,439955382.30,-0.000245
55976,93114210,WMT,21880,2023-09-20,163.910000,441382584.85,0.003244
55976,93114210,WMT,21880,2023-09-21,161.920000,436023843.20,-0.012141
55976,93114210,WMT,21880,2023-09-22,162.350000,437181762.25,0.002656
55976,93114210,WMT,21880,2023-09-25,163.070000,439120603.45,0.004435
55976,93114210,WMT,21880,2023-09-26,162.500000,437585687.50,-0.003495
55976,93114210,WMT,21880,2023-09-27,161.720000,435485276.20,-0.004800
55976,93114210,WMT,21880,2023-09-28,162.540000,437693400.90,0.005070
55976,93114210,WMT,21880,2023-09-29,159.930000,430461830.52,-0.016058
55976,93114210,WMT,21880,2023-10-02,160.100000,430919396.40,0.001063
55976,93114210,WMT,21880,2023-10-03,159.090000,428200916.76,-0.006309
55976,93114210,WMT,21880,2023-10-04,161.000000,433341804.00,0.012006
55976,93114210,WMT,21880,2023-10-05,159.080000,428174001.12,-0.011925
55976,93114210,WMT,21880,2023-10-06,156.410000,420987525.24,-0.016784
55976,93114210,WMT,21880,2023-10-09,155.840000,419453333.76,-0.003644
55976,93114210,WMT,21880,2023-10-10,157.600000,424190486.40,0.011294
55976,93114210,WMT,21880,2023-10-11,158.230000,425886171.72,0.003997
55976,93114210,WMT,21880,2023-10-12,158.950000,427824097.80,0.004550
55976,93114210,WMT,21880,2023-10-13,159.830000,430192674.12,0.005536
55976,93114210,WMT,21880,2023-10-16,161.210000,433907032.44,0.008634
55976,93114210,WMT,21880,2023-10-17,161.420000,434472260.88,0.001303
55976,93114210,WMT,21880,2023-10-18,161.540000,434795248.56,0.000743
55976,93114210,WMT,21880,2023-10-19,160.770000,432722744.28,-0.004767
55976,93114210,WMT,21880,2023-10-20,158.760000,427312700.64,-0.012502
55976,93114210,WMT,21880,2023-10-23,161.010000,433368719.64,0.014172
55976,93114210,WMT,21880,2023-10-24,163.250000,439397823.00,0.013912
55976,93114210,WMT,21880,2023-10-25,162.760000,438078956.64,-0.003002
55976,93114210,WMT,21880,2023-10-26,161.770000,435414308.28,-0.006083
55976,93114210,WMT,21880,2023-10-27,161.170000,433799369.88,-0.003709
55976,93114210,WMT,21880,2023-10-30,163.020000,438778763.28,0.011479
55976,93114210,WMT,21880,2023-10-31,163.410000,439828473.24,0.002392
55976,93114210,WMT,21880,2023-11-01,164.870000,443758156.68,0.008935
55976,93114210,WMT,21880,2023-11-02,165.520000,445507673.28,0.003943
55976,93114210,WMT,21880,2023-11-03,164.660000,443192928.24,-0.005196
55976,93114210,WMT,21880,2023-11-06,164.880000,443785072.32,0.001336
55976,93114210,WMT,21880,2023-11-07,165.650000,445857576.60,0.004670
55976,93114210,WMT,21880,2023-11-08,164.300000,442223965.20,-0.008150
55976,93114210,WMT,21880,2023-11-09,163.920000,441201170.88,-0.002313
55976,93114210,WMT,21880,2023-11-10,166.190000,447311021.16,0.013848
55976,93114210,WMT,21880,2023-11-13,167.680000,451321451.52,0.008966
55976,93114210,WMT,21880,2023-11-14,167.650000,451240704.60,-0.000179
55976,93114210,WMT,21880,2023-11-15,169.780000,456973735.92,0.012705
55976,93114210,WMT,21880,2023-11-16,156.040000,419991646.56,-0.080928
55976,93114210,WMT,21880,2023-11-17,155.350000,418134467.40,-0.004422
55976,93114210,WMT,21880,2023-11-20,155.300000,417999889.20,-0.000322
55976,93114210,WMT,21880,2023-11-21,155.860000,419507165.04,0.003606
55976,93114210,WMT,21880,2023-11-22,154.670000,416304203.88,-0.007635
55976,93114210,WMT,21880,2023-11-24,156.060000,420045477.84,0.008987
55976,93114210,WMT,21880,2023-11-27,156.770000,421956488.28,0.004550
55976,93114210,WMT,21880,2023-11-28,158.640000,426989712.96,0.011928
55976,93114210,WMT,21880,2023-11-29,156.080000,420099309.12,-0.016137
55976,93114210,WMT,21880,2023-11-30,155.690000,419049599.16,-0.002499
55976,93114210,WMT,21880,2023-12-01,154.340000,415415987.76,-0.008671
55976,93114210,WMT,21880,2023-12-04,154.300000,415308325.20,-0.000259
55976,93114210,WMT,21880,2023-12-05,155.730000,419157261.72,0.009268
55976,93114210,WMT,21880,2023-12-06,154.040000,414608518.56,-0.010852
55976,93114210,WMT,21880,2023-12-07,152.460000,410355847.44,-0.006557
55976,93114210,WMT,21880,2023-12-08,150.860000,406049345.04,-0.010495
55976,93114210,WMT,21880,2023-12-11,151.240000,407072139.36,0.002519
55976,93114210,WMT,21880,2023-12-12,151.360000,407395127.04,0.000793
55976,93114210,WMT,21880,2023-12-13,154.050000,414635434.20,0.017772
55976,93114210,WMT,21880,2023-12-14,152.170000,409575293.88,-0.012204
55976,93114210,WMT,21880,2023-12-15,152.740000,411109485.36,0.003746
55976,93114210,WMT,21880,2023-12-18,154.970000,417111673.08,0.014600
55976,93114210,WMT,21880,2023-12-19,155.530000,418618948.92,0.003614
55976,93114210,WMT,21880,2023-12-20,153.710000,413720302.44,-0.011702
55976,93114210,WMT,21880,2023-12-21,154.800000,416654107.20,0.007091
55976,93114210,WMT,21880,2023-12-22,156.650000,421633500.60,0.011951
55976,93114210,WMT,21880,2023-12-26,156.410000,420987525.24,-0.001532
55976,93114210,WMT,21880,2023-12-27,157.880000,424944124.32,0.009398
55976,93114210,WMT,21880,2023-12-28,157.570000,424109739.48,-0.001964
55976,93114210,WMT,21880,2023-12-29,157.650000,424430690.10,0.000508
55976,93114210,WMT,21880,2024-01-02,159.290000,428845953.86,0.010403
55976,93114210,WMT,21880,2024-01-03,159.300000,428872876.20,0.000063
55976,93114210,WMT,21880,2024-01-04,157.760000,424726835.84,-0.009667
55976,93114210,WMT,21880,2024-01-05,156.710000,421899990.14,-0.006656
55976,93114210,WMT,21880,2024-01-08,158.250000,426046030.50,0.009827
55976,93114210,WMT,21880,2024-01-09,159.310000,428899798.54,0.006698
55976,93114210,WMT,21880,2024-01-10,161.290000,434230421.86,0.012429
55976,93114210,WMT,21880,2024-01-11,161.110000,433745819.74,-0.001116
55976,93114210,WMT,21880,2024-01-12,161.320000,434311188.88,0.001303
55976,93114210,WMT,21880,2024-01-16,161.830000,435684228.22,0.003161
55976,93114210,WMT,21880,2024-01-17,161.070000,433638130.38,-0.004696
55976,93114210,WMT,21880,2024-01-18,163.240000,439480278.16,0.013472
55976,93114210,WMT,21880,2024-01-19,162.380000,437164956.92,-0.005268
55976,93114210,WMT,21880,2024-01-22,162.390000,437191879.26,0.000062
55976,93114210,WMT,21880,2024-01-23,162.800000,438295695.20,0.002525
55976,93114210,WMT,21880,2024-01-24,160.500000,432103557.00,-0.014128
55976,93114210,WMT,21880,2024-01-25,162.840000,438403384.56,0.014579
55976,93114210,WMT,21880,2024-01-26,164.270000,442253279.18,0.008782
55976,93114210,WMT,21880,2024-01-29,165.040000,444326299.36,0.004687
55976,93114210,WMT,21880,2024-01-30,165.590000,445807028.06,0.003333
55976,93114210,WMT,21880,2024-01-31,165.250000,444891668.50,-0.002053
55976,93114210,WMT,21880,2024-02-01,168.310000,453129904.54,0.018517
55976,93114210,WMT,21880,2024-02-02,169.570000,456522119.38,0.007486
55976,93114210,WMT,21880,2024-02-05,168.660000,454072186.44,-0.005367
55976,93114210,WMT,21880,2024-02-06,169.810000,457168255.54,0.006818
55976,93114210,WMT,21880,2024-02-07,169.380000,456010594.92,-0.002532
55976,93114210,WMT,21880,2024-02-08,169.370000,455983672.58,-0.000059
55976,93114210,WMT,21880,2024-02-09,169.280000,455741371.52,-0.000531
55976,93114210,WMT,21880,2024-02-12,170.300000,458487450.20,0.006026
55976,93114210,WMT,21880,2024-02-13,169.140000,455364458.76,-0.006812
55976,93114210,WMT,21880,2024-02-14,168.600000,453910652.40,-0.003193
55976,93114210,WMT,21880,2024-02-15,169.290000,455768293.86,0.004093
55976,93114210,WMT,21880,2024-02-16,170.360000,458648984.24,0.006321
55976,93114210,WMT,21880,2024-02-20,175.860000,473456271.24,0.032285
55976,93114210,WMT,21880,2024-02-21,173.700000,467641045.80,-0.012282
55976,93114210,WMT,21880,2024-02-22,175.410000,472244765.94,0.009845
55976,93114210,WMT,21880,2024-02-23,175.560000,472648601.04,0.000855
55976,93114210,WMT,21880,2024-02-26,59.600000,481371439.20,0.018455
55976,93114210,WMT,21880,2024-02-27,59.590000,481290672.18,-0.000168
55976,93114210,WMT,21880,2024-02-28,59.620000,481532973.24,0.000503
55976,93114210,WMT,21880,2024-02-29,58.610000,471974139.12,-0.016941
55976,93114210,WMT,21880,2024-03-01,58.760000,473182057.92,0.002559
55976,93114210,WMT,21880,2024-03-04,59.300000,477530565.60,0.009190
55976,93114210,WMT,21880,2024-03-05,60.040000,483489631.68,0.012479
55976,93114210,WMT,21880,2024-03-06,60.570000,487757611.44,0.008827
55976,93114210,WMT,21880,2024-03-07,60.360000,486066525.12,-0.003467
55976,93114210,WMT,21880,2024-03-08,60.120000,484133855.04,-0.003976
55976,93114210,WMT,21880,2024-03-11,60.660000,488482362.72,0.008982
55976,93114210,WMT,21880,2024-03-12,61.410000,494521956.72,0.012364
55976,93114210,WMT,21880,2024-03-13,61.280000,493475093.76,-0.002117
55976,93114210,WMT,21880,2024-03-14,61.020000,491381367.84,-0.000857
55976,93114210,WMT,21880,2024-03-15,60.680000,488643418.56,-0.005572
55976,93114210,WMT,21880,2024-03-18,60.860000,490092921.12,0.002966
55976,93114210,WMT,21880,2024-03-19,60.870000,490173449.04,0.000164
55976,93114210,WMT,21880,2024-03-20,61.250000,493233510.00,0.006243
55976,93114210,WMT,21880,2024-03-21,61.450000,494844068.40,0.003265
55976,93114210,WMT,21880,2024-03-22,60.870000,490173449.04,-0.009439
55976,93114210,WMT,21880,2024-03-25,60.570000,487757611.44,-0.004929
55976,93114210,WMT,21880,2024-03-26,60.510000,487274443.92,-0.000991
55976,93114210,WMT,21880,2024-03-27,60.720000,488965530.24,0.003471
55976,93114210,WMT,21880,2024-03-28,60.170000,484536494.64,-0.009058
55976,93114210,WMT,21880,2024-04-01,60.000000,483167520.00,-0.002825
55976,93114210,WMT,21880,2024-04-02,59.160000,476403174.72,-0.014000
55976,93114210,WMT,21880,2024-04-03,59.430000,478577428.56,0.004564
55976,93114210,WMT,21880,2024-04-04,59.500000,479141124.00,0.001178
55976,93114210,WMT,21880,2024-04-05,59.850000,481959601.20,0.005882
55976,93114210,WMT,21880,2024-04-08,59.780000,481395905.76,-0.001170
55976,93114210,WMT,21880,2024-04-09,59.790000,481476433.68,0.000167
55976,93114210,WMT,21880,2024-04-10,60.620000,488160251.04,0.013882
55976,93114210,WMT,21880,2024-04-11,60.090000,483892271.28,-0.008743
55976,93114210,WMT,21880,2024-04-12,60.140000,484294910.88,0.000832
55976,93114210,WMT,21880,2024-04-15,59.930000,482603824.56,-0.003492
55976,93114210,WMT,21880,2024-04-16,59.840000,481879073.28,-0.001502
55976,93114210,WMT,21880,2024-04-17,59.650000,480349042.80,-0.003175
55976,93114210,WMT,21880,2024-04-18,59.260000,477208453.92,-0.006538
55976,93114210,WMT,21880,2024-04-19,59.530000,479382707.76,0.004556
55976,93114210,WMT,21880,2024-04-22,60.140000,484294910.88,0.010247
55976,93114210,WMT,21880,2024-04-23,59.090000,475839479.28,-0.017459
55976,93114210,WMT,21880,2024-04-24,59.870000,482120657.04,0.013200
55976,93114210,WMT,21880,2024-04-25,60.210000,484858606.32,0.005679
55976,93114210,WMT,21880,2024-04-26,60.160000,484455966.72,-0.000830
55976,93114210,WMT,21880,2024-04-29,60.240000,485100190.08,0.001330
55976,93114210,WMT,21880,2024-04-30,59.350000,478348773.90,-0.014774
55976,93114210,WMT,21880,2024-05-01,58.850000,474318876.90,-0.008425
55976,93114210,WMT,21880,2024-05-02,59.710000,481250299.74,0.014613
55976,93114210,WMT,21880,2024-05-03,59.820000,482136877.08,0.001842
55976,93114210,WMT,21880,2024-05-06,59.870000,482539866.78,0.000836
55976,93114210,WMT,21880,2024-05-07,60.620000,488584712.28,0.012527
55976,93114210,WMT,21880,2024-05-08,60.300000,486005578.20,-0.005279
55976,93114210,WMT,21880,2024-05-09,60.440000,487133949.36,0.005763
55976,93114210,WMT,21880,2024-05-10,60.480000,487456341.12,0.000662
55976,93114210,WMT,21880,2024-05-13,60.410000,486892155.54,-0.001157
55976,93114210,WMT,21880,2024-05-14,59.860000,482459268.84,-0.009104
55976,93114210,WMT,21880,2024-05-15,59.830000,482217475.02,-0.000501
55976,93114210,WMT,21880,2024-05-16,64.010000,515907413.94,0.069865
55976,93114210,WMT,21880,2024-05-17,64.650000,521065682.10,0.009998
55976,93114210,WMT,21880,2024-05-20,64.180000,517277578.92,-0.007270
55976,93114210,WMT,21880,2024-05-21,65.150000,525095579.10,0.015114
55976,93114210,WMT,21880,2024-05-22,65.250000,525901558.50,0.001535
55976,93114210,WMT,21880,2024-05-23,64.840000,522597042.96,-0.006284
55976,93114210,WMT,21880,2024-05-24,65.380000,526949331.72,0.008328
55976,93114210,WMT,21880,2024-05-28,65.040000,524209001.76,-0.005200
55976,93114210,WMT,21880,2024-05-29,64.920000,523241826.48,-0.001845
55976,93114210,WMT,21880,2024-05-30,64.890000,523000032.66,-0.000462
55976,93114210,WMT,21880,2024-05-31,65.760000,530012053.44,0.013407
55976,93114210,WMT,21880,2024-06-03,65.820000,530495641.08,0.000912
55976,93114210,WMT,21880,2024-06-04,66.600000,536782280.40,0.011851
55976,93114210,WMT,21880,2024-06-05,67.090000,540731579.46,0.007357
55976,93114210,WMT,21880,2024-06-06,67.150000,541215167.10,0.000894
55976,93114210,WMT,21880,2024-06-07,65.880000,530979228.72,-0.018913
55976,93114210,WMT,21880,2024-06-10,66.960000,539683806.24,0.016393
55976,93114210,WMT,21880,2024-06-11,66.730000,537830053.62,-0.003435
55976,93114210,WMT,21880,2024-06-12,66.310000,534444940.14,-0.006294
55976,93114210,WMT,21880,2024-06-13,66.700000,537588259.80,0.005881
55976,93114210,WMT,21880,2024-06-14,67.020000,540167393.88,0.004798
55976,93114210,WMT,21880,2024-06-17,67.420000,543391311.48,0.005968
55976,93114210,WMT,21880,2024-06-18,67.600000,544842074.40,0.002670
55976,93114210,WMT,21880,2024-06-20,68.010000,548146589.94,0.006065
55976,93114210,WMT,21880,2024-06-21,67.910000,547340610.54,-0.001470
55976,93114210,WMT,21880,2024-06-24,68.900000,555319806.60,0.014578
55976,93114210,WMT,21880,2024-06-25,67.420000,543391311.48,-0.021480
55976,93114210,WMT,21880,2024-06-26,68.290000,550403332.26,0.012904
55976,93114210,WMT,21880,2024-06-27,67.880000,547098816.72,-0.006004
55976,93114210,WMT,21880,2024-06-28,67.710000,544628296.53,-0.002504
55976,93114210,WMT,21880,2024-07-01,67.480000,542778281.64,-0.003397
55976,93114210,WMT,21880,2024-07-02,68.070000,547523972.01,0.008743
55976,93114210,WMT,21880,2024-07-03,68.240000,548891374.32,0.002497
55976,93114210,WMT,21880,2024-07-05,70.040000,563369751.72,0.026377
55976,93114210,WMT,21880,2024-07-08,69.680000,560474076.24,-0.005140
55976,93114210,WMT,21880,2024-07-09,69.900000,562243655.70,0.003157
55976,93114210,WMT,21880,2024-07-10,70.410000,566345862.63,0.007296
55976,93114210,WMT,21880,2024-07-11,69.800000,561439301.40,-0.008664
55976,93114210,WMT,21880,2024-07-12,69.240000,556934917.32,-0.008023
55976,93114210,WMT,21880,2024-07-15,69.610000,559911028.23,0.005344
55976,93114210,WMT,21880,2024-07-16,69.990000,562967574.57,0.005459
55976,93114210,WMT,21880,2024-07-17,71.030000,571332859.29,0.014859
55976,93114210,WMT,21880,2024-07-18,70.820000,569643715.26,-0.002956
55976,93114210,WMT,21880,2024-07-19,70.750000,569080667.25,-0.000988
55976,93114210,WMT,21880,2024-07-22,70.380000,566104556.34,-0.005230
55976,93114210,WMT,21880,2024-07-23,70.650000,568276312.95,0.003836
55976,93114210,WMT,21880,2024-07-24,70.600000,567874135.80,-0.000708
55976,93114210,WMT,21880,2024-07-25,70.020000,563208880.86,-0.008215
55976,93114210,WMT,21880,2024-07-26,69.780000,561278430.54,-0.003428
55976,93114210,WMT,21880,2024-07-29,69.620000,559991463.66,-0.002293
55976,93114210,WMT,21880,2024-07-30,69.190000,556532740.17,-0.006176
55976,93114210,WMT,21880,2024-07-31,68.640000,552108791.52,-0.007949
55976,93114210,WMT,21880,2024-08-01,69.790000,561358865.97,0.016754
55976,93114210,WMT,21880,2024-08-02,68.460000,550660953.78,-0.019057
55976,93114210,WMT,21880,2024-08-05,67.590000,543663071.37,-0.012708
55976,93114210,WMT,21880,2024-08-06,67.740000,544869602.82,0.002219
55976,93114210,WMT,21880,2024-08-07,66.910000,538193462.13,-0.012253
55976,93114210,WMT,21880,2024-08-08,67.660000,544226119.38,0.011209
55976,93114210,WMT,21880,2024-08-09,67.950000,546558746.85,0.004286
55976,93114210,WMT,21880,2024-08-12,68.700000,552591404.10,0.011038
55976,93114210,WMT,21880,2024-08-13,68.130000,548006584.59,-0.008297
55976,93114210,WMT,21880,2024-08-14,68.660000,552269662.38,0.007779
55976,93114210,WMT,21880,2024-08-15,73.180000,588626476.74,0.065832
55976,93114210,WMT,21880,2024-08-16,73.450000,590798233.35,0.006525
55976,93114210,WMT,21880,2024-08-19,73.720000,592969989.96,0.003676
55976,93114210,WMT,21880,2024-08-20,74.540000,599565695.22,0.011123
55976,93114210,WMT,21880,2024-08-21,75.240000,605196175.32,0.009391
55976,93114210,WMT,21880,2024-08-22,75.580000,607930979.94,0.004519
55976,93114210,WMT,21880,2024-08-23,75.700000,608896205.10,0.001588
55976,93114210,WMT,21880,2024-08-26,76.030000,611550574.29,0.004359
55976,93114210,WMT,21880,2024-08-27,76.130000,612354928.59,0.001315
55976,93114210,WMT,21880,2024-08-28,76.080000,611952751.44,-0.000657
55976,93114210,WMT,21880,2024-08-29,76.420000,614687556.06,0.004469
55976,93114210,WMT,21880,2024-08-30,77.230000,621202825.89,0.010599
55976,93114210,WMT,21880,2024-09-03,77.170000,620720213.31,-0.000777
55976,93114210,WMT,21880,2024-09-04,77.240000,621283261.32,0.000907
55976,93114210,WMT,21880,2024-09-05,76.960000,619031069.28,-0.003625
55976,93114210,WMT,21880,2024-09-06,76.640000,616457135.52,-0.004158
55976,93114210,WMT,21880,2024-09-09,77.340000,622087615.62,0.009134
55976,93114210,WMT,21880,2024-09-10,78.810000,633911623.83,0.019007
55976,93114210,WMT,21880,2024-09-11,78.840000,634152930.12,0.000381
55976,93114210,WMT,21880,2024-09-12,79.660000,640748635.38,0.010401
55976,93114210,WMT,21880,2024-09-13,80.600000,648309565.80,0.011800
55976,93114210,WMT,21880,2024-09-16,80.560000,647987824.08,-0.000496
55976,93114210,WMT,21880,2024-09-17,78.600000,632222479.80,-0.024330
55976,93114210,WMT,21880,2024-09-18,79.030000,635681203.29,0.005471
55976,93114210,WMT,21880,2024-09-19,78.040000,627718095.72,-0.012527
55976,93114210,WMT,21880,2024-09-20,79.060000,635922509.58,0.013070
55976,93114210,WMT,21880,2024-09-23,80.330000,646137809.19,0.016064
55976,93114210,WMT,21880,2024-09-24,80.670000,648872613.81,0.004233
55976,93114210,WMT,21880,2024-09-25,81.400000,654744400.20,0.009049
55976,93114210,WMT,21880,2024-09-26,79.920000,642839956.56,-0.018182
55976,93114210,WMT,21880,2024-09-27,79.780000,641713860.54,-0.001752
55976,93114210,WMT,21880,2024-09-30,80.750000,649088768.25,0.012158
55976,93114210,WMT,21880,2024-10-01,81.270000,653268658.77,0.006440
55976,93114210,WMT,21880,2024-10-02,80.430000,646516527.93,-0.010336
55976,93114210,WMT,21880,2024-10-03,80.430000,646516527.93,0.000000
55976,93114210,WMT,21880,2024-10-04,80.940000,650616035.94,0.006341
55976,93114210,WMT,21880,2024-10-07,79.100000,635825654.10,-0.022733
55976,93114210,WMT,21880,2024-10-08,79.710000,640728987.21,0.007712
55976,93114210,WMT,21880,2024-10-09,80.400000,646275380.40,0.008656
55976,93114210,WMT,21880,2024-10-10,79.610000,639925162.11,-0.009826
55976,93114210,WMT,21880,2024-10-11,80.100000,643863905.10,0.006155
55976,93114210,WMT,21880,2024-10-14,80.290000,645391172.79,0.002372
55976,93114210,WMT,21880,2024-10-15,81.650000,656323194.15,0.016939
55976,93114210,WMT,21880,2024-10-16,81.220000,652866746.22,-0.005266
55976,93114210,WMT,21880,2024-10-17,80.890000,650214123.39,-0.004063
55976,93114210,WMT,21880,2024-10-18,81.310000,653590188.81,0.005192
55976,93114210,WMT,21880,2024-10-21,80.810000,649571063.31,-0.006149
55976,93114210,WMT,21880,2024-10-22,82.020000,659297347.02,0.014973
55976,93114210,WMT,21880,2024-10-23,83.270000,669345160.77,0.015240
55976,93114210,WMT,21880,2024-10-24,83.040000,667496363.04,-0.002762
55976,93114210,WMT,21880,2024-10-25,82.510000,663236090.01,-0.006382
55976,93114210,WMT,21880,2024-10-28,82.750000,665165270.25,0.002909
55976,93114210,WMT,21880,2024-10-29,81.700000,656725106.70,-0.012689
55976,93114210,WMT,21880,2024-10-30,81.390000,654233248.89,-0.003794
55976,93114210,WMT,21880,2024-10-31,81.950000,658734669.45,0.006880
55976,93114210,WMT,21880,2024-11-01,82.190000,660663849.69,0.002929
55976,93114210,WMT,21880,2024-11-04,82.450000,662753794.95,0.003163
55976,93114210,WMT,21880,2024-11-05,83.680000,672640843.68,0.014918
55976,93114210,WMT,21880,2024-11-06,83.440000,670711663.44,-0.002868
55976,93114210,WMT,21880,2024-11-07,83.850000,674007346.35,0.004914
55976,93114210,WMT,21880,2024-11-08,84.830000,681884832.33,0.011688
55976,93114210,WMT,21880,2024-11-11,84.210000,676901116.71,-0.007309
55976,93114210,WMT,21880,2024-11-12,84.990000,683170952.49,0.009263
55976,93114210,WMT,21880,2024-11-13,85.500000,687270460.50,0.006001
55976,93114210,WMT,21880,2024-11-14,84.470000,678991061.97,-0.012047
55976,93114210,WMT,21880,2024-11-15,84.250000,677222646.75,-0.002604
55976,93114210,WMT,21880,2024-11-18,84.080000,675856144.08,-0.002018
55976,93114210,WMT,21880,2024-11-19,86.600000,696112536.60,0.029971
55976,93114210,WMT,21880,2024-11-20,87.180000,700774722.18,0.006697
55976,93114210,WMT,21880,2024-11-21,88.390000,710501005.89,0.013879
55976,93114210,WMT,21880,2024-11-22,90.440000,726979420.44,0.023193
55976,93114210,WMT,21880,2024-11-25,89.500000,719423464.50,-0.010394
55976,93114210,WMT,21880,2024-11-26,91.310000,733972698.81,0.020223
55976,93114210,WMT,21880,2024-11-27,91.880000,738554501.88,0.006242
55976,93114210,WMT,21880,2024-11-29,92.500000,743538217.50,0.006748
55976,93114210,WMT,21880,2024-12-02,92.640000,744663572.64,0.001514
55976,93114210,WMT,21880,2024-12-03,93.510000,751656851.01,0.009391
55976,93114210,WMT,21880,2024-12-04,94.450000,759212806.95,0.010052
55976,93114210,WMT,21880,2024-12-05,95.300000,766045320.30,0.008999
55976,93114210,WMT,21880,2024-12-06,95.700000,769260620.70,0.004197
55976,93114210,WMT,21880,2024-12-09,93.830000,754229091.33,-0.019540
55976,93114210,WMT,21880,2024-12-10,94.550000,760016632.05,0.007673
55976,93114210,WMT,21880,2024-12-11,94.960000,763312314.96,0.004336
55976,93114210,WMT,21880,2024-12-12,94.090000,756319036.59,-0.009162
55976,93114210,WMT,21880,2024-12-13,94.250000,757605156.75,0.003906
55976,93114210,WMT,21880,2024-12-16,94.870000,762588872.37,0.006578
55976,93114210,WMT,21880,2024-12-17,95.420000,767009910.42,0.005797
55976,93114210,WMT,21880,2024-12-18,93.550000,751978381.05,-0.019598
55976,93114210,WMT,21880,2024-12-19,93.400000,750772643.40,-0.001603
55976,93114210,WMT,21880,2024-12-20,92.240000,741448272.24,-0.012420
55976,93114210,WMT,21880,2024-12-23,90.350000,726255977.85,-0.020490
55976,93114210,WMT,21880,2024-12-24,92.680000,744985102.68,0.025789
55976,93114210,WMT,21880,2024-12-26,92.790000,745869310.29,0.001187
55976,93114210,WMT,21880,2024-12-27,91.660000,736786086.66,-0.012178
55976,93114210,WMT,21880,2024-12-30,90.570000,728024393.07,-0.011892
55976,93114210,WMT,21880,2024-12-31,90.350000,725816425.10,-0.002429
55976,93114210,WMT,21880,2025-01-02,90.000000,723004740.00,-0.003874
55976,93114210,WMT,21880,2025-01-03,90.780000,729270781.08,0.008667
55976,93114210,WMT,21880,2025-01-06,91.430000,734492481.98,0.007160
55976,93114210,WMT,21880,2025-01-07,90.810000,729511782.66,-0.006781
55976,93114210,WMT,21880,2025-01-08,91.800000,737464834.80,0.010902
55976,93114210,WMT,21880,2025-01-10,93.000000,747104898.00,0.013072
55976,93114210,WMT,21880,2025-01-13,91.530000,735295820.58,-0.015806
55976,93114210,WMT,21880,2025-01-14,90.790000,729351114.94,-0.008085
55976,93114210,WMT,21880,2025-01-15,91.340000,733769477.24,0.006058
55976,93114210,WMT,21880,2025-01-16,91.300000,733448141.80,-0.000438
55976,93114210,WMT,21880,2025-01-17,91.940000,738589508.84,0.007010
55976,93114210,WMT,21880,2025-01-21,93.080000,747747568.88,0.012399
55976,93114210,WMT,21880,2025-01-22,93.230000,748952576.78,0.001612
55976,93114210,WMT,21880,2025-01-23,93.810000,753611940.66,0.006221
55976,93114210,WMT,21880,2025-01-24,94.760000,761243657.36,0.010127
55976,93114210,WMT,21880,2025-01-27,97.400000,782451796.40,0.027860
55976,93114210,WMT,21880,2025-01-28,97.290000,781568123.94,-0.001129
55976,93114210,WMT,21880,2025-01-29,97.500000,783255135.00,0.002158
55976,93114210,WMT,21880,2025-01-30,98.650000,792493528.90,0.011795
55976,93114210,WMT,21880,2025-01-31,98.160000,788557169.76,-0.004967
55976,93114210,WMT,21880,2025-02-03,99.540000,799643242.44,0.014059
55976,93114210,WMT,21880,2025-02-04,100.770000,809524307.22,0.012357
55976,93114210,WMT,21880,2025-02-05,102.460000,823100729.56,0.016771
55976,93114210,WMT,21880,2025-02-06,102.850000,826233750.10,0.003806
55976,93114210,WMT,21880,2025-02-07,101.150000,812576993.90,-0.016529
55976,93114210,WMT,21880,2025-02-10,102.920000,826796087.12,0.017499
55976,93114210,WMT,21880,2025-02-11,102.470000,823181063.42,-0.004372
55976,93114210,WMT,21880,2025-02-12,103.610000,832339123.46,0.011125
55976,93114210,WMT,21880,2025-02-13,105.050000,843907199.30,0.013898
55976,93114210,WMT,21880,2025-02-14,104.040000,835793479.44,-0.009614
55976,93114210,WMT,21880,2025-02-18,103.780000,833704799.08,-0.002499
55976,93114210,WMT,21880,2025-02-19,104.000000,835472144.00,0.002120
55976,93114210,WMT,21880,2025-02-20,97.210000,780925453.06,-0.065288
55976,93114210,WMT,21880,2025-02-21,94.780000,761404325.08,-0.024997
55976,93114210,WMT,21880,2025-02-24,93.670000,752487266.62,-0.011711
55976,93114210,WMT,21880,2025-02-25,97.690000,784781478.34,0.042917
55976,93114210,WMT,21880,2025-02-26,96.200000,772811733.20,-0.015252
55976,93114210,WMT,21880,2025-02-27,96.790000,777551430.94,0.006133
55976,93114210,WMT,21880,2025-02-28,98.610000,792172193.46,0.018804
55976,93114210,WMT,21880,2025-03-03,97.590000,783978139.74,-0.010344
55976,93114210,WMT,21880,2025-03-04,94.970000,762930668.42,-0.026847
55976,93114210,WMT,21880,2025-03-05,95.980000,771044388.28,0.010635
55976,93114210,WMT,21880,2025-03-06,94.640000,760279651.04,-0.013961
55976,93114210,WMT,21880,2025-03-07,91.720000,736822163.92,-0.030854
55976,93114210,WMT,21880,2025-03-10,87.820000,705491958.52,-0.042521
55976,93114210,WMT,21880,2025-03-11,87.440000,702439271.84,-0.004327
55976,93114210,WMT,21880,2025-03-12,85.200000,684444487.20,-0.025618
55976,93114210,WMT,21880,2025-03-13,84.500000,678821117.00,-0.008216
55976,93114210,WMT,21880,2025-03-14,85.350000,685649495.10,0.010059
55976,93114210,WMT,21880,2025-03-17,87.460000,702599939.56,0.024722
55976,93114210,WMT,21880,2025-03-18,85.590000,687577507.74,-0.021381
55976,93114210,WMT,21880,2025-03-19,86.330000,693522213.38,0.008646
55976,93114210,WMT,21880,2025-03-20,85.810000,689344852.66,-0.006023
55976,93114210,WMT,21880,2025-03-21,85.980000,690710528.28,0.004720
55976,93114210,WMT,21880,2025-03-24,87.490000,702840941.14,0.017562
55976,93114210,WMT,21880,2025-03-25,84.760000,680909797.36,-0.031204
55976,93114210,WMT,21880,2025-03-26,85.210000,684524821.06,0.005309
55976,93114210,WMT,21880,2025-03-27,85.630000,687898843.18,0.004929
55976,93114210,WMT,21880,2025-03-28,85.150000,684042817.90,-0.005606
55976,93114210,WMT,21880,2025-03-31,87.790000,703799173.71,0.031004
55976,93114210,WMT,21880,2025-04-01,88.830000,712136696.67,0.011846
55976,93114210,WMT,21880,2025-04-02,89.760000,719592366.24,0.010469
55976,93114210,WMT,21880,2025-04-03,87.260000,699550243.74,-0.027852
55976,93114210,WMT,21880,2025-04-04,83.190000,666921668.31,-0.046642
55976,93114210,WMT,21880,2025-04-07,83.830000,672052451.67,0.007693
55976,93114210,WMT,21880,2025-04-08,81.790000,655698079.71,-0.024335
55976,93114210,WMT,21880,2025-04-09,89.600000,718309670.40,0.095488
55976,93114210,WMT,21880,2025-04-10,90.610000,726406687.89,0.011272
55976,93114210,WMT,21880,2025-04-11,92.800000,743963587.20,0.024170
55976,93114210,WMT,21880,2025-04-14,94.730000,759436105.77,0.020797
55976,93114210,WMT,21880,2025-04-15,93.970000,753343300.53,-0.008023
55976,93114210,WMT,21880,2025-04-16,91.190000,731056460.31,-0.029584
55976,93114210,WMT,21880,2025-04-17,93.220000,747330663.78,0.022261
55976,93114210,WMT,21880,2025-04-21,92.410000,740837016.09,-0.008689
55976,93114210,WMT,21880,2025-04-22,94.850000,760398127.65,0.026404
55976,93114210,WMT,21880,2025-04-23,94.960000,761279981.04,0.001160
55976,93114210,WMT,21880,2025-04-24,95.840000,768334808.16,0.009267
55976,93114210,WMT,21880,2025-04-25,95.090000,762322171.41,-0.007826
55976,93114210,WMT,21880,2025-04-28,95.220000,763364361.78,0.001367
55976,93114210,WMT,21880,2025-04-29,96.040000,769938177.96,0.008612
55976,93114210,WMT,21880,2025-04-30,97.250000,778086260.75,0.012599
55976,93114210,WMT,21880,2025-05-01,97.410000,779366402.67,0.001645
55976,93114210,WMT,21880,2025-05-02,98.750000,790087591.25,0.013756
55976,93114210,WMT,21880,2025-05-05,99.330000,794728105.71,0.005873
55976,93114210,WMT,21880,2025-05-06,98.550000,788487413.85,-0.007853
55976,93114210,WMT,21880,2025-05-07,98.830000,790727662.21,0.002841
55976,93114210,WMT,21880,2025-05-08,97.430000,779526420.41,-0.014166
55976,93114210,WMT,21880,2025-05-09,96.720000,773845790.64,-0.004875
55976,93114210,WMT,21880,2025-05-12,96.750000,774085817.25,0.000310
55976,93114210,WMT,21880,2025-05-13,95.880000,767125045.56,-0.008992
55976,93114210,WMT,21880,2025-05-14,96.830000,774725888.21,0.009908
55976,93114210,WMT,21880,2025-05-15,96.350000,770885462.45,-0.004957
55976,93114210,WMT,21880,2025-05-16,98.240000,786007138.88,0.019616
55976,93114210,WMT,21880,2025-05-19,98.120000,785047032.44,-0.001221
55976,93114210,WMT,21880,2025-05-20,97.800000,782486748.60,-0.003261
55976,93114210,WMT,21880,2025-05-21,96.430000,771525533.41,-0.014008
55976,93114210,WMT,21880,2025-05-22,95.930000,767525089.91,-0.005185
55976,93114210,WMT,21880,2025-05-23,96.340000,770805453.58,0.004274
55976,93114210,WMT,21880,2025-05-27,97.580000,780726553.46,0.012871
55976,93114210,WMT,21880,2025-05-28,97.240000,778006251.88,-0.003484
55976,93114210,WMT,21880,2025-05-29,97.100000,776886127.70,-0.001440
55976,93114210,WMT,21880,2025-05-30,98.720000,789847564.64,0.016684
55976,93114210,WMT,21880,2025-06-02,99.770000,798248495.99,0.010636
55976,93114210,WMT,21880,2025-06-03,99.980000,799928682.26,0.002105
55976,93114210,WMT,21880,2025-06-04,99.350000,794888123.45,-0.006301
55976,93114210,WMT,21880,2025-06-05,97.960000,783766890.52,-0.013991
55976,93114210,WMT,21880,2025-06-06,97.470000,779846455.89,-0.005002
55976,93114210,WMT,21880,2025-06-09,97.450000,779686438.15,-0.000205
55976,93114210,WMT,21880,2025-06-10,97.320000,778646322.84,-0.001334
55976,93114210,WMT,21880,2025-06-11,95.800000,766484974.60,-0.015619
55976,93114210,WMT,21880,2025-06-12,94.830000,758724114.21,-0.010125
55976,93114210,WMT,21880,2025-06-13,94.440000,755603768.28,-0.004113
55976,93114210,WMT,21880,2025-06-16,94.290000,754403635.23,-0.001588
55976,93114210,WMT,21880,2025-06-17,94.250000,754083599.75,-0.000424
55976,93114210,WMT,21880,2025-06-18,95.090000,760804344.83,0.008912
55976,93114210,WMT,21880,2025-06-20,96.120000,769045258.44,0.010832
55976,93114210,WMT,21880,2025-06-23,97.870000,783046810.69,0.018206
55976,93114210,WMT,21880,2025-06-24,98.000000,784086926.00,0.001328
55976,93114210,WMT,21880,2025-06-25,97.260000,778166269.62,-0.007551
55976,93114210,WMT,21880,2025-06-26,96.020000,768245169.74,-0.012749
55976,93114210,WMT,21880,2025-06-27,97.270000,778246278.49,0.013018
55976,93114210,WMT,21880,2025-06-30,97.780000,780325272.04,0.005243
55976,93114210,WMT,21880,2025-07-01,98.240000,783996264.32,0.004704
55976,93114210,WMT,21880,2025-07-02,97.610000,778968600.98,-0.006413
55976,93114210,WMT,21880,2025-07-03,98.360000,784953914.48,0.007684
55976,93114210,WMT,21880,2025-07-07,99.350000,792854528.30,0.010065
55976,93114210,WMT,21880,2025-07-08,97.090000,774818783.62,-0.022748
55976,93114210,WMT,21880,2025-07-09,96.810000,772584266.58,-0.002884
55976,93114210,WMT,21880,2025-07-10,94.860000,757022451.48,-0.020143
55976,93114210,WMT,21880,2025-07-11,94.400000,753351459.20,-0.004849
55976,93114210,WMT,21880,2025-07-14,95.780000,764364436.04,0.014619
55976,93114210,WMT,21880,2025-07-15,95.390000,761252073.02,-0.004072
55976,93114210,WMT,21880,2025-07-16,95.150000,759336772.70,-0.002516
55976,93114210,WMT,21880,2025-07-17,95.090000,758857947.62,-0.000631
55976,93114210,WMT,21880,2025-07-18,95.050000,758538730.90,-0.000421
55976,93114210,WMT,21880,2025-07-21,95.670000,763486590.06,0.006523
55976,93114210,WMT,21880,2025-07-22,95.850000,764923065.30,0.001881
55976,93114210,WMT,21880,2025-07-23,95.680000,763566394.24,-0.001774
55976,93114210,WMT,21880,2025-07-24,96.600000,770908378.80,0.009615
55976,93114210,WMT,21880,2025-07-25,97.470000,777851342.46,0.009006
55976,93114210,WMT,21880,2025-07-28,97.610000,778968600.98,0.001436
55976,93114210,WMT,21880,2025-07-29,98.330000,784714501.94,0.007376
55976,93114210,WMT,21880,2025-07-30,97.590000,778808992.62,-0.007526
55976,93114210,WMT,21880,2025-07-31,97.980000,781921355.64,0.003996
55976,93114210,WMT,21880,2025-08-01,98.490000,785991368.82,0.005205
55976,93114210,WMT,21880,2025-08-04,99.590000,794769828.62,0.011169
55976,93114210,WMT,21880,2025-08-05,99.310000,792535311.58,-0.002812
55976,93114210,WMT,21880,2025-08-06,103.360000,824856004.48,0.040781
55976,93114210,WMT,21880,2025-08-07,103.120000,822940704.16,-0.002322
55976,93114210,WMT,21880,2025-08-08,103.730000,827808759.14,0.005915
55976,93114210,WMT,21880,2025-08-11,103.930000,829404842.74,0.001928
55976,93114210,WMT,21880,2025-08-12,103.620000,826930913.16,-0.002983
55976,93114210,WMT,21880,2025-08-13,100.990000,805942413.82,-0.025381
55976,93114210,WMT,21880,2025-08-14,100.850000,804825155.30,-0.001386
55976,93114210,WMT,21880,2025-08-15,100.000000,798041800.00,-0.006098
55976,93114210,WMT,21880,2025-08-18,100.700000,803628092.60,0.007000
55976,93114210,WMT,21880,2025-08-19,101.290000,808336539.22,0.005859
55976,93114210,WMT,21880,2025-08-20,102.570000,818551474.26,0.012637
55976,93114210,WMT,21880,2025-08-21,97.960000,781761747.28,-0.044945
55976,93114210,WMT,21880,2025-08-22,96.830000,772743874.94,-0.011535
55976,93114210,WMT,21880,2025-08-25,96.070000,766678757.26,-0.007849
55976,93114210,WMT,21880,2025-08-26,96.050000,766519148.90,-0.000208
55976,93114210,WMT,21880,2025-08-27,96.080000,766758561.44,0.000312
55976,93114210,WMT,21880,2025-08-28,96.110000,766997973.98,0.000312
55976,93114210,WMT,21880,2025-08-29,96.980000,773940937.64,0.009052
55976,93114210,WMT,21880,2025-09-02,97.850000,780883901.30,0.008971
55976,93114210,WMT,21880,2025-09-03,99.440000,793572765.92,0.016249
55976,93114210,WMT,21880,2025-09-04,100.930000,805463588.74,0.014984
55976,93114210,WMT,21880,2025-09-05,100.510000,802111813.18,-0.004161
55976,93114210,WMT,21880,2025-09-08,102.280000,816237153.04,0.017610
55976,93114210,WMT,21880,2025-09-09,102.290000,816316957.22,0.000098
55976,93114210,WMT,21880,2025-09-10,100.410000,801313771.38,-0.018379
55976,93114210,WMT,21880,2025-09-11,102.650000,819189907.70,0.022309
55976,93114210,WMT,21880,2025-09-12,103.490000,825893458.82,0.008183
55976,93114210,WMT,21880,2025-09-15,103.690000,827489542.42,0.001933
55976,93114210,WMT,21880,2025-09-16,103.420000,825334829.56,-0.002604
55976,93114210,WMT,21880,2025-09-17,104.270000,832118184.86,0.008219
55976,93114210,WMT,21880,2025-09-18,103.600000,826771304.80,-0.006426
55976,93114210,WMT,21880,2025-09-19,102.330000,816636173.94,-0.012259
55976,93114210,WMT,21880,2025-09-22,102.820000,820546578.76,0.004788
55976,93114210,WMT,21880,2025-09-23,102.520000,818152453.36,-0.002918
55976,93114210,WMT,21880,2025-09-24,102.730000,819828341.14,0.002048
55976,93114210,WMT,21880,2025-09-25,103.050000,822382074.90,0.003115
55976,93114210,WMT,21880,2025-09-26,103.160000,823259920.88,0.001067
55976,93114210,WMT,21880,2025-09-29,103.080000,822621487.44,-0.000775
55976,93114210,WMT,21880,2025-09-30,103.060000,821682024.06,-0.000194
55976,93114210,WMT,21880,2025-10-01,101.960000,812911887.96,-0.010673
55976,93114210,WMT,21880,2025-10-02,101.700000,810838946.70,-0.002550
55976,93114210,WMT,21880,2025-10-03,102.070000,813788901.57,0.003638
55976,93114210,WMT,21880,2025-10-06,102.700000,818811797.70,0.006172
55976,93114210,WMT,21880,2025-10-07,103.240000,823117137.24,0.005258
55976,93114210,WMT,21880,2025-10-08,102.900000,820406367.90,-0.003293
55976,93114210,WMT,21880,2025-10-09,101.770000,811397046.27,-0.010982
55976,93114210,WMT,21880,2025-10-10,101.840000,811955145.84,0.000688
55976,93114210,WMT,21880,2025-10-13,102.120000,814187544.12,0.002749
55976,93114210,WMT,21880,2025-10-14,107.210000,854769355.71,0.049843
55976,93114210,WMT,21880,2025-10-15,109.030000,869279944.53,0.016976
55976,93114210,WMT,21880,2025-10-16,106.470000,848869445.97,-0.023480
55976,93114210,WMT,21880,2025-10-17,107.730000,858915238.23,0.011834
55976,93114210,WMT,21880,2025-10-20,107.050000,853493699.55,-0.006312
55976,93114210,WMT,21880,2025-10-21,106.220000,846876233.22,-0.007753
55976,93114210,WMT,21880,2025-10-22,107.140000,854211256.14,0.008661
55976,93114210,WMT,21880,2025-10-23,106.860000,851978857.86,-0.002613
55976,93114210,WMT,21880,2025-10-24,106.170000,846477590.67,-0.006457
55976,93114210,WMT,21880,2025-10-27,104.470000,832923743.97,-0.016012
55976,93114210,WMT,21880,2025-10-28,103.170000,822559037.67,-0.012444
55976,93114210,WMT,21880,2025-10-29,102.460000,816898313.46,-0.006882
55976,93114210,WMT,21880,2025-10-30,102.230000,815064557.73,-0.002245
55976,93114210,WMT,21880,2025-10-31,101.180000,806693064.18,-0.010271
55976,93114210,WMT,21880,2025-11-03,101.590000,809961933.09,0.004052
55976,93114210,WMT,21880,2025-11-04,102.270000,815383471.77,0.006694
55976,93114210,WMT,21880,2025-11-05,101.470000,809005190.97,-0.007822
55976,93114210,WMT,21880,2025-11-06,101.680000,810679489.68,0.002070
55976,93114210,WMT,21880,2025-11-07,102.590000,817934784.09,0.008950
55976,93114210,WMT,21880,2025-11-10,102.420000,816579399.42,-0.001657
55976,93114210,WMT,21880,2025-11-11,103.440000,824711707.44,0.009959
55976,93114210,WMT,21880,2025-11-12,103.440000,824711707.44,0.000000
55976,93114210,WMT,21880,2025-11-13,102.540000,817536141.54,-0.008701
55976,93114210,WMT,21880,2025-11-14,102.480000,817057770.48,-0.000585
55976,93114210,WMT,21880,2025-11-17,102.950000,820805010.45,0.004586
55976,93114210,WMT,21880,2025-11-18,101.390000,808367362.89,-0.015153
55976,93114210,WMT,21880,2025-11-19,100.610000,802148539.11,-0.007693
55976,93114210,WMT,21880,2025-11-20,107.110000,853972070.61,0.064606
55976,93114210,WMT,21880,2025-11-21,105.320000,839700667.32,-0.016712
55976,93114210,WMT,21880,2025-11-24,104.060000,829654875.06,-0.011964
55976,93114210,WMT,21880,2025-11-25,107.000000,853095057.00,0.028253
55976,93114210,WMT,21880,2025-11-26,109.100000,869838044.10,0.019626
55976,93114210,WMT,21880,2025-11-28,110.510000,881079764.01,0.012924
55976,93114210,WMT,21880,2025-12-01,111.530000,889212072.03,0.009230
55976,93114210,WMT,21880,2025-12-02,112.410000,896228180.91,0.007890
55976,93114210,WMT,21880,2025-12-03,114.410000,912173882.91,0.017792
55976,93114210,WMT,21880,2025-12-04,114.840000,915602208.84,0.003758
55976,93114210,WMT,21880,2025-12-05,115.110000,917754878.61,0.002351
55976,93114210,WMT,21880,2025-12-08,113.560000,905092164.52,-0.013465
55976,93114210,WMT,21880,2025-12-09,115.060000,917047415.02,0.013209
55976,93114210,WMT,21880,2025-12-10,113.180000,902063501.06,-0.016339
55976,93114210,WMT,21880,2025-12-11,115.520000,920713691.84,0.020675
55976,93114210,WMT,21880,2025-12-12,116.700000,930118488.90,0.012249
55976,93114210,WMT,21880,2025-12-15,116.790000,930835803.93,0.000771
55976,93114210,WMT,21880,2025-12-16,115.420000,919916675.14,-0.011730
55976,93114210,WMT,21880,2025-12-17,115.660000,921829515.22,0.002079
55976,93114210,WMT,21880,2025-12-18,114.830000,915214276.61,-0.007176
55976,93114210,WMT,21880,2025-12-19,114.360000,911468298.12,-0.004093
55976,93114210,WMT,21880,2025-12-22,112.600000,897440804.20,-0.015390
55976,93114210,WMT,21880,2025-12-23,110.900000,883891520.30,-0.015098
55976,93114210,WMT,21880,2025-12-24,111.610000,889550338.87,0.006402
55976,93114210,WMT,21880,2025-12-26,111.740000,890586460.58,0.001165
55976,93114210,WMT,21880,2025-12-29,112.530000,896882892.51,0.007070
55976,93114210,WMT,21880,2025-12-30,111.920000,892021090.64,-0.005421
55976,93114210,WMT,21880,2025-12-31,111.410000,887956305.47,-0.004557
87055,22160K10,COST,7882,2020-01-02,291.490000,128768039.42,-0.008268
87055,22160K10,COST,7882,2020-01-03,291.730000,128874061.34,0.000823
87055,22160K10,COST,7882,2020-01-06,291.810000,128909401.98,0.000274
87055,22160K10,COST,7882,2020-01-07,291.350000,128706193.30,-0.001576
87055,22160K10,COST,7882,2020-01-08,294.690000,130181665.02,0.011464
87055,22160K10,COST,7882,2020-01-09,299.420000,132271180.36,0.016051
87055,22160K10,COST,7882,2020-01-10,297.240000,131308147.92,-0.007281
87055,22160K10,COST,7882,2020-01-13,299.870000,132469971.46,0.008848
87055,22160K10,COST,7882,2020-01-14,299.750000,132416960.50,-0.000400
87055,22160K10,COST,7882,2020-01-15,300.820000,132889641.56,0.003570
87055,22160K10,COST,7882,2020-01-16,303.030000,133865926.74,0.007347
87055,22160K10,COST,7882,2020-01-17,304.680000,134594827.44,0.005445
87055,22160K10,COST,7882,2020-01-21,313.260000,138385111.08,0.028161
87055,22160K10,COST,7882,2020-01-22,311.890000,137779902.62,-0.004373
87055,22160K10,COST,7882,2020-01-23,312.880000,138217243.04,0.003174
87055,22160K10,COST,7882,2020-01-24,310.510000,137170276.58,-0.007575
87055,22160K10,COST,7882,2020-01-27,309.450000,136702013.10,-0.003414
87055,22160K10,COST,7882,2020-01-28,310.850000,137320474.30,0.004524
87055,22160K10,COST,7882,2020-01-29,309.580000,136759441.64,-0.004086
87055,22160K10,COST,7882,2020-01-30,309.470000,136710848.26,-0.000355
87055,22160K10,COST,7882,2020-01-31,305.520000,134965904.16,-0.012764
87055,22160K10,COST,7882,2020-02-03,302.000000,133410916.00,-0.011521
87055,22160K10,COST,7882,2020-02-04,304.900000,134692014.20,0.009603
87055,22160K10,COST,7882,2020-02-05,308.950000,136481134.10,0.013283
87055,22160K10,COST,7882,2020-02-06,310.610000,137214452.38,0.007477
87055,22160K10,COST,7882,2020-02-07,313.630000,138548561.54,0.009723
87055,22160K10,COST,7882,2020-02-10,313.790000,138619242.82,0.000510
87055,22160K10,COST,7882,2020-02-11,310.680000,137245375.44,-0.009911
87055,22160K10,COST,7882,2020-02-12,315.120000,139206780.96,0.014291
87055,22160K10,COST,7882,2020-02-13,318.200000,140567395.60,0.009774
87055,22160K10,COST,7882,2020-02-14,318.310000,140572698.82,0.000346
87055,22160K10,COST,7882,2020-02-18,322.050000,142224365.10,0.011750
87055,22160K10,COST,7882,2020-02-19,323.020000,142652738.44,0.003012
87055,22160K10,COST,7882,2020-02-20,324.080000,143120857.76,0.003282
87055,22160K10,COST,7882,2020-02-21,321.950000,142180202.90,-0.006572
87055,22160K10,COST,7882,2020-02-24,313.620000,138501491.64,-0.025874
87055,22160K10,COST,7882,2020-02-25,304.870000,134637299.14,-0.027900
87055,22160K10,COST,7882,2020-02-26,305.690000,134999429.18,0.002690
87055,22160K10,COST,7882,2020-02-27,293.130000,129452656.86,-0.041087
87055,22160K10,COST,7882,2020-02-28,281.140000,124157609.08,-0.040903
87055,22160K10,COST,7882,2020-03-02,309.140000,136523025.08,0.099595
87055,22160K10,COST,7882,2020-03-03,302.730000,133692228.06,-0.020735
87055,22160K10,COST,7882,2020-03-04,320.740000,141632369.20,0.059492
87055,22160K10,COST,7882,2020-03-05,315.760000,139433300.80,-0.015527
87055,22160K10,COST,7882,2020-03-06,311.340000,137481517.20,-0.013998
87055,22160K10,COST,7882,2020-03-09,301.980000,133348328.40,-0.030064
87055,22160K10,COST,7882,2020-03-10,309.400000,136624852.00,0.024571
87055,22160K10,COST,7882,2020-03-11,297.430000,131339139.40,-0.038688
87055,22160K10,COST,7882,2020-03-12,279.850000,123576163.00,-0.059106
87055,22160K10,COST,7882,2020-03-13,302.270000,133476386.60,0.080114
87055,22160K10,COST,7882,2020-03-16,283.180000,125046624.40,-0.063155
87055,22160K10,COST,7882,2020-03-17,306.990000,135560644.20,0.084081
87055,22160K10,COST,7882,2020-03-18,307.500000,135785850.00,0.001661
87055,22160K10,COST,7882,2020-03-19,305.220000,134779047.60,-0.007415
87055,22160K10,COST,7882,2020-03-20,290.420000,128243663.60,-0.048490
87055,22160K10,COST,7882,2020-03-23,285.530000,126084337.40,-0.016838
87055,22160K10,COST,7882,2020-03-24,284.940000,125823805.20,-0.002066
87055,22160K10,COST,7882,2020-03-25,280.860000,124022158.80,-0.014319
87055,22160K10,COST,7882,2020-03-26,292.300000,129073834.00,0.040732
87055,22160K10,COST,7882,2020-03-27,284.330000,125554441.40,-0.027267
87055,22160K10,COST,7882,2020-03-30,291.120000,128552769.60,0.023881
87055,22160K10,COST,7882,2020-03-31,285.130000,125907705.40,-0.020576
87055,22160K10,COST,7882,2020-04-01,286.780000,126636312.40,0.005787
87055,22160K10,COST,7882,2020-04-02,291.480000,128711738.40,0.016389
87055,22160K10,COST,7882,2020-04-03,288.650000,127462067.00,-0.009709
87055,22160K10,COST,7882,2020-04-06,305.120000,134734889.60,0.057059
87055,22160K10,COST,7882,2020-04-07,303.630000,134076935.40,-0.004883
87055,22160K10,COST,7882,2020-04-08,305.970000,135110232.60,0.007707
87055,22160K10,COST,7882,2020-04-09,300.010000,132478415.80,-0.019479
87055,22160K10,COST,7882,2020-04-13,299.620000,132306199.60,-0.001300
87055,22160K10,COST,7882,2020-04-14,314.140000,138717941.20,0.048461
87055,22160K10,COST,7882,2020-04-15,310.270000,137009026.60,-0.012319
87055,22160K10,COST,7882,2020-04-16,321.560000,141994464.80,0.036388
87055,22160K10,COST,7882,2020-04-17,317.920000,140387113.60,-0.011320
87055,22160K10,COST,7882,2020-04-20,312.080000,137808286.40,-0.018369
87055,22160K10,COST,7882,2020-04-21,301.330000,133061301.40,-0.034446
87055,22160K10,COST,7882,2020-04-22,309.420000,136633683.60,0.026848
87055,22160K10,COST,7882,2020-04-23,305.400000,134858532.00,-0.012992
87055,22160K10,COST,7882,2020-04-24,310.550000,137132669.00,0.016863
87055,22160K10,COST,7882,2020-04-27,308.780000,136351072.40,-0.005700
87055,22160K10,COST,7882,2020-04-28,304.950000,134659821.00,-0.012404
87055,22160K10,COST,7882,2020-04-29,307.090000,135604802.20,0.007018
87055,22160K10,COST,7882,2020-04-30,303.000000,133798740.00,-0.011039
87055,22160K10,COST,7882,2020-05-01,301.920000,133321833.60,-0.003564
87055,22160K10,COST,7882,2020-05-04,304.490000,134456694.20,0.008512
87055,22160K10,COST,7882,2020-05-05,307.920000,135971313.60,0.011265
87055,22160K10,COST,7882,2020-05-06,308.890000,136399646.20,0.003150
87055,22160K10,COST,7882,2020-05-07,305.000000,134681900.00,-0.012593
87055,22160K10,COST,7882,2020-05-08,305.940000,135079546.62,0.003082
87055,22160K10,COST,7882,2020-05-11,310.330000,137017832.59,0.014349
87055,22160K10,COST,7882,2020-05-12,304.840000,134593871.32,-0.017691
87055,22160K10,COST,7882,2020-05-13,302.140000,133401759.22,-0.008857
87055,22160K10,COST,7882,2020-05-14,299.740000,132342104.02,-0.007943
87055,22160K10,COST,7882,2020-05-15,299.210000,132108096.83,-0.001768
87055,22160K10,COST,7882,2020-05-18,302.760000,133675503.48,0.011865
87055,22160K10,COST,7882,2020-05-19,304.630000,134501151.49,0.006177
87055,22160K10,COST,7882,2020-05-20,304.910000,134624777.93,0.000919
87055,22160K10,COST,7882,2020-05-21,301.970000,133326700.31,-0.009642
87055,22160K10,COST,7882,2020-05-22,302.430000,133529800.89,0.001523
87055,22160K10,COST,7882,2020-05-26,304.800000,134576210.40,0.007837
87055,22160K10,COST,7882,2020-05-27,306.010000,135110759.24,0.003970
87055,22160K10,COST,7882,2020-05-28,309.560000,136678169.44,0.011601
87055,22160K10,COST,7882,2020-05-29,308.470000,136196908.28,-0.003521
87055,22160K10,COST,7882,2020-06-01,308.290000,136117433.96,-0.000584
87055,22160K10,COST,7882,2020-06-02,307.090000,135587605.16,-0.003892
87055,22160K10,COST,7882,2020-06-03,306.640000,135388919.36,-0.001465
87055,22160K10,COST,7882,2020-06-04,310.750000,137203583.00,0.013403
87055,22160K10,COST,7882,2020-06-05,312.040000,137773148.96,0.004151
87055,22160K10,COST,7882,2020-06-08,307.190000,135648960.20,-0.015543
87055,22160K10,COST,7882,2020-06-09,305.550000,134924769.00,-0.005339
87055,22160K10,COST,7882,2020-06-10,307.330000,135693570.92,0.005826
87055,22160K10,COST,7882,2020-06-11,300.830000,132823664.92,-0.021150
87055,22160K10,COST,7882,2020-06-12,298.700000,131883218.80,-0.007080
87055,22160K10,COST,7882,2020-06-15,297.180000,131212102.32,-0.005089
87055,22160K10,COST,7882,2020-06-16,301.360000,133057672.64,0.014066
87055,22160K10,COST,7882,2020-06-17,299.610000,132285005.64,-0.005807
87055,22160K10,COST,7882,2020-06-18,299.570000,132267344.68,-0.000134
87055,22160K10,COST,7882,2020-06-19,299.900000,132413047.60,0.001102
87055,22160K10,COST,7882,2020-06-22,300.450000,132655885.80,0.001834
87055,22160K10,COST,7882,2020-06-23,301.290000,133026765.96,0.002796
87055,22160K10,COST,7882,2020-06-24,298.020000,131582982.48,-0.010853
87055,22160K10,COST,7882,2020-06-25,300.530000,132691207.72,0.008422
87055,22160K10,COST,7882,2020-06-26,296.560000,130938357.44,-0.013210
87055,22160K10,COST,7882,2020-06-29,301.590000,133159223.16,0.016961
87055,22160K10,COST,7882,2020-06-30,303.210000,133874492.04,0.005372
87055,22160K10,COST,7882,2020-07-01,304.750000,134554439.00,0.005079
87055,22160K10,COST,7882,2020-07-02,305.740000,134991547.76,0.003249
87055,22160K10,COST,7882,2020-07-06,311.490000,137530310.76,0.018807
87055,22160K10,COST,7882,2020-07-07,316.230000,139623134.52,0.015217
87055,22160K10,COST,7882,2020-07-08,316.320000,139662871.68,0.000285
87055,22160K10,COST,7882,2020-07-09,325.540000,143733722.96,0.029148
87055,22160K10,COST,7882,2020-07-10,326.230000,144038374.52,0.002120
87055,22160K10,COST,7882,2020-07-13,322.920000,142576930.08,-0.010146
87055,22160K10,COST,7882,2020-07-14,328.000000,144819872.00,0.015731
87055,22160K10,COST,7882,2020-07-15,326.700000,144245890.80,-0.003963
87055,22160K10,COST,7882,2020-07-16,326.270000,144056035.48,-0.001316
87055,22160K10,COST,7882,2020-07-17,324.790000,143402579.96,-0.004536
87055,22160K10,COST,7882,2020-07-20,326.510000,144162001.24,0.005296
87055,22160K10,COST,7882,2020-07-21,327.740000,144705075.76,0.003767
87055,22160K10,COST,7882,2020-07-22,328.300000,144952329.20,0.001709
87055,22160K10,COST,7882,2020-07-23,326.110000,143985391.64,-0.006671
87055,22160K10,COST,7882,2020-07-24,325.780000,143839688.72,-0.001012
87055,22160K10,COST,7882,2020-07-27,327.600000,144643262.40,0.005587
87055,22160K10,COST,7882,2020-07-28,327.570000,144630016.68,-0.000092
87055,22160K10,COST,7882,2020-07-29,326.140000,143998637.36,-0.004365
87055,22160K10,COST,7882,2020-07-30,324.820000,143415825.68,-0.001901
87055,22160K10,COST,7882,2020-07-31,325.530000,143729307.72,0.002186
87055,22160K10,COST,7882,2020-08-03,329.320000,145402683.68,0.011643
87055,22160K10,COST,7882,2020-08-04,339.790000,150025439.96,0.031793
87055,22160K10,COST,7882,2020-08-05,339.970000,150104914.28,0.000530
87055,22160K10,COST,7882,2020-08-06,343.310000,151579604.44,0.009824
87055,22160K10,COST,7882,2020-08-07,340.910000,150519946.84,-0.006991
87055,22160K10,COST,7882,2020-08-10,340.000000,150118160.00,-0.002669
87055,22160K10,COST,7882,2020-08-11,332.430000,146775823.32,-0.022265
87055,22160K10,COST,7882,2020-08-12,336.760000,148687622.24,0.013025
87055,22160K10,COST,7882,2020-08-13,335.700000,148219606.80,-0.003148
87055,22160K10,COST,7882,2020-08-14,336.280000,148475690.72,0.001728
87055,22160K10,COST,7882,2020-08-17,339.960000,150100499.04,0.010943
87055,22160K10,COST,7882,2020-08-18,340.750000,150449303.00,0.002324
87055,22160K10,COST,7882,2020-08-19,340.900000,150515531.60,0.000440
87055,22160K10,COST,7882,2020-08-20,340.870000,150502285.88,-0.000088
87055,22160K10,COST,7882,2020-08-21,344.610000,152153585.64,0.010972
87055,22160K10,COST,7882,2020-08-24,344.130000,151941654.12,-0.001393
87055,22160K10,COST,7882,2020-08-25,344.710000,152197738.04,0.001685
87055,22160K10,COST,7882,2020-08-26,344.270000,152003467.48,-0.001276
87055,22160K10,COST,7882,2020-08-27,346.360000,152926252.64,0.006071
87055,22160K10,COST,7882,2020-08-28,348.370000,153720004.35,0.005803
87055,22160K10,COST,7882,2020-08-31,347.660000,153406713.30,-0.002038
87055,22160K10,COST,7882,2020-09-01,351.380000,155048181.90,0.010700
87055,22160K10,COST,7882,2020-09-02,358.860000,158348769.30,0.021287
87055,22160K10,COST,7882,2020-09-03,348.300000,153689116.50,-0.029427
87055,22160K10,COST,7882,2020-09-04,346.570000,152925745.35,-0.004967
87055,22160K10,COST,7882,2020-09-08,338.860000,149523669.30,-0.022247
87055,22160K10,COST,7882,2020-09-09,346.430000,152863969.65,0.022340
87055,22160K10,COST,7882,2020-09-10,339.530000,149819310.15,-0.019917
87055,22160K10,COST,7882,2020-09-11,339.130000,149642808.15,-0.001178
87055,22160K10,COST,7882,2020-09-14,342.920000,151315164.60,0.011176
87055,22160K10,COST,7882,2020-09-15,343.910000,151752007.05,0.002887
87055,22160K10,COST,7882,2020-09-16,343.730000,151672581.15,-0.000523
87055,22160K10,COST,7882,2020-09-17,338.880000,149532494.40,-0.014110
87055,22160K10,COST,7882,2020-09-18,335.960000,148244029.80,-0.008617
87055,22160K10,COST,7882,2020-09-21,339.570000,149836960.35,0.010745
87055,22160K10,COST,7882,2020-09-22,344.450000,151990284.75,0.014371
87055,22160K10,COST,7882,2020-09-23,344.630000,152069710.65,0.000523
87055,22160K10,COST,7882,2020-09-24,347.000000,153115485.00,0.006877
87055,22160K10,COST,7882,2020-09-25,342.580000,151165137.90,-0.012738
87055,22160K10,COST,7882,2020-09-28,349.620000,154271573.10,0.020550
87055,22160K10,COST,7882,2020-09-29,352.140000,155374027.92,0.007208
87055,22160K10,COST,7882,2020-09-30,355.000000,156635940.00,0.008122
87055,22160K10,COST,7882,2020-10-01,358.460000,158162588.88,0.009746
87055,22160K10,COST,7882,2020-10-02,355.010000,156640352.28,-0.009625
87055,22160K10,COST,7882,2020-10-05,358.580000,158215536.24,0.010056
87055,22160K10,COST,7882,2020-10-06,358.350000,158114053.80,-0.000641
87055,22160K10,COST,7882,2020-10-07,363.020000,160174588.56,0.013032
87055,22160K10,COST,7882,2020-10-08,365.090000,161087930.52,0.005702
87055,22160K10,COST,7882,2020-10-09,369.460000,163016096.88,0.011970
87055,22160K10,COST,7882,2020-10-12,376.480000,166113517.44,0.019001
87055,22160K10,COST,7882,2020-10-13,380.680000,167966675.04,0.011156
87055,22160K10,COST,7882,2020-10-14,378.340000,166934201.52,-0.006147
87055,22160K10,COST,7882,2020-10-15,376.580000,166157640.24,-0.004652
87055,22160K10,COST,7882,2020-10-16,381.540000,168346131.12,0.013171
87055,22160K10,COST,7882,2020-10-19,375.560000,165707587.68,-0.015673
87055,22160K10,COST,7882,2020-10-20,378.310000,166920964.68,0.007322
87055,22160K10,COST,7882,2020-10-21,377.820000,166704762.96,-0.001295
87055,22160K10,COST,7882,2020-10-22,375.750000,165791421.00,-0.005479
87055,22160K10,COST,7882,2020-10-23,374.600000,165284008.80,-0.003061
87055,22160K10,COST,7882,2020-10-26,370.710000,163567631.88,-0.010384
87055,22160K10,COST,7882,2020-10-27,372.720000,164454500.16,0.005422
87055,22160K10,COST,7882,2020-10-28,364.960000,161030570.88,-0.020820
87055,22160K10,COST,7882,2020-10-29,364.860000,160986448.08,0.001644
87055,22160K10,COST,7882,2020-10-30,357.620000,157791957.36,-0.019843
87055,22160K10,COST,7882,2020-11-02,364.390000,160779070.92,0.018931
87055,22160K10,COST,7882,2020-11-03,371.960000,164119166.88,0.020774
87055,22160K10,COST,7882,2020-11-04,376.170000,165976736.76,0.011318
87055,22160K10,COST,7882,2020-11-05,385.230000,169974262.44,0.024085
87055,22160K10,COST,7882,2020-11-06,385.660000,170163990.48,0.001116
87055,22160K10,COST,7882,2020-11-09,365.000000,161048220.00,-0.053571
87055,22160K10,COST,7882,2020-11-10,366.620000,161763009.36,0.004438
87055,22160K10,COST,7882,2020-11-11,372.920000,164542745.76,0.017184
87055,22160K10,COST,7882,2020-11-12,375.710000,166422623.05,0.007481
87055,22160K10,COST,7882,2020-11-13,378.840000,167809072.20,0.008331
87055,22160K10,COST,7882,2020-11-16,379.790000,168229879.45,0.002508
87055,22160K10,COST,7882,2020-11-17,381.920000,169173373.60,0.005608
87055,22160K10,COST,7882,2020-11-18,382.230000,169310689.65,0.000812
87055,22160K10,COST,7882,2020-11-19,383.540000,169890960.70,0.003427
87055,22160K10,COST,7882,2020-11-20,381.120000,168819009.60,-0.006310
87055,22160K10,COST,7882,2020-11-23,381.710000,169080353.05,0.001548
87055,22160K10,COST,7882,2020-11-24,384.220000,170192170.10,0.006576
87055,22160K10,COST,7882,2020-11-25,387.750000,171755801.25,0.009187
87055,22160K10,COST,7882,2020-11-27,388.390000,172039292.45,0.001651
87055,22160K10,COST,7882,2020-11-30,391.770000,173536480.35,0.008703
87055,22160K10,COST,7882,2020-12-01,387.560000,171671639.80,0.014779
87055,22160K10,COST,7882,2020-12-02,383.500000,169873242.50,-0.010476
87055,22160K10,COST,7882,2020-12-03,374.050000,165687317.75,-0.024641
87055,22160K10,COST,7882,2020-12-04,373.430000,165412685.65,-0.001658
87055,22160K10,COST,7882,2020-12-07,373.330000,165368390.15,-0.000268
87055,22160K10,COST,7882,2020-12-08,377.600000,167259808.00,0.011438
87055,22160K10,COST,7882,2020-12-09,374.290000,165793626.95,-0.008766
87055,22160K10,COST,7882,2020-12-10,372.790000,165129194.45,-0.004008
87055,22160K10,COST,7882,2020-12-11,375.100000,166152420.50,0.006197
87055,22160K10,COST,7882,2020-12-14,374.380000,165833492.90,-0.001919
87055,22160K10,COST,7882,2020-12-15,371.880000,164726105.40,-0.006678
87055,22160K10,COST,7882,2020-12-16,369.440000,163645295.20,-0.006561
87055,22160K10,COST,7882,2020-12-17,370.290000,164021806.95,0.002301
87055,22160K10,COST,7882,2020-12-18,367.000000,162564485.00,-0.008885
87055,22160K10,COST,7882,2020-12-21,364.970000,161665286.35,-0.005531
87055,22160K10,COST,7882,2020-12-22,362.030000,160362998.65,-0.008055
87055,22160K10,COST,7882,2020-12-23,361.890000,160300984.95,-0.000387
87055,22160K10,COST,7882,2020-12-24,364.580000,161492533.90,0.007433
87055,22160K10,COST,7882,2020-12-28,371.060000,164362882.30,0.017774
87055,22160K10,COST,7882,2020-12-29,372.720000,165098187.60,0.004474
87055,22160K10,COST,7882,2020-12-30,374.450000,165864499.75,0.004642
87055,22160K10,COST,7882,2020-12-31,376.780000,166896584.90,0.006222
87055,22160K10,COST,7882,2021-01-04,380.150000,168389343.25,0.008944
87055,22160K10,COST,7882,2021-01-05,375.740000,166435911.70,-0.011601
87055,22160K10,COST,7882,2021-01-06,370.020000,163902209.10,-0.015223
87055,22160K10,COST,7882,2021-01-07,367.920000,162972003.60,-0.005675
87055,22160K10,COST,7882,2021-01-08,369.940000,163866772.70,0.005490
87055,22160K10,COST,7882,2021-01-11,364.010000,161240049.55,-0.016030
87055,22160K10,COST,7882,2021-01-12,364.200000,161324211.00,0.000522
87055,22160K10,COST,7882,2021-01-13,366.950000,162542337.25,0.007551
87055,22160K10,COST,7882,2021-01-14,362.350000,160504744.25,-0.012536
87055,22160K10,COST,7882,2021-01-15,362.160000,160420582.80,-0.000524
87055,22160K10,COST,7882,2021-01-19,354.470000,157014258.85,-0.021234
87055,22160K10,COST,7882,2021-01-20,361.300000,160039641.50,0.019268
87055,22160K10,COST,7882,2021-01-21,362.800000,160704074.00,0.004152
87055,22160K10,COST,7882,2021-01-22,362.300000,160482596.50,-0.001378
87055,22160K10,COST,7882,2021-01-25,361.880000,160296555.40,-0.001159
87055,22160K10,COST,7882,2021-01-26,364.980000,161669715.90,0.008566
87055,22160K10,COST,7882,2021-01-27,356.390000,157864732.45,-0.023536
87055,22160K10,COST,7882,2021-01-28,357.060000,158161512.30,0.001880
87055,22160K10,COST,7882,2021-01-29,352.430000,156110630.65,-0.012967
87055,22160K10,COST,7882,2021-02-01,350.520000,155264586.60,-0.005420
87055,22160K10,COST,7882,2021-02-02,355.580000,157505938.90,0.014436
87055,22160K10,COST,7882,2021-02-03,355.210000,157342045.55,-0.001041
87055,22160K10,COST,7882,2021-02-04,355.850000,157625536.75,0.003772
87055,22160K10,COST,7882,2021-02-05,355.170000,157324327.35,-0.001911
87055,22160K10,COST,7882,2021-02-08,359.830000,159388497.65,0.013120
87055,22160K10,COST,7882,2021-02-09,359.560000,159268899.80,-0.000750
87055,22160K10,COST,7882,2021-02-10,356.120000,157745134.60,-0.009567
87055,22160K10,COST,7882,2021-02-11,352.200000,156008751.00,-0.011008
87055,22160K10,COST,7882,2021-02-12,352.750000,156146198.50,0.001562
87055,22160K10,COST,7882,2021-02-16,354.000000,156699516.00,0.003544
87055,22160K10,COST,7882,2021-02-17,358.040000,158487838.16,0.011412
87055,22160K10,COST,7882,2021-02-18,356.920000,157992065.68,-0.003128
87055,22160K10,COST,7882,2021-02-19,354.770000,157040359.58,-0.006024
87055,22160K10,COST,7882,2021-02-22,350.210000,155021857.34,-0.012853
87055,22160K10,COST,7882,2021-02-23,342.150000,151454066.10,-0.023015
87055,22160K10,COST,7882,2021-02-24,340.700000,150812217.80,-0.004238
87055,22160K10,COST,7882,2021-02-25,333.900000,147802170.60,-0.019959
87055,22160K10,COST,7882,2021-02-26,331.000000,146518474.00,-0.008685
87055,22160K10,COST,7882,2021-03-01,331.770000,146859317.58,0.002326
87055,22160K10,COST,7882,2021-03-02,328.460000,145394132.84,-0.009977
87055,22160K10,COST,7882,2021-03-03,323.920000,143345613.28,-0.013822
87055,22160K10,COST,7882,2021-03-04,319.040000,141186047.36,-0.015065
87055,22160K10,COST,7882,2021-03-05,317.320000,140424888.88,-0.005391
87055,22160K10,COST,7882,2021-03-08,311.420000,137813938.28,-0.018593
87055,22160K10,COST,7882,2021-03-09,318.780000,141070988.52,0.023634
87055,22160K10,COST,7882,2021-03-10,323.830000,143305785.22,0.015842
87055,22160K10,COST,7882,2021-03-11,328.650000,145438799.10,0.014884
87055,22160K10,COST,7882,2021-03-12,331.140000,146540708.76,0.007576
87055,22160K10,COST,7882,2021-03-15,330.510000,146261912.34,-0.001903
87055,22160K10,COST,7882,2021-03-16,327.250000,144819251.50,-0.009864
87055,22160K10,COST,7882,2021-03-17,329.190000,145677767.46,0.005928
87055,22160K10,COST,7882,2021-03-18,322.980000,142929631.32,-0.018864
87055,22160K10,COST,7882,2021-03-19,328.910000,145553857.94,0.018360
87055,22160K10,COST,7882,2021-03-22,334.490000,148023197.66,0.016965
87055,22160K10,COST,7882,2021-03-23,340.340000,150612021.56,0.017489
87055,22160K10,COST,7882,2021-03-24,338.040000,149594193.36,-0.006758
87055,22160K10,COST,7882,2021-03-25,346.340000,153267225.56,0.024553
87055,22160K10,COST,7882,2021-03-26,352.020000,155780818.68,0.016400
87055,22160K10,COST,7882,2021-03-29,356.150000,157608484.10,0.011732
87055,22160K10,COST,7882,2021-03-30,349.750000,154776266.50,-0.017970
87055,22160K10,COST,7882,2021-03-31,352.480000,155984384.32,0.007806
87055,22160K10,COST,7882,2021-04-01,354.940000,157073017.96,0.006979
87055,22160K10,COST,7882,2021-04-05,360.820000,159675117.88,0.016566
87055,22160K10,COST,7882,2021-04-06,360.120000,159365344.08,-0.001940
87055,22160K10,COST,7882,2021-04-07,358.810000,158785624.54,-0.003638
87055,22160K10,COST,7882,2021-04-08,361.220000,159852131.48,0.006717
87055,22160K10,COST,7882,2021-04-09,363.210000,160732774.14,0.005509
87055,22160K10,COST,7882,2021-04-12,364.810000,161440828.54,0.004405
87055,22160K10,COST,7882,2021-04-13,365.210000,161617842.14,0.001096
87055,22160K10,COST,7882,2021-04-14,363.170000,160715072.78,-0.005586
87055,22160K10,COST,7882,2021-04-15,368.800000,163206539.20,0.015502
87055,22160K10,COST,7882,2021-04-16,370.720000,164056204.48,0.005206
87055,22160K10,COST,7882,2021-04-19,369.550000,163538439.70,-0.003156
87055,22160K10,COST,7882,2021-04-20,371.730000,164503163.82,0.005899
87055,22160K10,COST,7882,2021-04-21,374.090000,165547544.06,0.006349
87055,22160K10,COST,7882,2021-04-22,371.260000,164295172.84,-0.007565
87055,22160K10,COST,7882,2021-04-23,373.280000,165189091.52,0.005441
87055,22160K10,COST,7882,2021-04-26,368.520000,163082629.68,-0.012752
87055,22160K10,COST,7882,2021-04-27,370.210000,163830512.14,0.004586
87055,22160K10,COST,7882,2021-04-28,369.590000,163556141.06,-0.001675
87055,22160K10,COST,7882,2021-04-29,373.540000,165304150.36,0.012825
87055,22160K10,COST,7882,2021-04-30,372.090000,164662476.06,-0.003882
87055,22160K10,COST,7882,2021-05-03,379.320000,167861996.88,0.019431
87055,22160K10,COST,7882,2021-05-04,375.290000,166078584.86,-0.010624
87055,22160K10,COST,7882,2021-05-05,372.500000,164843915.00,-0.007434
87055,22160K10,COST,7882,2021-05-06,382.760000,169384313.84,0.027544
87055,22160K10,COST,7882,2021-05-07,384.320000,169923629.12,0.004076
87055,22160K10,COST,7882,2021-05-10,381.480000,168667948.68,-0.007390
87055,22160K10,COST,7882,2021-05-11,378.180000,167208883.38,-0.008651
87055,22160K10,COST,7882,2021-05-12,372.200000,164564880.20,-0.015813
87055,22160K10,COST,7882,2021-05-13,379.530000,167805773.73,0.019694
87055,22160K10,COST,7882,2021-05-14,384.420000,169967843.22,0.012884
87055,22160K10,COST,7882,2021-05-17,383.960000,169764458.36,-0.001197
87055,22160K10,COST,7882,2021-05-18,382.810000,169255996.21,-0.002995
87055,22160K10,COST,7882,2021-05-19,379.660000,167863252.06,-0.008229
87055,22160K10,COST,7882,2021-05-20,383.580000,169596444.78,0.010325
87055,22160K10,COST,7882,2021-05-21,380.720000,168331921.52,-0.007456
87055,22160K10,COST,7882,2021-05-24,383.450000,169538966.45,0.007171
87055,22160K10,COST,7882,2021-05-25,385.380000,170392298.58,0.005033
87055,22160K10,COST,7882,2021-05-26,385.620000,170470647.78,0.000623
87055,22160K10,COST,7882,2021-05-27,387.500000,171301737.50,0.004875
87055,22160K10,COST,7882,2021-05-28,378.270000,167221440.63,-0.023819
87055,22160K10,COST,7882,2021-06-01,378.230000,167203757.87,-0.000106
87055,22160K10,COST,7882,2021-06-02,380.590000,168247040.71,0.006240
87055,22160K10,COST,7882,2021-06-03,383.870000,169697027.03,0.008618
87055,22160K10,COST,7882,2021-06-04,387.520000,171310578.88,0.009508
87055,22160K10,COST,7882,2021-06-07,380.400000,168339933.60,-0.018373
87055,22160K10,COST,7882,2021-06-08,379.700000,167853599.30,-0.001840
87055,22160K10,COST,7882,2021-06-09,379.960000,167968537.24,0.000685
87055,22160K10,COST,7882,2021-06-10,383.010000,169316847.69,0.008027
87055,22160K10,COST,7882,2021-06-11,381.830000,168795206.27,-0.003081
87055,22160K10,COST,7882,2021-06-14,383.760000,169648399.44,0.005055
87055,22160K10,COST,7882,2021-06-15,383.910000,169714709.79,0.000391
87055,22160K10,COST,7882,2021-06-16,379.410000,167725399.29,-0.011721
87055,22160K10,COST,7882,2021-06-17,384.750000,170086047.75,0.014074
87055,22160K10,COST,7882,2021-06-18,380.880000,168375240.72,-0.010058
87055,22160K10,COST,7882,2021-06-21,386.800000,170992289.20,0.015543
87055,22160K10,COST,7882,2021-06-22,392.180000,173370620.42,0.013909
87055,22160K10,COST,7882,2021-06-23,391.970000,173277785.93,-0.000535
87055,22160K10,COST,7882,2021-06-24,392.070000,173321992.83,0.000255
87055,22160K10,COST,7882,2021-06-25,394.510000,174400641.19,0.006223
87055,22160K10,COST,7882,2021-06-28,396.540000,175298041.26,0.005146
87055,22160K10,COST,7882,2021-06-29,398.790000,176292696.51,0.005674
87055,22160K10,COST,7882,2021-06-30,395.670000,174913441.23,-0.007824
87055,22160K10,COST,7882,2021-07-01,394.530000,174409482.57,-0.002881
87055,22160K10,COST,7882,2021-07-02,398.940000,176359006.86,0.011178
87055,22160K10,COST,7882,2021-07-06,398.860000,176323641.34,-0.000201
87055,22160K10,COST,7882,2021-07-07,404.680000,178896482.92,0.014592
87055,22160K10,COST,7882,2021-07-08,407.150000,179988393.35,0.006104
87055,22160K10,COST,7882,2021-07-09,412.370000,182295993.53,0.012821
87055,22160K10,COST,7882,2021-07-12,407.880000,180311103.72,-0.010888
87055,22160K10,COST,7882,2021-07-13,407.060000,179948607.14,-0.002010
87055,22160K10,COST,7882,2021-07-14,409.950000,181226186.55,0.007100
87055,22160K10,COST,7882,2021-07-15,411.820000,182052855.58,0.004562
87055,22160K10,COST,7882,2021-07-16,410.370000,181411855.53,-0.003521
87055,22160K10,COST,7882,2021-07-19,414.150000,183082876.35,0.009211
87055,22160K10,COST,7882,2021-07-20,416.240000,184006800.56,0.005046
87055,22160K10,COST,7882,2021-07-21,415.010000,183463055.69,-0.002955
87055,22160K10,COST,7882,2021-07-22,417.540000,184581490.26,0.006096
87055,22160K10,COST,7882,2021-07-23,423.430000,187185276.67,0.014106
87055,22160K10,COST,7882,2021-07-26,423.230000,187096862.87,-0.000472
87055,22160K10,COST,7882,2021-07-27,424.340000,187587559.46,0.002623
87055,22160K10,COST,7882,2021-07-28,422.220000,186650373.18,-0.004996
87055,22160K10,COST,7882,2021-07-29,425.280000,188003104.32,0.009118
87055,22160K10,COST,7882,2021-07-30,429.720000,189965890.68,0.010440
87055,22160K10,COST,7882,2021-08-02,428.920000,189612235.48,-0.001862
87055,22160K10,COST,7882,2021-08-03,435.070000,192330959.83,0.014338
87055,22160K10,COST,7882,2021-08-04,435.040000,192317697.76,-0.000069
87055,22160K10,COST,7882,2021-08-05,443.190000,195920560.11,0.018734
87055,22160K10,COST,7882,2021-08-06,439.630000,194346794.47,-0.008033
87055,22160K10,COST,7882,2021-08-09,440.470000,194718132.43,0.001911
87055,22160K10,COST,7882,2021-08-10,443.030000,195849829.07,0.005812
87055,22160K10,COST,7882,2021-08-11,444.300000,196411256.70,0.002867
87055,22160K10,COST,7882,2021-08-12,445.360000,196879849.84,0.002386
87055,22160K10,COST,7882,2021-08-13,447.820000,197967339.58,0.005524
87055,22160K10,COST,7882,2021-08-16,452.860000,200195367.34,0.011255
87055,22160K10,COST,7882,2021-08-17,452.340000,199965491.46,-0.001148
87055,22160K10,COST,7882,2021-08-18,446.210000,197255608.49,-0.013552
87055,22160K10,COST,7882,2021-08-19,454.260000,200814263.94,0.018041
87055,22160K10,COST,7882,2021-08-20,458.990000,202905250.31,0.010413
87055,22160K10,COST,7882,2021-08-23,454.930000,201110450.17,-0.008846
87055,22160K10,COST,7882,2021-08-24,451.790000,199722353.51,-0.006902
87055,22160K10,COST,7882,2021-08-25,451.230000,199474794.87,-0.001240
87055,22160K10,COST,7882,2021-08-26,449.310000,198626022.39,-0.004255
87055,22160K10,COST,7882,2021-08-27,450.340000,198971470.50,0.002292
87055,22160K10,COST,7882,2021-08-30,455.930000,201441272.25,0.012413
87055,22160K10,COST,7882,2021-08-31,455.490000,201246869.25,-0.000965
87055,22160K10,COST,7882,2021-09-01,456.520000,201701949.00,0.002261
87055,22160K10,COST,7882,2021-09-02,460.970000,203668070.25,0.009748
87055,22160K10,COST,7882,2021-09-03,462.550000,204366153.75,0.003428
87055,22160K10,COST,7882,2021-09-07,459.600000,203062770.00,-0.006378
87055,22160K10,COST,7882,2021-09-08,465.700000,205757902.50,0.013272
87055,22160K10,COST,7882,2021-09-09,465.940000,205863940.50,0.000515
87055,22160K10,COST,7882,2021-09-10,465.160000,205519317.00,-0.001674
87055,22160K10,COST,7882,2021-09-13,459.660000,203089279.50,-0.011824
87055,22160K10,COST,7882,2021-09-14,458.410000,202536998.25,-0.002719
87055,22160K10,COST,7882,2021-09-15,460.730000,203562032.25,0.005061
87055,22160K10,COST,7882,2021-09-16,463.310000,204701940.75,0.005600
87055,22160K10,COST,7882,2021-09-17,459.510000,203023005.75,-0.008202
87055,22160K10,COST,7882,2021-09-20,451.140000,199324930.50,-0.018215
87055,22160K10,COST,7882,2021-09-21,452.110000,199753500.75,0.002150
87055,22160K10,COST,7882,2021-09-22,452.330000,199850702.25,0.000487
87055,22160K10,COST,7882,2021-09-23,452.780000,200049523.50,0.000995
87055,22160K10,COST,7882,2021-09-24,467.750000,206663643.75,0.033062
87055,22160K10,COST,7882,2021-09-27,460.560000,203486922.00,-0.015371
87055,22160K10,COST,7882,2021-09-28,447.350000,197649966.40,-0.028682
87055,22160K10,COST,7882,2021-09-29,451.790000,199611664.96,0.009925
87055,22160K10,COST,7882,2021-09-30,449.350000,198533614.40,-0.005401
87055,22160K10,COST,7882,2021-10-01,448.330000,198082953.92,-0.002270
87055,22160K10,COST,7882,2021-10-04,440.140000,194464415.36,-0.018268
87055,22160K10,COST,7882,2021-10-05,446.240000,197159541.76,0.013859
87055,22160K10,COST,7882,2021-10-06,449.340000,198529196.16,0.006947
87055,22160K10,COST,7882,2021-10-07,452.870000,200088834.88,0.007856
87055,22160K10,COST,7882,2021-10-08,451.850000,199638174.40,-0.002252
87055,22160K10,COST,7882,2021-10-11,449.700000,198688252.80,-0.004758
87055,22160K10,COST,7882,2021-10-12,446.870000,197437890.88,-0.006293
87055,22160K10,COST,7882,2021-10-13,445.300000,196744227.20,-0.003513
87055,22160K10,COST,7882,2021-10-14,450.660000,199112403.84,0.012037
87055,22160K10,COST,7882,2021-10-15,452.390000,199876759.36,0.003839
87055,22160K10,COST,7882,2021-10-18,461.950000,204100596.80,0.021132
87055,22160K10,COST,7882,2021-10-19,467.080000,206367153.92,0.011105
87055,22160K10,COST,7882,2021-10-20,469.770000,207555660.48,0.005759
87055,22160K10,COST,7882,2021-10-21,477.230000,210851667.52,0.015880
87055,22160K10,COST,7882,2021-10-22,481.990000,212954749.76,0.009974
87055,22160K10,COST,7882,2021-10-25,490.100000,216537942.40,0.016826
87055,22160K10,COST,7882,2021-10-26,485.530000,214518806.72,-0.009325
87055,22160K10,COST,7882,2021-10-27,489.110000,216100536.64,0.007373
87055,22160K10,COST,7882,2021-10-28,490.530000,216727926.72,0.004518
87055,22160K10,COST,7882,2021-10-29,491.540000,217174168.96,0.002059
87055,22160K10,COST,7882,2021-11-01,491.870000,217319970.88,0.000671
87055,22160K10,COST,7882,2021-11-02,496.990000,219582109.76,0.010409
87055,22160K10,COST,7882,2021-11-03,502.330000,221941449.92,0.010745
87055,22160K10,COST,7882,2021-11-04,515.620000,227813290.88,0.026457
87055,22160K10,COST,7882,2021-11-05,513.120000,226708730.88,-0.004849
87055,22160K10,COST,7882,2021-11-08,503.810000,222595349.44,-0.018144
87055,22160K10,COST,7882,2021-11-09,508.710000,224760287.04,0.009726
87055,22160K10,COST,7882,2021-11-10,505.510000,223346450.24,-0.006290
87055,22160K10,COST,7882,2021-11-11,512.180000,227118026.12,0.013195
87055,22160K10,COST,7882,2021-11-12,517.170000,229330761.78,0.009743
87055,22160K10,COST,7882,2021-11-15,519.890000,230536902.26,0.005259
87055,22160K10,COST,7882,2021-11-16,526.720000,233565556.48,0.013137
87055,22160K10,COST,7882,2021-11-17,526.290000,233374879.86,-0.000816
87055,22160K10,COST,7882,2021-11-18,529.370000,234740656.58,0.005852
87055,22160K10,COST,7882,2021-11-19,533.790000,236700634.86,0.008350
87055,22160K10,COST,7882,2021-11-22,539.650000,239299158.10,0.010978
87055,22160K10,COST,7882,2021-11-23,545.260000,241786822.84,0.010396
87055,22160K10,COST,7882,2021-11-24,549.730000,243768972.82,0.008198
87055,22160K10,COST,7882,2021-11-26,546.130000,242172610.42,-0.006549
87055,22160K10,COST,7882,2021-11-29,554.880000,246052657.92,0.016022
87055,22160K10,COST,7882,2021-11-30,539.380000,239179430.92,-0.027934
87055,22160K10,COST,7882,2021-12-01,529.840000,234949070.56,-0.017687
87055,22160K10,COST,7882,2021-12-02,525.510000,233029001.34,-0.008172
87055,22160K10,COST,7882,2021-12-03,528.930000,234545545.62,0.006508
87055,22160K10,COST,7882,2021-12-06,533.200000,236439008.80,0.008073
87055,22160K10,COST,7882,2021-12-07,542.020000,240350096.68,0.016542
87055,22160K10,COST,7882,2021-12-08,530.110000,235068797.74,-0.021973
87055,22160K10,COST,7882,2021-12-09,524.330000,232505749.22,-0.010903
87055,22160K10,COST,7882,2021-12-10,558.820000,247799787.88,0.065779
87055,22160K10,COST,7882,2021-12-13,557.220000,247090293.48,-0.002863
87055,22160K10,COST,7882,2021-12-14,545.340000,242096058.24,-0.021320
87055,22160K10,COST,7882,2021-12-15,565.480000,251036929.28,0.036931
87055,22160K10,COST,7882,2021-12-16,552.630000,245332351.68,-0.022724
87055,22160K10,COST,7882,2021-12-17,547.610000,243103792.96,-0.009084
87055,22160K10,COST,7882,2021-12-20,548.560000,243525532.16,0.001735
87055,22160K10,COST,7882,2021-12-21,545.430000,241861115.76,-0.005706
87055,22160K10,COST,7882,2021-12-22,549.670000,243741267.44,0.007774
87055,22160K10,COST,7882,2021-12-23,550.370000,244051669.84,0.001273
87055,22160K10,COST,7882,2021-12-27,563.470000,249860629.04,0.023802
87055,22160K10,COST,7882,2021-12-28,564.640000,250379444.48,0.002076
87055,22160K10,COST,7882,2021-12-29,567.770000,251767386.64,0.005543
87055,22160K10,COST,7882,2021-12-30,563.910000,250055739.12,-0.006799
87055,22160K10,COST,7882,2021-12-31,567.700000,251736346.40,0.006721
87055,22160K10,COST,7882,2022-01-03,566.710000,251297348.72,-0.001744
87055,22160K10,COST,7882,2022-01-04,564.230000,250197637.36,-0.004376
87055,22160K10,COST,7882,2022-01-05,549.920000,243852125.44,-0.025362
87055,22160K10,COST,7882,2022-01-06,549.800000,243798913.60,-0.000218
87055,22160K10,COST,7882,2022-01-07,536.180000,237759369.76,-0.024773
87055,22160K10,COST,7882,2022-01-10,518.800000,230052521.60,-0.032414
87055,22160K10,COST,7882,2022-01-11,522.030000,231484806.96,0.006226
87055,22160K10,COST,7882,2022-01-12,525.800000,233156545.60,0.007222
87055,22160K10,COST,7882,2022-01-13,516.880000,229201132.16,-0.016965
87055,22160K10,COST,7882,2022-01-14,502.990000,223041861.68,-0.026873
87055,22160K10,COST,7882,2022-01-18,488.070000,216425856.24,-0.029663
87055,22160K10,COST,7882,2022-01-19,490.160000,217352629.12,0.004282
87055,22160K10,COST,7882,2022-01-20,482.820000,214097838.24,-0.014975
87055,22160K10,COST,7882,2022-01-21,481.610000,213561285.52,-0.002506
87055,22160K10,COST,7882,2022-01-24,488.900000,216793904.80,0.015137
87055,22160K10,COST,7882,2022-01-25,477.320000,211658962.24,-0.023686
87055,22160K10,COST,7882,2022-01-26,483.470000,214386069.04,0.012884
87055,22160K10,COST,7882,2022-01-27,482.520000,213964808.64,-0.001965
87055,22160K10,COST,7882,2022-01-28,492.430000,218359219.76,0.020538
87055,22160K10,COST,7882,2022-01-31,505.130000,223990806.16,0.025790
87055,22160K10,COST,7882,2022-02-01,508.410000,225445263.12,0.006493
87055,22160K10,COST,7882,2022-02-02,522.020000,231480372.64,0.026770
87055,22160K10,COST,7882,2022-02-03,521.770000,231369514.64,0.001034
87055,22160K10,COST,7882,2022-02-04,519.770000,230482650.64,-0.003833
87055,22160K10,COST,7882,2022-02-07,515.890000,228762134.48,-0.007465
87055,22160K10,COST,7882,2022-02-08,521.150000,231094586.80,0.010196
87055,22160K10,COST,7882,2022-02-09,528.830000,234500144.56,0.014737
87055,22160K10,COST,7882,2022-02-10,518.480000,229910623.36,-0.019572
87055,22160K10,COST,7882,2022-02-11,509.670000,225926007.93,-0.016992
87055,22160K10,COST,7882,2022-02-14,506.560000,224547410.24,-0.006102
87055,22160K10,COST,7882,2022-02-15,513.920000,227809943.68,0.014529
87055,22160K10,COST,7882,2022-02-16,512.400000,227136159.60,-0.002958
87055,22160K10,COST,7882,2022-02-17,515.010000,228293117.79,0.005094
87055,22160K10,COST,7882,2022-02-18,512.670000,227255844.93,-0.004544
87055,22160K10,COST,7882,2022-02-22,502.180000,222605848.22,-0.020462
87055,22160K10,COST,7882,2022-02-23,495.260000,219538357.54,-0.013780
87055,22160K10,COST,7882,2022-02-24,505.580000,224112996.82,0.020838
87055,22160K10,COST,7882,2022-02-25,517.490000,229392449.71,0.023557
87055,22160K10,COST,7882,2022-02-28,519.250000,230172620.75,0.003401
87055,22160K10,COST,7882,2022-03-01,522.930000,231803887.47,0.007087
87055,22160K10,COST,7882,2022-03-02,528.000000,234022272.00,0.009695
87055,22160K10,COST,7882,2022-03-03,533.050000,236260553.20,0.009564
87055,22160K10,COST,7882,2022-03-04,525.500000,232914212.00,-0.014164
87055,22160K10,COST,7882,2022-03-07,528.520000,234252748.48,0.005747
87055,22160K10,COST,7882,2022-03-08,523.360000,231965712.64,-0.009763
87055,22160K10,COST,7882,2022-03-09,527.650000,233867143.60,0.008197
87055,22160K10,COST,7882,2022-03-10,532.720000,236114289.28,0.009609
87055,22160K10,COST,7882,2022-03-11,527.420000,233765202.08,-0.009949
87055,22160K10,COST,7882,2022-03-14,525.950000,233113662.80,-0.002787
87055,22160K10,COST,7882,2022-03-15,542.320000,240369239.68,0.031125
87055,22160K10,COST,7882,2022-03-16,543.390000,240843489.36,0.001973
87055,22160K10,COST,7882,2022-03-17,552.790000,245009794.96,0.017299
87055,22160K10,COST,7882,2022-03-18,561.350000,248803792.40,0.015485
87055,22160K10,COST,7882,2022-03-21,555.530000,246224228.72,-0.010368
87055,22160K10,COST,7882,2022-03-22,559.420000,247948370.08,0.007002
87055,22160K10,COST,7882,2022-03-23,554.020000,245554960.48,-0.009653
87055,22160K10,COST,7882,2022-03-24,558.110000,247367746.64,0.007382
87055,22160K10,COST,7882,2022-03-25,555.710000,246304009.04,-0.004300
87055,22160K10,COST,7882,2022-03-28,565.210000,250514637.04,0.017095
87055,22160K10,COST,7882,2022-03-29,569.980000,252628815.52,0.008439
87055,22160K10,COST,7882,2022-03-30,576.470000,255505339.28,0.011386
87055,22160K10,COST,7882,2022-03-31,575.850000,255230540.40,-0.001076
87055,22160K10,COST,7882,2022-04-01,575.570000,255106437.68,-0.000486
87055,22160K10,COST,7882,2022-04-04,575.130000,254911419.12,-0.000764
87055,22160K10,COST,7882,2022-04-05,575.320000,254995631.68,0.000330
87055,22160K10,COST,7882,2022-04-06,584.790000,259192962.96,0.016460
87055,22160K10,COST,7882,2022-04-07,608.050000,269502353.20,0.039775
87055,22160K10,COST,7882,2022-04-08,600.040000,265952128.96,-0.013173
87055,22160K10,COST,7882,2022-04-11,584.670000,259139776.08,-0.025615
87055,22160K10,COST,7882,2022-04-12,581.360000,257672704.64,-0.005661
87055,22160K10,COST,7882,2022-04-13,591.090000,261985274.16,0.016737
87055,22160K10,COST,7882,2022-04-14,590.390000,261675017.36,-0.001184
87055,22160K10,COST,7882,2022-04-18,582.120000,258009554.88,-0.014008
87055,22160K10,COST,7882,2022-04-19,594.300000,263408023.20,0.020924
87055,22160K10,COST,7882,2022-04-20,603.530000,267498980.72,0.015531
87055,22160K10,COST,7882,2022-04-21,591.740000,262273369.76,-0.019535
87055,22160K10,COST,7882,2022-04-22,571.700000,253391160.80,-0.033866
87055,22160K10,COST,7882,2022-04-25,568.210000,251844309.04,-0.006105
87055,22160K10,COST,7882,2022-04-26,553.760000,245439722.24,-0.025431
87055,22160K10,COST,7882,2022-04-27,554.080000,245581553.92,0.000578
87055,22160K10,COST,7882,2022-04-28,562.000000,249091888.00,0.015918
87055,22160K10,COST,7882,2022-04-29,531.720000,235671065.28,-0.053879
87055,22160K10,COST,7882,2022-05-02,528.950000,234443334.80,-0.005210
87055,22160K10,COST,7882,2022-05-03,528.080000,234057729.92,-0.001645
87055,22160K10,COST,7882,2022-05-04,544.430000,241304442.32,0.030961
87055,22160K10,COST,7882,2022-05-05,517.320000,229288639.68,-0.049795
87055,22160K10,COST,7882,2022-05-06,503.360000,223003077.44,-0.026985
87055,22160K10,COST,7882,2022-05-09,498.830000,220996156.07,-0.009000
87055,22160K10,COST,7882,2022-05-10,501.460000,222161322.34,0.005272
87055,22160K10,COST,7882,2022-05-11,489.080000,216676623.32,-0.024688
87055,22160K10,COST,7882,2022-05-12,486.180000,215391839.22,-0.005930
87055,22160K10,COST,7882,2022-05-13,497.270000,220305030.83,0.022810
87055,22160K10,COST,7882,2022-05-16,494.530000,219091131.37,-0.005510
87055,22160K10,COST,7882,2022-05-17,490.470000,217292433.63,-0.008210
87055,22160K10,COST,7882,2022-05-18,429.400000,190236652.60,-0.124513
87055,22160K10,COST,7882,2022-05-19,422.930000,187370254.97,-0.015068
87055,22160K10,COST,7882,2022-05-20,416.430000,184490566.47,-0.015369
87055,22160K10,COST,7882,2022-05-23,429.480000,190272094.92,0.031338
87055,22160K10,COST,7882,2022-05-24,437.710000,193918223.59,0.019163
87055,22160K10,COST,7882,2022-05-25,440.110000,194952445.93,0.005483
87055,22160K10,COST,7882,2022-05-26,464.990000,205973365.37,0.056531
87055,22160K10,COST,7882,2022-05-27,470.760000,208529261.88,0.012409
87055,22160K10,COST,7882,2022-05-31,466.220000,206518209.86,-0.009644
87055,22160K10,COST,7882,2022-06-01,456.990000,202429661.37,-0.019798
87055,22160K10,COST,7882,2022-06-02,487.610000,215993188.43,0.067004
87055,22160K10,COST,7882,2022-06-03,476.250000,211085430.00,-0.023297
87055,22160K10,COST,7882,2022-06-06,472.470000,209286728.61,-0.007937
87055,22160K10,COST,7882,2022-06-07,471.780000,208981084.14,-0.001460
87055,22160K10,COST,7882,2022-06-08,467.990000,207302254.37,-0.008033
87055,22160K10,COST,7882,2022-06-09,472.050000,209100684.15,0.008675
87055,22160K10,COST,7882,2022-06-10,463.310000,205229187.53,-0.018515
87055,22160K10,COST,7882,2022-06-13,452.250000,200330016.75,-0.023872
87055,22160K10,COST,7882,2022-06-14,454.800000,201459572.40,0.005638
87055,22160K10,COST,7882,2022-06-15,458.790000,203226994.77,0.008773
87055,22160K10,COST,7882,2022-06-16,451.760000,200112964.88,-0.015323
87055,22160K10,COST,7882,2022-06-17,446.690000,197867142.47,-0.011223
87055,22160K10,COST,7882,2022-06-21,463.110000,205140594.93,0.036759
87055,22160K10,COST,7882,2022-06-22,459.960000,203745261.48,-0.006802
87055,22160K10,COST,7882,2022-06-23,475.000000,210407425.00,0.032698
87055,22160K10,COST,7882,2022-06-24,484.370000,214557988.31,0.019726
87055,22160K10,COST,7882,2022-06-27,481.750000,213397425.25,-0.005409
87055,22160K10,COST,7882,2022-06-28,468.610000,207576891.43,-0.027276
87055,22160K10,COST,7882,2022-06-29,469.840000,208121735.92,0.002625
87055,22160K10,COST,7882,2022-06-30,479.280000,212303306.64,0.020092
87055,22160K10,COST,7882,2022-07-01,485.760000,215173706.88,0.013520
87055,22160K10,COST,7882,2022-07-05,488.260000,216281114.38,0.005147
87055,22160K10,COST,7882,2022-07-06,492.650000,218225721.95,0.008991
87055,22160K10,COST,7882,2022-07-07,494.950000,219244536.85,0.004669
87055,22160K10,COST,7882,2022-07-08,501.540000,222163663.02,0.013314
87055,22160K10,COST,7882,2022-07-11,498.900000,220994240.70,-0.005264
87055,22160K10,COST,7882,2022-07-12,490.570000,217304358.91,-0.016697
87055,22160K10,COST,7882,2022-07-13,492.220000,218035247.86,0.003363
87055,22160K10,COST,7882,2022-07-14,511.940000,226770478.22,0.040063
87055,22160K10,COST,7882,2022-07-15,522.950000,231647500.85,0.021506
87055,22160K10,COST,7882,2022-07-18,516.300000,228701796.90,-0.012716
87055,22160K10,COST,7882,2022-07-19,520.230000,230442641.49,0.007612
87055,22160K10,COST,7882,2022-07-20,524.200000,232201204.60,0.007631
87055,22160K10,COST,7882,2022-07-21,529.460000,234531189.98,0.010034
87055,22160K10,COST,7882,2022-07-22,529.720000,234646360.36,0.000491
87055,22160K10,COST,7882,2022-07-25,529.140000,234389441.82,-0.001095
87055,22160K10,COST,7882,2022-07-26,511.930000,226766048.59,-0.032524
87055,22160K10,COST,7882,2022-07-27,522.310000,231364004.53,0.020276
87055,22160K10,COST,7882,2022-07-28,536.180000,237507901.34,0.028278
87055,22160K10,COST,7882,2022-07-29,541.300000,239775871.90,0.009549
87055,22160K10,COST,7882,2022-08-01,546.810000,242216598.03,0.010179
87055,22160K10,COST,7882,2022-08-02,543.460000,240732671.98,-0.006126
87055,22160K10,COST,7882,2022-08-03,547.010000,242305190.63,0.006532
87055,22160K10,COST,7882,2022-08-04,543.280000,240652938.64,-0.006819
87055,22160K10,COST,7882,2022-08-05,540.670000,239496805.21,-0.004804
87055,22160K10,COST,7882,2022-08-08,541.900000,240041649.70,0.002275
87055,22160K10,COST,7882,2022-08-09,535.820000,237348434.66,-0.011220
87055,22160K10,COST,7882,2022-08-10,539.820000,239120286.66,0.007465
87055,22160K10,COST,7882,2022-08-11,532.200000,235744908.60,-0.014116
87055,22160K10,COST,7882,2022-08-12,537.210000,237964153.23,0.009414
87055,22160K10,COST,7882,2022-08-15,545.750000,241747057.25,0.015897
87055,22160K10,COST,7882,2022-08-16,553.020000,244967398.26,0.013321
87055,22160K10,COST,7882,2022-08-17,556.320000,246429176.16,0.005967
87055,22160K10,COST,7882,2022-08-18,560.960000,248484524.48,0.008341
87055,22160K10,COST,7882,2022-08-19,554.530000,245636272.39,-0.011462
87055,22160K10,COST,7882,2022-08-22,545.470000,241623027.61,-0.016338
87055,22160K10,COST,7882,2022-08-23,542.070000,240116953.41,-0.006233
87055,22160K10,COST,7882,2022-08-24,543.220000,240626360.86,0.002121
87055,22160K10,COST,7882,2022-08-25,550.770000,243970731.51,0.013899
87055,22160K10,COST,7882,2022-08-26,531.820000,235417568.48,-0.034406
87055,22160K10,COST,7882,2022-08-29,531.060000,235081143.84,-0.001429
87055,22160K10,COST,7882,2022-08-30,524.140000,232017908.96,-0.013031
87055,22160K10,COST,7882,2022-08-31,522.100000,231114874.40,-0.003892
87055,22160K10,COST,7882,2022-09-01,529.170000,234244508.88,0.013541
87055,22160K10,COST,7882,2022-09-02,519.110000,229791309.04,-0.019011
87055,22160K10,COST,7882,2022-09-06,518.900000,229698349.60,-0.000405
87055,22160K10,COST,7882,2022-09-07,529.640000,234452560.96,0.020698
87055,22160K10,COST,7882,2022-09-08,529.120000,234222375.68,-0.000982
87055,22160K10,COST,7882,2022-09-09,536.580000,237524649.12,0.014099
87055,22160K10,COST,7882,2022-09-12,539.520000,238826081.28,0.005479
87055,22160K10,COST,7882,2022-09-13,510.300000,225891439.20,-0.054159
87055,22160K10,COST,7882,2022-09-14,508.000000,224873312.00,-0.004507
87055,22160K10,COST,7882,2022-09-15,503.500000,222881324.00,-0.008858
87055,22160K10,COST,7882,2022-09-16,504.140000,223164628.96,0.001271
87055,22160K10,COST,7882,2022-09-19,506.570000,224240302.48,0.004820
87055,22160K10,COST,7882,2022-09-20,499.520000,221119521.28,-0.013917
87055,22160K10,COST,7882,2022-09-21,493.070000,218264338.48,-0.012912
87055,22160K10,COST,7882,2022-09-22,487.170000,215652620.88,-0.011966
87055,22160K10,COST,7882,2022-09-23,466.400000,206458489.60,-0.042634
87055,22160K10,COST,7882,2022-09-26,480.300000,212611519.20,0.029803
87055,22160K10,COST,7882,2022-09-27,478.300000,211697493.20,-0.004164
87055,22160K10,COST,7882,2022-09-28,488.290000,216119107.16,0.020886
87055,22160K10,COST,7882,2022-09-29,478.980000,211998463.92,-0.019067
87055,22160K10,COST,7882,2022-09-30,472.270000,209028591.08,-0.014009
87055,22160K10,COST,7882,2022-10-03,477.730000,211445208.92,0.011561
87055,22160K10,COST,7882,2022-10-04,486.130000,215163082.52,0.017583
87055,22160K10,COST,7882,2022-10-05,480.320000,212591553.28,-0.011952
87055,22160K10,COST,7882,2022-10-06,482.490000,213552003.96,0.004518
87055,22160K10,COST,7882,2022-10-07,468.150000,207205062.60,-0.029721
87055,22160K10,COST,7882,2022-10-10,466.310000,206390671.24,-0.003930
87055,22160K10,COST,7882,2022-10-11,472.020000,208917940.08,0.012245
87055,22160K10,COST,7882,2022-10-12,466.380000,206421653.52,-0.011949
87055,22160K10,COST,7882,2022-10-13,467.990000,207134245.96,0.003452
87055,22160K10,COST,7882,2022-10-14,454.650000,201229908.60,-0.028505
87055,22160K10,COST,7882,2022-10-17,464.170000,205443498.68,0.020939
87055,22160K10,COST,7882,2022-10-18,473.270000,209471195.08,0.019605
87055,22160K10,COST,7882,2022-10-19,471.430000,208656803.72,-0.003888
87055,22160K10,COST,7882,2022-10-20,464.620000,205642670.48,-0.014445
87055,22160K10,COST,7882,2022-10-21,478.180000,211644380.72,0.029185
87055,22160K10,COST,7882,2022-10-24,496.970000,219960909.88,0.039295
87055,22160K10,COST,7882,2022-10-25,499.060000,220885952.24,0.004205
87055,22160K10,COST,7882,2022-10-26,499.450000,221058567.80,0.000781
87055,22160K10,COST,7882,2022-10-27,496.540000,219770590.16,-0.004024
87055,22160K10,COST,7882,2022-10-28,510.870000,226113105.48,0.028860
87055,22160K10,COST,7882,2022-10-31,501.500000,221965906.00,-0.018341
87055,22160K10,COST,7882,2022-11-01,499.960000,221284295.84,-0.003071
87055,22160K10,COST,7882,2022-11-02,483.510000,214003460.04,-0.032903
87055,22160K10,COST,7882,2022-11-03,486.290000,215233899.16,0.005750
87055,22160K10,COST,7882,2022-11-04,486.410000,215287011.64,0.000247
87055,22160K10,COST,7882,2022-11-07,488.550000,216234184.20,0.004400
87055,22160K10,COST,7882,2022-11-08,492.760000,218097547.04,0.008617
87055,22160K10,COST,7882,2022-11-09,489.970000,216862681.88,-0.005662
87055,22160K10,COST,7882,2022-11-10,513.130000,227113390.52,0.047268
87055,22160K10,COST,7882,2022-11-11,515.470000,228798576.08,0.004560
87055,22160K10,COST,7882,2022-11-14,509.680000,226228603.52,-0.011232
87055,22160K10,COST,7882,2022-11-15,526.470000,233681080.08,0.032942
87055,22160K10,COST,7882,2022-11-16,524.110000,232633561.04,-0.004483
87055,22160K10,COST,7882,2022-11-17,521.320000,231395180.48,-0.005323
87055,22160K10,COST,7882,2022-11-18,523.670000,232426216.47,0.004508
87055,22160K10,COST,7882,2022-11-21,523.370000,232293064.17,-0.000573
87055,22160K10,COST,7882,2022-11-22,531.950000,236101219.95,0.016394
87055,22160K10,COST,7882,2022-11-23,534.490000,237228576.09,0.004775
87055,22160K10,COST,7882,2022-11-25,533.660000,236860188.06,-0.001553
87055,22160K10,COST,7882,2022-11-28,530.920000,235644063.72,-0.005134
87055,22160K10,COST,7882,2022-11-29,528.960000,234774135.36,-0.003692
87055,22160K10,COST,7882,2022-11-30,539.250000,239341259.25,0.019453
87055,22160K10,COST,7882,2022-12-01,503.860000,223633726.26,-0.065628
87055,22160K10,COST,7882,2022-12-02,494.530000,219492689.73,-0.018517
87055,22160K10,COST,7882,2022-12-05,488.660000,216887343.06,-0.011870
87055,22160K10,COST,7882,2022-12-06,481.160000,213558535.56,-0.015348
87055,22160K10,COST,7882,2022-12-07,481.970000,213918046.77,0.001683
87055,22160K10,COST,7882,2022-12-08,481.420000,213673934.22,-0.001141
87055,22160K10,COST,7882,2022-12-09,483.020000,214384079.82,0.003324
87055,22160K10,COST,7882,2022-12-12,487.680000,216452378.88,0.009648
87055,22160K10,COST,7882,2022-12-13,488.200000,216683176.20,0.001066
87055,22160K10,COST,7882,2022-12-14,483.520000,214606000.32,-0.009586
87055,22160K10,COST,7882,2022-12-15,463.910000,205902278.31,-0.040557
87055,22160K10,COST,7882,2022-12-16,461.450000,204810429.45,-0.005303
87055,22160K10,COST,7882,2022-12-19,458.630000,203558797.83,-0.006111
87055,22160K10,COST,7882,2022-12-20,457.820000,203199286.62,-0.001766
87055,22160K10,COST,7882,2022-12-21,462.060000,205081172.46,0.009261
87055,22160K10,COST,7882,2022-12-22,458.710000,203542929.59,-0.007250
87055,22160K10,COST,7882,2022-12-23,462.650000,205291221.85,0.008589
87055,22160K10,COST,7882,2022-12-27,458.500000,203449746.50,-0.008970
87055,22160K10,COST,7882,2022-12-28,452.990000,201004799.71,-0.012017
87055,22160K10,COST,7882,2022-12-29,456.530000,202575600.37,0.007815
87055,22160K10,COST,7882,2022-12-30,456.500000,202562288.50,-0.000066
87055,22160K10,COST,7882,2023-01-03,453.280000,201133481.12,-0.007054
87055,22160K10,COST,7882,2023-01-04,456.560000,202588912.24,0.007236
87055,22160K10,COST,7882,2023-01-05,450.190000,199762358.51,-0.013952
87055,22160K10,COST,7882,2023-01-06,482.870000,214263422.23,0.072592
87055,22160K10,COST,7882,2023-01-09,478.750000,212435258.75,-0.008532
87055,22160K10,COST,7882,2023-01-10,481.400000,213611140.60,0.005535
87055,22160K10,COST,7882,2023-01-11,484.310000,214902391.99,0.006045
87055,22160K10,COST,7882,2023-01-12,482.430000,214068181.47,-0.003882
87055,22160K10,COST,7882,2023-01-13,485.250000,215319497.25,0.005845
87055,22160K10,COST,7882,2023-01-17,486.770000,215993965.33,0.003132
87055,22160K10,COST,7882,2023-01-18,479.470000,212754743.63,-0.014997
87055,22160K10,COST,7882,2023-01-19,469.490000,208326328.21,-0.020815
87055,22160K10,COST,7882,2023-01-20,480.110000,213038730.19,0.022620
87055,22160K10,COST,7882,2023-01-23,492.610000,218585342.69,0.026036
87055,22160K10,COST,7882,2023-01-24,492.110000,218363478.19,-0.001015
87055,22160K10,COST,7882,2023-01-25,490.880000,217817691.52,-0.002499
87055,22160K10,COST,7882,2023-01-26,498.300000,221110160.70,0.015116
87055,22160K10,COST,7882,2023-01-27,503.290000,223324368.41,0.010014
87055,22160K10,COST,7882,2023-01-30,503.280000,223319931.12,-0.000020
87055,22160K10,COST,7882,2023-01-31,511.140000,226807641.06,0.015618
87055,22160K10,COST,7882,2023-02-01,517.910000,229811686.39,0.013245
87055,22160K10,COST,7882,2023-02-02,523.430000,232261070.47,0.012396
87055,22160K10,COST,7882,2023-02-03,514.800000,228431689.20,-0.016487
87055,22160K10,COST,7882,2023-02-06,515.590000,228782235.11,0.001535
87055,22160K10,COST,7882,2023-02-07,516.530000,229199340.37,0.001823
87055,22160K10,COST,7882,2023-02-08,503.810000,223555107.49,-0.024626
87055,22160K10,COST,7882,2023-02-09,500.630000,222144049.27,-0.006312
87055,22160K10,COST,7882,2023-02-10,499.990000,221770564.50,-0.001278
87055,22160K10,COST,7882,2023-02-13,506.450000,224635897.50,0.012920
87055,22160K10,COST,7882,2023-02-14,503.220000,223203231.00,-0.006378
87055,22160K10,COST,7882,2023-02-15,511.280000,226778244.00,0.016017
87055,22160K10,COST,7882,2023-02-16,504.100000,223593555.00,-0.014043
87055,22160K10,COST,7882,2023-02-17,507.480000,225092754.00,0.006705
87055,22160K10,COST,7882,2023-02-21,501.740000,222546777.00,-0.011311
87055,22160K10,COST,7882,2023-02-22,497.390000,220617334.50,-0.008670
87055,22160K10,COST,7882,2023-02-23,493.140000,218732247.00,-0.008545
87055,22160K10,COST,7882,2023-02-24,488.610000,216722965.50,-0.009186
87055,22160K10,COST,7882,2023-02-27,487.030000,216022156.50,-0.003234
87055,22160K10,COST,7882,2023-02-28,484.180000,214758039.00,-0.005852
87055,22160K10,COST,7882,2023-03-01,478.670000,212282007.61,-0.011380
87055,22160K10,COST,7882,2023-03-02,485.690000,215395258.27,0.014666
87055,22160K10,COST,7882,2023-03-03,475.260000,210769730.58,-0.021475
87055,22160K10,COST,7882,2023-03-06,483.080000,214237767.64,0.016454
87055,22160K10,COST,7882,2023-03-07,485.150000,215155777.45,0.004285
87055,22160K10,COST,7882,2023-03-08,486.040000,215550477.32,0.001834
87055,22160K10,COST,7882,2023-03-09,479.520000,212658968.16,-0.013415
87055,22160K10,COST,7882,2023-03-10,471.140000,208942580.62,-0.017476
87055,22160K10,COST,7882,2023-03-13,472.000000,209323976.00,0.001825
87055,22160K10,COST,7882,2023-03-14,481.920000,213723327.36,0.021017
87055,22160K10,COST,7882,2023-03-15,485.660000,215381953.78,0.007761
87055,22160K10,COST,7882,2023-03-16,487.260000,216091526.58,0.003294
87055,22160K10,COST,7882,2023-03-17,487.050000,215998395.15,-0.000431
87055,22160K10,COST,7882,2023-03-20,489.290000,216991797.07,0.004599
87055,22160K10,COST,7882,2023-03-21,490.850000,217683630.55,0.003188
87055,22160K10,COST,7882,2023-03-22,487.520000,216206832.16,-0.006784
87055,22160K10,COST,7882,2023-03-23,487.760000,216313268.08,0.000492
87055,22160K10,COST,7882,2023-03-24,495.270000,219643825.41,0.015397
87055,22160K10,COST,7882,2023-03-27,493.220000,218734685.26,-0.004139
87055,22160K10,COST,7882,2023-03-28,486.770000,215874219.91,-0.013077
87055,22160K10,COST,7882,2023-03-29,490.870000,217692500.21,0.008423
87055,22160K10,COST,7882,2023-03-30,491.480000,217963024.84,0.001243
87055,22160K10,COST,7882,2023-03-31,496.870000,220353398.21,0.010967
87055,22160K10,COST,7882,2023-04-03,497.030000,220424355.49,0.000322
87055,22160K10,COST,7882,2023-04-04,497.730000,220734793.59,0.001408
87055,22160K10,COST,7882,2023-04-05,497.130000,220468703.79,-0.001205
87055,22160K10,COST,7882,2023-04-06,485.980000,215523868.34,-0.022429
87055,22160K10,COST,7882,2023-04-10,493.830000,219005209.89,0.016153
87055,22160K10,COST,7882,2023-04-11,498.650000,221142797.95,0.009760
87055,22160K10,COST,7882,2023-04-12,489.350000,217018406.05,-0.018650
87055,22160K10,COST,7882,2023-04-13,497.890000,220805750.87,0.017452
87055,22160K10,COST,7882,2023-04-14,491.300000,217883197.90,-0.013236
87055,22160K10,COST,7882,2023-04-17,493.940000,219053993.02,0.005373
87055,22160K10,COST,7882,2023-04-18,496.900000,220366702.70,0.005993
87055,22160K10,COST,7882,2023-04-19,496.030000,219980872.49,-0.001751
87055,22160K10,COST,7882,2023-04-20,505.580000,224216135.14,0.019253
87055,22160K10,COST,7882,2023-04-21,506.350000,224557617.05,0.001523
87055,22160K10,COST,7882,2023-04-24,511.420000,226806075.86,0.010013
87055,22160K10,COST,7882,2023-04-25,503.170000,223147341.11,-0.016132
87055,22160K10,COST,7882,2023-04-26,494.660000,219373300.78,-0.016913
87055,22160K10,COST,7882,2023-04-27,501.270000,222304723.41,0.013363
87055,22160K10,COST,7882,2023-04-28,503.220000,223169515.26,0.003890
87055,22160K10,COST,7882,2023-05-01,493.590000,218898773.97,-0.019137
87055,22160K10,COST,7882,2023-05-02,494.810000,219439823.23,0.002472
87055,22160K10,COST,7882,2023-05-03,490.060000,217333278.98,-0.009600
87055,22160K10,COST,7882,2023-05-04,490.340000,217457454.22,0.002653
87055,22160K10,COST,7882,2023-05-05,499.060000,221194371.32,0.017784
87055,22160K10,COST,7882,2023-05-08,499.060000,221194371.32,0.000000
87055,22160K10,COST,7882,2023-05-09,500.790000,221961145.38,0.003467
87055,22160K10,COST,7882,2023-05-10,499.660000,221460304.52,-0.002256
87055,22160K10,COST,7882,2023-05-11,501.890000,222448689.58,0.004463
87055,22160K10,COST,7882,2023-05-12,504.070000,223414913.54,0.004344
87055,22160K10,COST,7882,2023-05-15,502.040000,222515172.88,-0.004027
87055,22160K10,COST,7882,2023-05-16,496.150000,219904595.30,-0.011732
87055,22160K10,COST,7882,2023-05-17,495.000000,219394890.00,-0.002318
87055,22160K10,COST,7882,2023-05-18,498.100000,220768878.20,0.006263
87055,22160K10,COST,7882,2023-05-19,496.520000,220068587.44,-0.003172
87055,22160K10,COST,7882,2023-05-22,491.870000,218007605.14,-0.009365
87055,22160K10,COST,7882,2023-05-23,484.870000,214905051.14,-0.014231
87055,22160K10,COST,7882,2023-05-24,482.760000,213934128.48,-0.004352
87055,22160K10,COST,7882,2023-05-25,486.550000,215613659.40,0.007851
87055,22160K10,COST,7882,2023-05-26,507.260000,224791254.48,0.042565
87055,22160K10,COST,7882,2023-05-30,508.030000,225132478.44,0.001518
87055,22160K10,COST,7882,2023-05-31,511.560000,226696790.88,0.006948
87055,22160K10,COST,7882,2023-06-01,512.600000,227157664.80,0.002033
87055,22160K10,COST,7882,2023-06-02,512.590000,227153233.32,-0.000020
87055,22160K10,COST,7882,2023-06-05,518.250000,229835064.75,0.011042
87055,22160K10,COST,7882,2023-06-06,516.260000,228952533.58,-0.003840
87055,22160K10,COST,7882,2023-06-07,511.230000,226721814.09,-0.009743
87055,22160K10,COST,7882,2023-06-08,520.090000,230651073.47,0.017331
87055,22160K10,COST,7882,2023-06-09,517.280000,229404886.24,-0.005403
87055,22160K10,COST,7882,2023-06-12,520.970000,231041338.51,0.007133
87055,22160K10,COST,7882,2023-06-13,522.020000,231506995.66,0.002015
87055,22160K10,COST,7882,2023-06-14,527.200000,233804237.60,0.009923
87055,22160K10,COST,7882,2023-06-15,529.180000,234682333.94,0.003756
87055,22160K10,COST,7882,2023-06-16,523.650000,232229872.95,-0.010450
87055,22160K10,COST,7882,2023-06-20,519.700000,230478115.10,-0.007543
87055,22160K10,COST,7882,2023-06-21,519.620000,230442636.46,-0.000154
87055,22160K10,COST,7882,2023-06-22,524.200000,232473788.60,0.008814
87055,22160K10,COST,7882,2023-06-23,524.440000,232580224.52,0.000458
87055,22160K10,COST,7882,2023-06-26,523.420000,232127871.86,-0.001945
87055,22160K10,COST,7882,2023-06-27,530.330000,235192339.39,0.013202
87055,22160K10,COST,7882,2023-06-28,532.800000,236287742.40,0.004657
87055,22160K10,COST,7882,2023-06-29,531.690000,235795476.27,-0.002083
87055,22160K10,COST,7882,2023-06-30,538.380000,238762377.54,0.012583
87055,22160K10,COST,7882,2023-07-03,541.040000,239942042.32,0.004941
87055,22160K10,COST,7882,2023-07-05,541.130000,239981955.79,0.000166
87055,22160K10,COST,7882,2023-07-06,537.370000,238314459.71,-0.006948
87055,22160K10,COST,7882,2023-07-07,525.050000,232850749.15,-0.022926
87055,22160K10,COST,7882,2023-07-10,527.010000,233719975.83,0.003733
87055,22160K10,COST,7882,2023-07-11,529.640000,234886336.12,0.004990
87055,22160K10,COST,7882,2023-07-12,538.000000,238593854.00,0.015784
87055,22160K10,COST,7882,2023-07-13,538.450000,238793421.35,0.000836
87055,22160K10,COST,7882,2023-07-14,546.700000,242452156.10,0.015322
87055,22160K10,COST,7882,2023-07-17,552.960000,245228359.68,0.011451
87055,22160K10,COST,7882,2023-07-18,553.590000,245507753.97,0.001139
87055,22160K10,COST,7882,2023-07-19,554.110000,245738365.13,0.000939
87055,22160K10,COST,7882,2023-07-20,556.960000,247002291.68,0.005143
87055,22160K10,COST,7882,2023-07-21,557.860000,247401426.38,0.001616
87055,22160K10,COST,7882,2023-07-24,563.930000,250093368.19,0.010881
87055,22160K10,COST,7882,2023-07-25,565.190000,250652156.77,0.002234
87055,22160K10,COST,7882,2023-07-26,566.170000,251086770.11,0.001734
87055,22160K10,COST,7882,2023-07-27,561.830000,249162053.89,-0.007666
87055,22160K10,COST,7882,2023-07-28,563.320000,249822843.56,0.002652
87055,22160K10,COST,7882,2023-07-31,560.670000,248647613.61,-0.004704
87055,22160K10,COST,7882,2023-08-01,555.470000,246341502.01,-0.009275
87055,22160K10,COST,7882,2023-08-02,552.350000,244957835.05,-0.005617
87055,22160K10,COST,7882,2023-08-03,557.690000,247326034.27,0.009668
87055,22160K10,COST,7882,2023-08-04,552.040000,244820355.32,-0.010131
87055,22160K10,COST,7882,2023-08-07,558.410000,247645342.03,0.011539
87055,22160K10,COST,7882,2023-08-08,556.120000,246629765.96,-0.004101
87055,22160K10,COST,7882,2023-08-09,559.700000,248217435.10,0.006437
87055,22160K10,COST,7882,2023-08-10,561.490000,249011269.67,0.003198
87055,22160K10,COST,7882,2023-08-11,562.960000,249663189.68,0.002618
87055,22160K10,COST,7882,2023-08-14,561.470000,249002400.01,-0.002647
87055,22160K10,COST,7882,2023-08-15,558.510000,247689690.33,-0.005272
87055,22160K10,COST,7882,2023-08-16,559.050000,247929171.15,0.000967
87055,22160K10,COST,7882,2023-08-17,547.110000,242633984.13,-0.021358
87055,22160K10,COST,7882,2023-08-18,544.940000,241671626.02,-0.003966
87055,22160K10,COST,7882,2023-08-21,543.210000,240904400.43,-0.003175
87055,22160K10,COST,7882,2023-08-22,538.370000,238757942.71,-0.008910
87055,22160K10,COST,7882,2023-08-23,540.860000,239862215.38,0.004625
87055,22160K10,COST,7882,2023-08-24,531.710000,235804345.93,-0.015032
87055,22160K10,COST,7882,2023-08-25,534.010000,236824356.83,0.004326
87055,22160K10,COST,7882,2023-08-28,536.190000,237791149.77,0.004082
87055,22160K10,COST,7882,2023-08-29,542.770000,240709267.91,0.012272
87055,22160K10,COST,7882,2023-08-30,542.260000,240483091.58,-0.000940
87055,22160K10,COST,7882,2023-08-31,549.280000,243596342.24,0.012946
87055,22160K10,COST,7882,2023-09-01,544.250000,240990090.25,-0.009157
87055,22160K10,COST,7882,2023-09-05,544.730000,241202630.89,0.000882
87055,22160K10,COST,7882,2023-09-06,546.690000,242070505.17,0.003598
87055,22160K10,COST,7882,2023-09-07,548.620000,242925095.66,0.003530
87055,22160K10,COST,7882,2023-09-08,551.190000,244063073.67,0.004684
87055,22160K10,COST,7882,2023-09-11,558.780000,247423872.54,0.013770
87055,22160K10,COST,7882,2023-09-12,558.790000,247428300.47,0.000018
87055,22160K10,COST,7882,2023-09-13,559.760000,247857809.68,0.001736
87055,22160K10,COST,7882,2023-09-14,564.770000,250076202.61,0.008950
87055,22160K10,COST,7882,2023-09-15,556.360000,246352313.48,-0.014891
87055,22160K10,COST,7882,2023-09-18,562.720000,249168476.96,0.011431
87055,22160K10,COST,7882,2023-09-19,564.350000,249890229.55,0.002897
87055,22160K10,COST,7882,2023-09-20,563.830000,249659977.19,-0.000921
87055,22160K10,COST,7882,2023-09-21,555.080000,245785538.44,-0.015519
87055,22160K10,COST,7882,2023-09-22,558.590000,247339741.87,0.006323
87055,22160K10,COST,7882,2023-09-25,558.620000,247353025.66,0.000054
87055,22160K10,COST,7882,2023-09-26,552.960000,244846817.28,-0.010132
87055,22160K10,COST,7882,2023-09-27,563.530000,249527139.29,0.019115
87055,22160K10,COST,7882,2023-09-28,568.630000,251785383.59,0.009050
87055,22160K10,COST,7882,2023-09-29,564.960000,250160333.28,-0.006454
87055,22160K10,COST,7882,2023-10-02,571.310000,252972068.83,0.011240
87055,22160K10,COST,7882,2023-10-03,565.040000,250166374.64,-0.010975
87055,22160K10,COST,7882,2023-10-04,571.800000,253159303.80,0.011964
87055,22160K10,COST,7882,2023-10-05,569.520000,252149854.32,-0.003987
87055,22160K10,COST,7882,2023-10-06,557.530000,246841389.73,-0.021053
87055,22160K10,COST,7882,2023-10-09,558.970000,247478936.77,0.002583
87055,22160K10,COST,7882,2023-10-10,562.090000,248860288.69,0.005582
87055,22160K10,COST,7882,2023-10-11,565.520000,250378890.32,0.006102
87055,22160K10,COST,7882,2023-10-12,563.780000,249608520.98,-0.003077
87055,22160K10,COST,7882,2023-10-13,566.840000,250963308.44,0.005428
87055,22160K10,COST,7882,2023-10-16,572.240000,253354109.84,0.009526
87055,22160K10,COST,7882,2023-10-17,574.340000,254283865.94,0.003670
87055,22160K10,COST,7882,2023-10-18,574.640000,254416688.24,0.000522
87055,22160K10,COST,7882,2023-10-19,565.630000,250427591.83,-0.015679
87055,22160K10,COST,7882,2023-10-20,552.930000,244804781.13,-0.022453
87055,22160K10,COST,7882,2023-10-23,552.290000,244521426.89,-0.001157
87055,22160K10,COST,7882,2023-10-24,551.840000,244322193.44,-0.000815
87055,22160K10,COST,7882,2023-10-25,549.990000,243503122.59,-0.003352
87055,22160K10,COST,7882,2023-10-26,547.600000,242444971.60,-0.004346
87055,22160K10,COST,7882,2023-10-27,543.030000,240421645.23,-0.008346
87055,22160K10,COST,7882,2023-10-30,554.880000,245668126.08,0.021822
87055,22160K10,COST,7882,2023-10-31,552.440000,244587838.04,-0.004397
87055,22160K10,COST,7882,2023-11-01,556.800000,246518188.80,0.007892
87055,22160K10,COST,7882,2023-11-02,555.970000,246150713.77,0.000341
87055,22160K10,COST,7882,2023-11-03,560.900000,248333426.90,0.008867
87055,22160K10,COST,7882,2023-11-06,569.820000,252282676.62,0.015903
87055,22160K10,COST,7882,2023-11-07,571.270000,252924651.07,0.002545
87055,22160K10,COST,7882,2023-11-08,567.380000,251202388.58,-0.006809
87055,22160K10,COST,7882,2023-11-09,563.270000,249382723.07,-0.007244
87055,22160K10,COST,7882,2023-11-10,577.120000,256143169.60,0.024589
87055,22160K10,COST,7882,2023-11-13,578.230000,256635820.90,0.001923
87055,22160K10,COST,7882,2023-11-14,590.800000,262214764.00,0.021739
87055,22160K10,COST,7882,2023-11-15,596.780000,264868867.40,0.010122
87055,22160K10,COST,7882,2023-11-16,578.580000,256791161.40,-0.030497
87055,22160K10,COST,7882,2023-11-17,577.150000,256156484.50,-0.002472
87055,22160K10,COST,7882,2023-11-20,580.800000,257776464.00,0.006324
87055,22160K10,COST,7882,2023-11-21,584.300000,259329869.00,0.006026
87055,22160K10,COST,7882,2023-11-22,589.080000,261451376.40,0.008181
87055,22160K10,COST,7882,2023-11-24,591.360000,262437880.32,0.003870
87055,22160K10,COST,7882,2023-11-27,594.900000,264008886.30,0.005986
87055,22160K10,COST,7882,2023-11-28,594.000000,263609478.00,-0.001513
87055,22160K10,COST,7882,2023-11-29,587.860000,260884625.82,-0.010337
87055,22160K10,COST,7882,2023-11-30,592.740000,263050306.38,0.008301
87055,22160K10,COST,7882,2023-12-01,596.250000,264607998.75,0.005922
87055,22160K10,COST,7882,2023-12-04,599.080000,265863915.96,0.004746
87055,22160K10,COST,7882,2023-12-05,605.350000,268646460.45,0.010466
87055,22160K10,COST,7882,2023-12-06,607.430000,269569537.41,0.003436
87055,22160K10,COST,7882,2023-12-07,610.950000,271131667.65,0.005795
87055,22160K10,COST,7882,2023-12-08,610.780000,271056223.86,-0.000278
87055,22160K10,COST,7882,2023-12-11,623.860000,276860957.82,0.021415
87055,22160K10,COST,7882,2023-12-12,629.500000,279363916.50,0.009040
87055,22160K10,COST,7882,2023-12-13,642.000000,284873376.00,0.019857
87055,22160K10,COST,7882,2023-12-14,630.780000,279894747.84,-0.017477
87055,22160K10,COST,7882,2023-12-15,658.820000,292336880.96,0.044453
87055,22160K10,COST,7882,2023-12-18,681.240000,302285262.72,0.034031
87055,22160K10,COST,7882,2023-12-19,677.740000,300732214.72,-0.005138
87055,22160K10,COST,7882,2023-12-20,661.000000,293304208.00,-0.024700
87055,22160K10,COST,7882,2023-12-21,665.160000,295150116.48,0.006293
87055,22160K10,COST,7882,2023-12-22,671.600000,298007724.80,0.009682
87055,22160K10,COST,7882,2023-12-26,674.620000,299347783.36,0.004497
87055,22160K10,COST,7882,2023-12-27,666.800000,295877830.40,0.010643
87055,22160K10,COST,7882,2023-12-28,663.100000,294236036.80,-0.005549
87055,22160K10,COST,7882,2023-12-29,660.080000,292895978.24,-0.004554
87055,22160K10,COST,7882,2024-01-02,650.650000,288711623.20,-0.014286
87055,22160K10,COST,7882,2024-01-03,644.690000,286067004.32,-0.009160
87055,22160K10,COST,7882,2024-01-04,648.350000,287691048.80,0.005677
87055,22160K10,COST,7882,2024-01-05,656.010000,291090005.28,0.011815
87055,22160K10,COST,7882,2024-01-08,661.690000,293610380.32,0.008658
87055,22160K10,COST,7882,2024-01-09,667.180000,296046447.04,0.008297
87055,22160K10,COST,7882,2024-01-10,672.760000,298522449.28,0.008364
87055,22160K10,COST,7882,2024-01-11,673.580000,298886306.24,0.001219
87055,22160K10,COST,7882,2024-01-12,683.240000,303172718.72,0.014341
87055,22160K10,COST,7882,2024-01-16,681.490000,302396194.72,-0.002561
87055,22160K10,COST,7882,2024-01-17,684.190000,303594260.32,0.003962
87055,22160K10,COST,7882,2024-01-18,687.310000,304978691.68,0.004560
87055,22160K10,COST,7882,2024-01-19,694.970000,308377648.16,0.011145
87055,22160K10,COST,7882,2024-01-22,692.510000,307286077.28,-0.003540
87055,22160K10,COST,7882,2024-01-23,687.590000,305102935.52,-0.007105
87055,22160K10,COST,7882,2024-01-24,686.510000,304623709.28,-0.001571
87055,22160K10,COST,7882,2024-01-25,679.900000,301690667.20,-0.009628
87055,22160K10,COST,7882,2024-01-26,686.880000,304787888.64,0.010266
87055,22160K10,COST,7882,2024-01-29,694.010000,307951669.28,0.010380
87055,22160K10,COST,7882,2024-01-30,700.740000,310937958.72,0.009697
87055,22160K10,COST,7882,2024-01-31,694.880000,308337712.64,-0.008363
87055,22160K10,COST,7882,2024-02-01,704.480000,312597501.44,0.015283
87055,22160K10,COST,7882,2024-02-02,709.480000,314816141.44,0.007097
87055,22160K10,COST,7882,2024-02-05,711.160000,315561604.48,0.002368
87055,22160K10,COST,7882,2024-02-06,710.790000,315397425.12,-0.000520
87055,22160K10,COST,7882,2024-02-07,719.780000,319386539.84,0.012648
87055,22160K10,COST,7882,2024-02-08,724.160000,321330068.48,0.006085
87055,22160K10,COST,7882,2024-02-09,723.400000,320992835.20,-0.001049
87055,22160K10,COST,7882,2024-02-12,722.410000,320553544.48,-0.001369
87055,22160K10,COST,7882,2024-02-13,714.250000,316932724.00,-0.011296
87055,22160K10,COST,7882,2024-02-14,722.180000,320451487.04,0.011103
87055,22160K10,COST,7882,2024-02-15,724.510000,321485373.28,0.003226
87055,22160K10,COST,7882,2024-02-16,723.990000,321125040.51,-0.000718
87055,22160K10,COST,7882,2024-02-20,725.690000,321879073.81,0.002348
87055,22160K10,COST,7882,2024-02-21,723.020000,320694797.98,-0.003679
87055,22160K10,COST,7882,2024-02-22,734.400000,325742385.60,0.015740
87055,22160K10,COST,7882,2024-02-23,737.930000,327308113.57,0.004807
87055,22160K10,COST,7882,2024-02-26,745.350000,330599247.15,0.010055
87055,22160K10,COST,7882,2024-02-27,744.710000,330315375.79,-0.000859
87055,22160K10,COST,7882,2024-02-28,747.960000,331756910.04,0.004364
87055,22160K10,COST,7882,2024-02-29,743.890000,329951665.61,-0.005441
87055,22160K10,COST,7882,2024-03-01,749.440000,332413362.56,0.007461
87055,22160K10,COST,7882,2024-03-04,759.180000,336733529.82,0.012996
87055,22160K10,COST,7882,2024-03-05,759.950000,337075062.55,0.001014
87055,22160K10,COST,7882,2024-03-06,773.240000,342935032.96,0.017488
87055,22160K10,COST,7882,2024-03-07,785.590000,348412307.36,0.015972
87055,22160K10,COST,7882,2024-03-08,725.560000,321788762.24,-0.076414
87055,22160K10,COST,7882,2024-03-11,714.080000,316697336.32,-0.015822
87055,22160K10,COST,7882,2024-03-12,736.880000,326809227.52,0.031929
87055,22160K10,COST,7882,2024-03-13,734.200000,325620636.80,-0.003637
87055,22160K10,COST,7882,2024-03-14,731.950000,324622752.80,-0.003065
87055,22160K10,COST,7882,2024-03-15,725.630000,321819807.52,-0.008634
87055,22160K10,COST,7882,2024-03-18,731.540000,324440916.16,0.008145
87055,22160K10,COST,7882,2024-03-19,732.170000,324720323.68,0.000861
87055,22160K10,COST,7882,2024-03-20,740.720000,328512282.88,0.011678
87055,22160K10,COST,7882,2024-03-21,742.560000,329328330.24,0.002484
87055,22160K10,COST,7882,2024-03-22,734.800000,325886739.20,-0.010450
87055,22160K10,COST,7882,2024-03-25,730.960000,324183683.84,-0.005226
87055,22160K10,COST,7882,2024-03-26,730.980000,324192553.92,0.000027
87055,22160K10,COST,7882,2024-03-27,732.080000,324680408.32,0.001505
87055,22160K10,COST,7882,2024-03-28,732.630000,324924335.52,0.000751
87055,22160K10,COST,7882,2024-04-01,721.240000,319872824.96,-0.015547
87055,22160K10,COST,7882,2024-04-02,711.300000,315464395.20,-0.013782
87055,22160K10,COST,7882,2024-04-03,705.690000,312976337.76,-0.007887
87055,22160K10,COST,7882,2024-04-04,704.880000,312617099.52,-0.001148
87055,22160K10,COST,7882,2024-04-05,713.720000,316537674.88,0.012541
87055,22160K10,COST,7882,2024-04-08,711.810000,315690582.24,-0.002676
87055,22160K10,COST,7882,2024-04-09,718.590000,318697539.36,0.009525
87055,22160K10,COST,7882,2024-04-10,722.580000,320467120.32,0.005553
87055,22160K10,COST,7882,2024-04-11,732.350000,324800154.40,0.013521
87055,22160K10,COST,7882,2024-04-12,731.310000,324338910.24,-0.001420
87055,22160K10,COST,7882,2024-04-15,718.280000,318560053.12,-0.017817
87055,22160K10,COST,7882,2024-04-16,715.970000,317535558.88,-0.003216
87055,22160K10,COST,7882,2024-04-17,715.190000,317189625.76,-0.001089
87055,22160K10,COST,7882,2024-04-18,711.250000,315442220.00,-0.005509
87055,22160K10,COST,7882,2024-04-19,709.510000,314670523.04,-0.002446
87055,22160K10,COST,7882,2024-04-22,715.460000,317309371.84,0.008386
87055,22160K10,COST,7882,2024-04-23,722.680000,320511470.72,0.010091
87055,22160K10,COST,7882,2024-04-24,723.890000,321048110.56,0.001674
87055,22160K10,COST,7882,2024-04-25,721.860000,320147797.44,-0.001202
87055,22160K10,COST,7882,2024-04-26,729.180000,323394246.72,0.010140
87055,22160K10,COST,7882,2024-04-29,726.330000,322130260.32,-0.003908
87055,22160K10,COST,7882,2024-04-30,722.900000,320609041.60,-0.004722
87055,22160K10,COST,7882,2024-05-01,722.220000,320307458.88,-0.000941
87055,22160K10,COST,7882,2024-05-02,732.440000,324840069.76,0.014151
87055,22160K10,COST,7882,2024-05-03,743.900000,329922625.60,0.015646
87055,22160K10,COST,7882,2024-05-06,756.450000,335488600.80,0.016871
87055,22160K10,COST,7882,2024-05-07,771.310000,342079070.24,0.019644
87055,22160K10,COST,7882,2024-05-08,763.410000,338575388.64,-0.010242
87055,22160K10,COST,7882,2024-05-09,779.040000,345507356.16,0.020474
87055,22160K10,COST,7882,2024-05-10,787.190000,349019579.06,0.010462
87055,22160K10,COST,7882,2024-05-13,775.150000,343681356.10,-0.015295
87055,22160K10,COST,7882,2024-05-14,777.900000,344900634.60,0.003548
87055,22160K10,COST,7882,2024-05-15,787.040000,348953072.96,0.011750
87055,22160K10,COST,7882,2024-05-16,793.070000,351626618.18,0.007662
87055,22160K10,COST,7882,2024-05-17,795.810000,352841462.94,0.003455
87055,22160K10,COST,7882,2024-05-20,793.000000,351595582.00,-0.003531
87055,22160K10,COST,7882,2024-05-21,800.930000,355111537.82,0.010000
87055,22160K10,COST,7882,2024-05-22,801.860000,355523875.64,0.001161
87055,22160K10,COST,7882,2024-05-23,796.340000,353076451.16,-0.006884
87055,22160K10,COST,7882,2024-05-24,809.730000,359013229.02,0.016814
87055,22160K10,COST,7882,2024-05-28,813.170000,360538435.58,0.004248
87055,22160K10,COST,7882,2024-05-29,806.520000,357558544.20,-0.008178
87055,22160K10,COST,7882,2024-05-30,815.340000,361468758.90,0.010936
87055,22160K10,COST,7882,2024-05-31,809.890000,359052583.15,-0.006684
87055,22160K10,COST,7882,2024-06-03,815.390000,361490925.65,0.006791
87055,22160K10,COST,7882,2024-06-04,827.390000,366810945.65,0.014717
87055,22160K10,COST,7882,2024-06-05,834.300000,369874390.50,0.008352
87055,22160K10,COST,7882,2024-06-06,842.640000,373571804.40,0.009996
87055,22160K10,COST,7882,2024-06-07,845.580000,374875209.30,0.003489
87055,22160K10,COST,7882,2024-06-10,848.340000,376098813.90,0.003264
87055,22160K10,COST,7882,2024-06-11,849.310000,376528848.85,0.001143
87055,22160K10,COST,7882,2024-06-12,847.810000,375863846.35,-0.001766
87055,22160K10,COST,7882,2024-06-13,845.960000,375043676.60,-0.002182
87055,22160K10,COST,7882,2024-06-14,855.670000,379348459.45,0.011478
87055,22160K10,COST,7882,2024-06-17,867.910000,384774879.85,0.014305
87055,22160K10,COST,7882,2024-06-18,870.750000,386033951.25,0.003272
87055,22160K10,COST,7882,2024-06-20,862.440000,382349837.40,-0.009543
87055,22160K10,COST,7882,2024-06-21,848.310000,376085513.85,-0.016384
87055,22160K10,COST,7882,2024-06-24,848.160000,376019013.60,-0.000177
87055,22160K10,COST,7882,2024-06-25,855.510000,379277525.85,0.008666
87055,22160K10,COST,7882,2024-06-26,856.840000,379867161.40,0.001555
87055,22160K10,COST,7882,2024-06-27,850.620000,377109617.70,-0.007259
87055,22160K10,COST,7882,2024-06-28,849.990000,376830316.65,-0.000741
87055,22160K10,COST,7882,2024-07-01,845.670000,374915109.45,-0.005082
87055,22160K10,COST,7882,2024-07-02,859.360000,380984365.60,0.016188
87055,22160K10,COST,7882,2024-07-03,862.660000,382447371.10,0.003840
87055,22160K10,COST,7882,2024-07-05,885.670000,392648509.45,0.026673
87055,22160K10,COST,7882,2024-07-08,880.840000,390507201.40,-0.005453
87055,22160K10,COST,7882,2024-07-09,886.850000,393171644.75,0.006823
87055,22160K10,COST,7882,2024-07-10,884.310000,392045573.85,-0.002864
87055,22160K10,COST,7882,2024-07-11,846.590000,375322977.65,-0.042655
87055,22160K10,COST,7882,2024-07-12,842.900000,373687071.50,-0.004359
87055,22160K10,COST,7882,2024-07-15,848.730000,376271714.55,0.006917
87055,22160K10,COST,7882,2024-07-16,850.770000,377176117.95,0.002404
87055,22160K10,COST,7882,2024-07-17,846.280000,375185543.80,-0.005278
87055,22160K10,COST,7882,2024-07-18,839.370000,372122098.95,-0.008165
87055,22160K10,COST,7882,2024-07-19,838.130000,371572363.55,-0.001477
87055,22160K10,COST,7882,2024-07-22,847.420000,375690945.70,0.011084
87055,22160K10,COST,7882,2024-07-23,852.110000,377770186.85,0.005534
87055,22160K10,COST,7882,2024-07-24,830.820000,368331584.70,-0.024985
87055,22160K10,COST,7882,2024-07-25,815.950000,361739193.25,-0.017898
87055,22160K10,COST,7882,2024-07-26,817.600000,362470696.00,0.003444
87055,22160K10,COST,7882,2024-07-29,815.560000,361566292.60,-0.002495
87055,22160K10,COST,7882,2024-07-30,810.030000,359114650.05,-0.006781
87055,22160K10,COST,7882,2024-07-31,822.000000,364421370.00,0.014777
87055,22160K10,COST,7882,2024-08-01,816.890000,362155928.15,-0.006217
87055,22160K10,COST,7882,2024-08-02,822.080000,364456836.80,0.006353
87055,22160K10,COST,7882,2024-08-05,801.830000,355479303.05,-0.024633
87055,22160K10,COST,7882,2024-08-06,816.880000,362151494.80,0.018770
87055,22160K10,COST,7882,2024-08-07,810.300000,359234350.50,-0.008055
87055,22160K10,COST,7882,2024-08-08,839.430000,372148699.05,0.035950
87055,22160K10,COST,7882,2024-08-09,854.930000,379020391.55,0.018465
87055,22160K10,COST,7882,2024-08-12,863.570000,382850805.95,0.010106
87055,22160K10,COST,7882,2024-08-13,864.820000,383404974.70,0.001447
87055,22160K10,COST,7882,2024-08-14,862.710000,382469537.85,-0.002440
87055,22160K10,COST,7882,2024-08-15,877.350000,388959962.25,0.016970
87055,22160K10,COST,7882,2024-08-16,870.590000,385963017.65,-0.007705
87055,22160K10,COST,7882,2024-08-19,872.350000,386743287.25,0.002022
87055,22160K10,COST,7882,2024-08-20,876.200000,388450127.00,0.004413
87055,22160K10,COST,7882,2024-08-21,881.420000,390764335.70,0.005958
87055,22160K10,COST,7882,2024-08-22,877.560000,389053062.60,-0.004379
87055,22160K10,COST,7882,2024-08-23,879.210000,389784565.35,0.001880
87055,22160K10,COST,7882,2024-08-26,892.510000,395680920.85,0.015127
87055,22160K10,COST,7882,2024-08-27,908.900000,402947181.50,0.018364
87055,22160K10,COST,7882,2024-08-28,888.050000,393703646.75,-0.022940
87055,22160K10,COST,7882,2024-08-29,886.630000,393074111.05,-0.001599
87055,22160K10,COST,7882,2024-08-30,892.380000,395436779.88,0.006485
87055,22160K10,COST,7882,2024-09-03,878.570000,389317209.82,-0.015475
87055,22160K10,COST,7882,2024-09-04,890.020000,394391002.52,0.013033
87055,22160K10,COST,7882,2024-09-05,885.980000,392600773.48,-0.004539
87055,22160K10,COST,7882,2024-09-06,876.680000,388479701.68,-0.010497
87055,22160K10,COST,7882,2024-09-09,896.490000,397258027.74,0.022597
87055,22160K10,COST,7882,2024-09-10,894.290000,396283150.54,-0.002454
87055,22160K10,COST,7882,2024-09-11,900.400000,398990650.40,0.006832
87055,22160K10,COST,7882,2024-09-12,915.030000,405473583.78,0.016248
87055,22160K10,COST,7882,2024-09-13,916.000000,405903416.00,0.001060
87055,22160K10,COST,7882,2024-09-16,907.870000,402300801.62,-0.008876
87055,22160K10,COST,7882,2024-09-17,897.270000,397603666.02,-0.011676
87055,22160K10,COST,7882,2024-09-18,892.520000,395498817.52,-0.005294
87055,22160K10,COST,7882,2024-09-19,900.740000,399141313.24,0.009210
87055,22160K10,COST,7882,2024-09-20,906.980000,401906419.48,0.006928
87055,22160K10,COST,7882,2024-09-23,917.080000,406381992.08,0.011136
87055,22160K10,COST,7882,2024-09-24,901.540000,399495814.04,-0.016945
87055,22160K10,COST,7882,2024-09-25,908.420000,402544520.92,0.007631
87055,22160K10,COST,7882,2024-09-26,901.440000,399451501.44,-0.007684
87055,22160K10,COST,7882,2024-09-27,885.620000,392441248.12,-0.017550
87055,22160K10,COST,7882,2024-09-30,886.520000,392840061.52,0.001016
87055,22160K10,COST,7882,2024-10-01,877.380000,388744266.12,-0.010310
87055,22160K10,COST,7882,2024-10-02,878.530000,389253801.22,0.001311
87055,22160K10,COST,7882,2024-10-03,875.670000,387986609.58,-0.003255
87055,22160K10,COST,7882,2024-10-04,883.110000,391283080.14,0.008496
87055,22160K10,COST,7882,2024-10-07,873.590000,387065015.66,-0.010780
87055,22160K10,COST,7882,2024-10-08,890.420000,394521951.08,0.019265
87055,22160K10,COST,7882,2024-10-09,909.100000,402798573.40,0.020979
87055,22160K10,COST,7882,2024-10-10,893.630000,395944218.62,-0.017017
87055,22160K10,COST,7882,2024-10-11,889.030000,393906078.22,-0.005148
87055,22160K10,COST,7882,2024-10-14,889.760000,394229522.24,0.000821
87055,22160K10,COST,7882,2024-10-15,894.610000,396378431.14,0.005451
87055,22160K10,COST,7882,2024-10-16,887.380000,393175006.12,-0.008082
87055,22160K10,COST,7882,2024-10-17,885.290000,392248981.46,-0.002355
87055,22160K10,COST,7882,2024-10-18,889.560000,394140907.44,0.004823
87055,22160K10,COST,7882,2024-10-21,886.770000,392904730.98,-0.003136
87055,22160K10,COST,7882,2024-10-22,893.490000,395882188.26,0.007578
87055,22160K10,COST,7882,2024-10-23,899.170000,398398848.58,0.006357
87055,22160K10,COST,7882,2024-10-24,893.420000,395851173.08,-0.006395
87055,22160K10,COST,7882,2024-10-25,891.220000,394876410.28,-0.002462
87055,22160K10,COST,7882,2024-10-28,890.960000,394761211.04,-0.000292
87055,22160K10,COST,7882,2024-10-29,886.990000,393002207.26,-0.004456
87055,22160K10,COST,7882,2024-10-30,879.090000,389501922.66,-0.008907
87055,22160K10,COST,7882,2024-10-31,874.180000,387326429.32,-0.005585
87055,22160K10,COST,7882,2024-11-01,877.310000,388713250.94,0.004907
87055,22160K10,COST,7882,2024-11-04,886.070000,392594579.18,0.009985
87055,22160K10,COST,7882,2024-11-05,890.170000,394411182.58,0.004627
87055,22160K10,COST,7882,2024-11-06,899.250000,398434294.50,0.010200
87055,22160K10,COST,7882,2024-11-07,913.930000,404938620.82,0.016325
87055,22160K10,COST,7882,2024-11-08,943.800000,418173241.20,0.032683
87055,22160K10,COST,7882,2024-11-11,932.880000,413334873.12,-0.011570
87055,22160K10,COST,7882,2024-11-12,932.380000,413113336.12,-0.000536
87055,22160K10,COST,7882,2024-11-13,933.730000,413711486.02,0.001448
87055,22160K10,COST,7882,2024-11-14,923.890000,409351637.86,-0.010538
87055,22160K10,COST,7882,2024-11-15,907.070000,402702797.20,-0.018206
87055,22160K10,COST,7882,2024-11-18,919.510000,408225659.60,0.013714
87055,22160K10,COST,7882,2024-11-19,930.150000,412949394.00,0.011571
87055,22160K10,COST,7882,2024-11-20,928.080000,412030396.80,-0.002225
87055,22160K10,COST,7882,2024-11-21,955.650000,424270374.00,0.029706
87055,22160K10,COST,7882,2024-11-22,964.010000,427964527.42,0.008748
87055,22160K10,COST,7882,2024-11-25,960.890000,426579428.38,-0.003236
87055,22160K10,COST,7882,2024-11-26,971.500000,431289653.00,0.011042
87055,22160K10,COST,7882,2024-11-27,961.550000,426872430.10,-0.010242
87055,22160K10,COST,7882,2024-11-29,971.880000,431458350.96,0.010743
87055,22160K10,COST,7882,2024-12-02,975.000000,432843450.00,0.003210
87055,22160K10,COST,7882,2024-12-03,982.150000,436017635.30,0.007333
87055,22160K10,COST,7882,2024-12-04,990.920000,439911006.64,0.008929
87055,22160K10,COST,7882,2024-12-05,982.260000,436066468.92,-0.008739
87055,22160K10,COST,7882,2024-12-06,992.610000,440661268.62,0.010537
87055,22160K10,COST,7882,2024-12-09,987.860000,438552544.12,-0.004785
87055,22160K10,COST,7882,2024-12-10,993.400000,441011982.80,0.005608
87055,22160K10,COST,7882,2024-12-11,994.690000,441541896.31,0.001299
87055,22160K10,COST,7882,2024-12-12,988.390000,438745332.61,-0.006334
87055,22160K10,COST,7882,2024-12-13,989.350000,439171475.65,0.000971
87055,22160K10,COST,7882,2024-12-16,992.870000,440734000.13,0.003558
87055,22160K10,COST,7882,2024-12-17,982.080000,435944329.92,-0.010867
87055,22160K10,COST,7882,2024-12-18,964.740000,428247121.26,-0.017656
87055,22160K10,COST,7882,2024-12-19,954.800000,423834765.20,-0.010303
87055,22160K10,COST,7882,2024-12-20,954.070000,423510718.93,-0.000765
87055,22160K10,COST,7882,2024-12-23,949.910000,421664099.09,-0.004360
87055,22160K10,COST,7882,2024-12-24,958.820000,425619239.18,0.009380
87055,22160K10,COST,7882,2024-12-26,956.140000,424429589.86,-0.002795
87055,22160K10,COST,7882,2024-12-27,939.700000,417131890.30,-0.017194
87055,22160K10,COST,7882,2024-12-30,922.210000,409368096.79,-0.018612
87055,22160K10,COST,7882,2024-12-31,916.270000,406731336.73,-0.006441
87055,22160K10,COST,7882,2025-01-02,909.810000,403863749.19,-0.007050
87055,22160K10,COST,7882,2025-01-03,916.580000,406868945.42,0.007441
87055,22160K10,COST,7882,2025-01-06,922.710000,409590046.29,0.006688
87055,22160K10,COST,7882,2025-01-07,921.370000,408995221.63,-0.001452
87055,22160K10,COST,7882,2025-01-08,927.370000,411658615.63,0.006512
87055,22160K10,COST,7882,2025-01-10,936.940000,415906729.06,0.010320
87055,22160K10,COST,7882,2025-01-13,924.700000,410473405.30,-0.013064
87055,22160K10,COST,7882,2025-01-14,917.230000,407157479.77,-0.008078
87055,22160K10,COST,7882,2025-01-15,923.500000,409940726.50,0.006836
87055,22160K10,COST,7882,2025-01-16,919.750000,408276105.25,-0.004061
87055,22160K10,COST,7882,2025-01-17,943.190000,418681097.81,0.025485
87055,22160K10,COST,7882,2025-01-21,947.730000,420696399.27,0.004813
87055,22160K10,COST,7882,2025-01-22,944.700000,419351385.30,-0.003197
87055,22160K10,COST,7882,2025-01-23,942.160000,418223881.84,-0.002689
87055,22160K10,COST,7882,2025-01-24,939.680000,417123012.32,-0.002632
87055,22160K10,COST,7882,2025-01-27,965.250000,428473509.75,0.027211
87055,22160K10,COST,7882,2025-01-28,958.670000,425552654.33,-0.006817
87055,22160K10,COST,7882,2025-01-29,964.020000,427927513.98,0.005581
87055,22160K10,COST,7882,2025-01-30,979.010000,434581559.99,0.015549
87055,22160K10,COST,7882,2025-01-31,979.880000,434967752.12,0.000889
87055,22160K10,COST,7882,2025-02-03,1005.830000,446486931.17,0.026483
87055,22160K10,COST,7882,2025-02-04,1021.860000,453602632.14,0.015937
87055,22160K10,COST,7882,2025-02-05,1042.880000,462933389.12,0.020570
87055,22160K10,COST,7882,2025-02-06,1050.990000,466533410.01,0.007777
87055,22160K10,COST,7882,2025-02-07,1043.810000,463346215.19,-0.005728
87055,22160K10,COST,7882,2025-02-10,1061.920000,471385226.08,0.017350
87055,22160K10,COST,7882,2025-02-11,1058.340000,469796067.66,-0.003371
87055,22160K10,COST,7882,2025-02-12,1065.120000,472805702.88,0.006406
87055,22160K10,COST,7882,2025-02-13,1076.860000,478017077.14,0.011022
87055,22160K10,COST,7882,2025-02-14,1071.850000,475612000.50,-0.004652
87055,22160K10,COST,7882,2025-02-18,1056.030000,468592191.90,-0.014760
87055,22160K10,COST,7882,2025-02-19,1062.540000,471480874.20,0.006165
87055,22160K10,COST,7882,2025-02-20,1034.830000,459185115.90,-0.026079
87055,22160K10,COST,7882,2025-02-21,1035.030000,459273861.90,0.000193
87055,22160K10,COST,7882,2025-02-24,1035.600000,459526788.00,0.000551
87055,22160K10,COST,7882,2025-02-25,1055.660000,468428011.80,0.019370
87055,22160K10,COST,7882,2025-02-26,1031.970000,457916048.10,-0.022441
87055,22160K10,COST,7882,2025-02-27,1021.710000,453363378.30,-0.009942
87055,22160K10,COST,7882,2025-02-28,1048.610000,465299715.30,0.026328
87055,22160K10,COST,7882,2025-03-03,1046.850000,464518750.50,-0.001678
87055,22160K10,COST,7882,2025-03-04,1036.870000,460090325.10,-0.009533
87055,22160K10,COST,7882,2025-03-05,1047.750000,464868863.25,0.010493
87055,22160K10,COST,7882,2025-03-06,1026.620000,455493841.46,-0.020167
87055,22160K10,COST,7882,2025-03-07,964.310000,427847953.73,-0.060694
87055,22160K10,COST,7882,2025-03-10,934.410000,414581832.03,-0.031007
87055,22160K10,COST,7882,2025-03-11,930.490000,412842594.67,-0.004195
87055,22160K10,COST,7882,2025-03-12,927.080000,411329635.64,-0.003665
87055,22160K10,COST,7882,2025-03-13,890.620000,395152953.46,-0.039328
87055,22160K10,COST,7882,2025-03-14,903.920000,401053937.36,0.014933
87055,22160K10,COST,7882,2025-03-17,916.610000,406684274.63,0.014039
87055,22160K10,COST,7882,2025-03-18,898.050000,398449518.15,-0.020249
87055,22160K10,COST,7882,2025-03-19,904.050000,401111616.15,0.006681
87055,22160K10,COST,7882,2025-03-20,895.400000,397273758.20,-0.009568
87055,22160K10,COST,7882,2025-03-21,909.260000,403423204.58,0.015479
87055,22160K10,COST,7882,2025-03-24,926.040000,410868205.32,0.018455
87055,22160K10,COST,7882,2025-03-25,930.260000,412740547.58,0.004557
87055,22160K10,COST,7882,2025-03-26,929.750000,412514269.25,-0.000548
87055,22160K10,COST,7882,2025-03-27,938.750000,416507416.25,0.009680
87055,22160K10,COST,7882,2025-03-28,929.660000,412474337.78,-0.009683
87055,22160K10,COST,7882,2025-03-31,945.780000,419626507.74,0.017340
87055,22160K10,COST,7882,2025-04-01,954.400000,423451055.20,0.009114
87055,22160K10,COST,7882,2025-04-02,965.080000,428189589.64,0.011190
87055,22160K10,COST,7882,2025-04-03,967.080000,429076955.64,0.002072
87055,22160K10,COST,7882,2025-04-04,916.480000,406626595.84,-0.052322
87055,22160K10,COST,7882,2025-04-07,908.130000,402921842.79,-0.009111
87055,22160K10,COST,7882,2025-04-08,908.750000,403196926.25,0.000683
87055,22160K10,COST,7882,2025-04-09,965.190000,428238394.77,0.062107
87055,22160K10,COST,7882,2025-04-10,964.310000,427847953.73,-0.000912
87055,22160K10,COST,7882,2025-04-11,963.410000,427448639.03,-0.000933
87055,22160K10,COST,7882,2025-04-14,979.320000,434507635.56,0.016514
87055,22160K10,COST,7882,2025-04-15,976.920000,433442796.36,-0.002451
87055,22160K10,COST,7882,2025-04-16,967.750000,429374223.25,-0.009387
87055,22160K10,COST,7882,2025-04-17,994.500000,441242743.50,0.027641
87055,22160K10,COST,7882,2025-04-21,957.770000,424946266.91,-0.036933
87055,22160K10,COST,7882,2025-04-22,979.230000,434467704.09,0.022406
87055,22160K10,COST,7882,2025-04-23,975.840000,432963618.72,-0.003462
87055,22160K10,COST,7882,2025-04-24,975.480000,432803892.84,-0.000369
87055,22160K10,COST,7882,2025-04-25,977.160000,433549280.28,0.001722
87055,22160K10,COST,7882,2025-04-28,978.540000,434161562.82,0.001412
87055,22160K10,COST,7882,2025-04-29,991.700000,440000431.10,0.013449
87055,22160K10,COST,7882,2025-04-30,994.500000,441242743.50,0.002823
87055,22160K10,COST,7882,2025-05-01,999.040000,443257064.32,0.004565
87055,22160K10,COST,7882,2025-05-02,1008.300000,447365568.90,0.010570
87055,22160K10,COST,7882,2025-05-05,1014.890000,450289439.87,0.006536
87055,22160K10,COST,7882,2025-05-06,1010.500000,448341671.50,-0.004326
87055,22160K10,COST,7882,2025-05-07,1007.150000,446855333.45,-0.003315
87055,22160K10,COST,7882,2025-05-08,1007.710000,447103795.93,0.000556
87055,22160K10,COST,7882,2025-05-09,1008.090000,447107068.71,0.000377
87055,22160K10,COST,7882,2025-05-12,1016.150000,450681831.85,0.007995
87055,22160K10,COST,7882,2025-05-13,999.030000,443088786.57,-0.016848
87055,22160K10,COST,7882,2025-05-14,991.540000,439766829.26,-0.007497
87055,22160K10,COST,7882,2025-05-15,1010.470000,448162643.93,0.019092
87055,22160K10,COST,7882,2025-05-16,1025.830000,454975095.77,0.015201
87055,22160K10,COST,7882,2025-05-19,1034.340000,458749442.46,0.008296
87055,22160K10,COST,7882,2025-05-20,1036.820000,459849369.58,0.002398
87055,22160K10,COST,7882,2025-05-21,1025.300000,454740030.70,-0.011111
87055,22160K10,COST,7882,2025-05-22,1018.130000,451559999.47,-0.006993
87055,22160K10,COST,7882,2025-05-23,1008.500000,447288911.50,-0.009459
87055,22160K10,COST,7882,2025-05-27,1017.790000,451409203.01,0.009212
87055,22160K10,COST,7882,2025-05-28,1013.140000,449304287.78,-0.004569
87055,22160K10,COST,7882,2025-05-29,1008.740000,447352988.98,-0.004343
87055,22160K10,COST,7882,2025-05-30,1040.180000,461295905.86,0.031168
87055,22160K10,COST,7882,2025-06-02,1056.850000,468688667.45,0.016026
87055,22160K10,COST,7882,2025-06-03,1055.590000,468129886.43,-0.001192
87055,22160K10,COST,7882,2025-06-04,1051.690000,466400326.13,-0.003695
87055,22160K10,COST,7882,2025-06-05,1010.810000,448270986.37,-0.038871
87055,22160K10,COST,7882,2025-06-06,1014.940000,450102546.38,0.004086
87055,22160K10,COST,7882,2025-06-09,1006.180000,446217687.86,-0.008631
87055,22160K10,COST,7882,2025-06-10,1007.270000,446701077.79,0.001083
87055,22160K10,COST,7882,2025-06-11,996.780000,442049004.06,-0.010414
87055,22160K10,COST,7882,2025-06-12,1002.710000,444678822.67,0.005949
87055,22160K10,COST,7882,2025-06-13,990.210000,439135360.17,-0.012466
87055,22160K10,COST,7882,2025-06-16,984.360000,436541019.72,-0.005908
87055,22160K10,COST,7882,2025-06-17,977.720000,433596332.44,-0.006745
87055,22160K10,COST,7882,2025-06-18,974.900000,432345727.30,-0.002884
87055,22160K10,COST,7882,2025-06-20,980.290000,434736068.33,0.005529
87055,22160K10,COST,7882,2025-06-23,1004.480000,445463776.96,0.024676
87055,22160K10,COST,7882,2025-06-24,1001.920000,444328475.84,-0.002549
87055,22160K10,COST,7882,2025-06-25,986.540000,437507799.58,-0.015351
87055,22160K10,COST,7882,2025-06-26,982.910000,435897978.07,-0.003680
87055,22160K10,COST,7882,2025-06-27,985.140000,436886931.78,0.002269
87055,22160K10,COST,7882,2025-06-30,989.940000,439015621.38,0.004872
87055,22160K10,COST,7882,2025-07-01,985.960000,437250582.92,-0.004020
87055,22160K10,COST,7882,2025-07-02,982.360000,435654065.72,-0.003651
87055,22160K10,COST,7882,2025-07-03,987.020000,437720668.54,0.004744
87055,22160K10,COST,7882,2025-07-07,992.180000,440009009.86,0.005228
87055,22160K10,COST,7882,2025-07-08,985.840000,437197365.68,-0.006390
87055,22160K10,COST,7882,2025-07-09,982.090000,435534326.93,-0.003804
87055,22160K10,COST,7882,2025-07-10,970.170000,430248081.09,-0.012137
87055,22160K10,COST,7882,2025-07-11,970.330000,430319037.41,0.000165
87055,22160K10,COST,7882,2025-07-14,980.910000,435011024.07,0.010904
87055,22160K10,COST,7882,2025-07-15,967.680000,429143823.36,-0.013487
87055,22160K10,COST,7882,2025-07-16,951.370000,421910713.49,-0.016855
87055,22160K10,COST,7882,2025-07-17,953.910000,423037145.07,0.002670
87055,22160K10,COST,7882,2025-07-18,950.950000,421724453.15,-0.003103
87055,22160K10,COST,7882,2025-07-21,947.560000,420221066.12,-0.003565
87055,22160K10,COST,7882,2025-07-22,941.610000,417582377.97,-0.006279
87055,22160K10,COST,7882,2025-07-23,941.190000,417396117.63,-0.000446
87055,22160K10,COST,7882,2025-07-24,933.800000,414118822.60,-0.007852
87055,22160K10,COST,7882,2025-07-25,935.480000,414863863.96,0.001799
87055,22160K10,COST,7882,2025-07-28,933.990000,414203083.23,-0.001593
87055,22160K10,COST,7882,2025-07-29,934.570000,414460299.89,0.000621
87055,22160K10,COST,7882,2025-07-30,927.510000,411329352.27,-0.007554
87055,22160K10,COST,7882,2025-07-31,939.640000,416708728.28,0.013078
87055,22160K10,COST,7882,2025-08-01,952.520000,422420712.04,0.015091
87055,22160K10,COST,7882,2025-08-04,955.370000,423684621.49,0.002992
87055,22160K10,COST,7882,2025-08-05,943.630000,418478201.51,-0.012288
87055,22160K10,COST,7882,2025-08-06,968.560000,429534083.12,0.026419
87055,22160K10,COST,7882,2025-08-07,977.450000,433476593.65,0.009179
87055,22160K10,COST,7882,2025-08-08,980.980000,435042067.46,0.003611
87055,22160K10,COST,7882,2025-08-11,988.740000,438483448.98,0.007910
87055,22160K10,COST,7882,2025-08-12,991.250000,439596576.25,0.002539
87055,22160K10,COST,7882,2025-08-13,978.850000,434097461.45,-0.012509
87055,22160K10,COST,7882,2025-08-14,975.390000,432563031.03,-0.003535
87055,22160K10,COST,7882,2025-08-15,972.040000,431077383.08,-0.003435
87055,22160K10,COST,7882,2025-08-18,979.350000,434319199.95,0.007520
87055,22160K10,COST,7882,2025-08-19,980.850000,434984415.45,0.001532
87055,22160K10,COST,7882,2025-08-20,994.570000,441068919.89,0.013988
87055,22160K10,COST,7882,2025-08-21,969.680000,430030777.36,-0.025026
87055,22160K10,COST,7882,2025-08-22,958.540000,425090443.58,-0.011488
87055,22160K10,COST,7882,2025-08-25,941.580000,417569073.66,-0.017694
87055,22160K10,COST,7882,2025-08-26,941.340000,417462639.18,-0.000255
87055,22160K10,COST,7882,2025-08-27,949.520000,421090281.04,0.008690
87055,22160K10,COST,7882,2025-08-28,944.960000,419068025.92,-0.004802
87055,22160K10,COST,7882,2025-08-29,943.320000,418114326.84,-0.001736
87055,22160K10,COST,7882,2025-09-02,938.820000,416119760.34,-0.004770
87055,22160K10,COST,7882,2025-09-03,949.780000,420977637.86,0.011674
87055,22160K10,COST,7882,2025-09-04,955.900000,423690248.30,0.006444
87055,22160K10,COST,7882,2025-09-05,963.480000,427049984.76,0.007930
87055,22160K10,COST,7882,2025-09-08,971.850000,430759878.45,0.008687
87055,22160K10,COST,7882,2025-09-09,979.250000,434039832.25,0.007614
87055,22160K10,COST,7882,2025-09-10,956.290000,423863110.73,-0.023447
87055,22160K10,COST,7882,2025-09-11,964.320000,427422303.84,0.008397
87055,22160K10,COST,7882,2025-09-12,967.900000,429009092.30,0.003712
87055,22160K10,COST,7882,2025-09-15,960.100000,425551843.70,-0.008059
87055,22160K10,COST,7882,2025-09-16,952.070000,421992650.59,-0.008364
87055,22160K10,COST,7882,2025-09-17,963.030000,426850528.11,0.011512
87055,22160K10,COST,7882,2025-09-18,952.360000,422121189.32,-0.011080
87055,22160K10,COST,7882,2025-09-19,951.160000,421589304.92,-0.001260
87055,22160K10,COST,7882,2025-09-22,943.260000,418087732.62,-0.008306
87055,22160K10,COST,7882,2025-09-23,943.600000,418238433.20,0.000360
87055,22160K10,COST,7882,2025-09-24,945.270000,418978638.99,0.001770
87055,22160K10,COST,7882,2025-09-25,943.310000,418109894.47,-0.002073
87055,22160K10,COST,7882,2025-09-26,915.950000,405982930.15,-0.029004
87055,22160K10,COST,7882,2025-09-29,916.870000,406390708.19,0.001004
87055,22160K10,COST,7882,2025-09-30,925.630000,410219777.77,0.009554
87055,22160K10,COST,7882,2025-10-01,917.340000,406545823.86,-0.008956
87055,22160K10,COST,7882,2025-10-02,916.770000,406293211.83,-0.000621
87055,22160K10,COST,7882,2025-10-03,915.380000,405677193.02,-0.001516
87055,22160K10,COST,7882,2025-10-06,910.940000,403709478.26,-0.004850
87055,22160K10,COST,7882,2025-10-07,914.800000,405420149.20,0.004237
87055,22160K10,COST,7882,2025-10-08,914.800000,405420149.20,0.000000
87055,22160K10,COST,7882,2025-10-09,942.890000,417869047.31,0.030706
87055,22160K10,COST,7882,2025-10-10,930.010000,412160901.79,-0.013660
87055,22160K10,COST,7882,2025-10-13,935.560000,414620545.24,0.005968
87055,22160K10,COST,7882,2025-10-14,946.510000,419473355.29,0.011704
87055,22160K10,COST,7882,2025-10-15,954.990000,423231513.21,0.008959
87055,22160K10,COST,7882,2025-10-16,925.620000,410215345.98,-0.030754
87055,22160K10,COST,7882,2025-10-17,936.330000,414961793.07,0.011571
87055,22160K10,COST,7882,2025-10-20,936.110000,414864293.69,-0.000235
87055,22160K10,COST,7882,2025-10-21,937.500000,415480312.50,0.001485
87055,22160K10,COST,7882,2025-10-22,944.680000,418662337.72,0.007659
87055,22160K10,COST,7882,2025-10-23,942.050000,417496776.95,-0.002784
87055,22160K10,COST,7882,2025-10-24,932.140000,413104873.06,-0.010520
87055,22160K10,COST,7882,2025-10-27,929.850000,412089993.15,-0.002457
87055,22160K10,COST,7882,2025-10-28,924.160000,409568304.64,-0.006119
87055,22160K10,COST,7882,2025-10-29,912.420000,404365383.18,-0.012703
87055,22160K10,COST,7882,2025-10-30,920.180000,407804452.22,0.008505
87055,22160K10,COST,7882,2025-10-31,911.450000,403935499.55,-0.008075
87055,22160K10,COST,7882,2025-11-03,928.040000,411287839.16,0.018202
87055,22160K10,COST,7882,2025-11-04,940.740000,416916212.46,0.013685
87055,22160K10,COST,7882,2025-11-05,935.030000,414385660.37,-0.006070
87055,22160K10,COST,7882,2025-11-06,923.580000,409311260.82,-0.012246
87055,22160K10,COST,7882,2025-11-07,922.740000,409657804.92,-0.000910
87055,22160K10,COST,7882,2025-11-10,915.560000,406470186.48,-0.007781
87055,22160K10,COST,7882,2025-11-11,913.860000,405715457.88,-0.001857
87055,22160K10,COST,7882,2025-11-12,914.000000,405777612.00,0.000153
87055,22160K10,COST,7882,2025-11-13,925.080000,410696666.64,0.012123
87055,22160K10,COST,7882,2025-11-14,922.980000,409764354.84,-0.002270
87055,22160K10,COST,7882,2025-11-17,912.590000,405151631.22,-0.011257
87055,22160K10,COST,7882,2025-11-18,895.080000,397377926.64,-0.019187
87055,22160K10,COST,7882,2025-11-19,890.600000,395388994.80,-0.005005
87055,22160K10,COST,7882,2025-11-20,893.290000,396583241.82,0.003020
87055,22160K10,COST,7882,2025-11-21,899.010000,399087620.19,0.006403
87055,22160K10,COST,7882,2025-11-24,886.120000,393365504.28,-0.014338
87055,22160K10,COST,7882,2025-11-25,894.330000,397010079.27,0.009265
87055,22160K10,COST,7882,2025-11-26,908.260000,403193870.94,0.015576
87055,22160K10,COST,7882,2025-11-28,913.590000,405559959.21,0.005868
87055,22160K10,COST,7882,2025-12-01,911.960000,404836371.24,-0.001784
87055,22160K10,COST,7882,2025-12-02,922.030000,409306635.57,0.011042
87055,22160K10,COST,7882,2025-12-03,922.260000,409408736.94,0.000249
87055,22160K10,COST,7882,2025-12-04,895.855000,397687055.75,-0.028631
87055,22160K10,COST,7882,2025-12-05,894.680000,397165450.92,-0.001312
87055,22160K10,COST,7882,2025-12-08,887.520000,393986990.88,-0.008003
87055,22160K10,COST,7882,2025-12-09,888.440000,394395396.36,0.001037
87055,22160K10,COST,7882,2025-12-10,874.410000,388167212.79,-0.015792
87055,22160K10,COST,7882,2025-12-11,884.480000,392637477.12,0.011516
87055,22160K10,COST,7882,2025-12-12,884.470000,392633037.93,-0.000011
87055,22160K10,COST,7882,2025-12-15,860.560000,382018934.64,-0.027033
87055,22160K10,COST,7882,2025-12-16,860.390000,381943468.41,-0.000198
87055,22160K10,COST,7882,2025-12-17,862.650000,382946725.35,0.002627
87055,22160K10,COST,7882,2025-12-18,857.590000,380700495.21,-0.005866
87055,22160K10,COST,7882,2025-12-19,855.620000,379825974.78,-0.002297
87055,22160K10,COST,7882,2025-12-22,850.000000,377331150.00,-0.006568
87055,22160K10,COST,7882,2025-12-23,854.790000,379457522.01,0.005635
87055,22160K10,COST,7882,2025-12-24,871.860000,387035219.34,0.019970
87055,22160K10,COST,7882,2025-12-26,873.350000,387696658.65,0.001709
87055,22160K10,COST,7882,2025-12-29,867.840000,385250664.96,-0.006309
87055,22160K10,COST,7882,2025-12-30,865.650000,384278482.35,-0.002524
87055,22160K10,COST,7882,2025-12-31,862.340000,382809110.46,-0.003824
